timestamp,wind_kt
2025-09-01T16:29:39.510901-04:00,9
2025-09-01T16:36:40.139562-04:00,10
2025-09-01T16:44:56.069773-04:00,10
2025-09-01T16:53:08.719807-04:00,11
2025-09-01T17:26:29.727686-04:00,9
2025-09-01T17:37:34.961543-04:00,11
2025-09-01T17:45:11.912066-04:00,11
2025-09-01T17:53:14.418752-04:00,12
2025-09-01T18:33:12.603588-04:00,10
2025-09-01T18:43:50.763170-04:00,15
2025-09-01T18:51:47.177633-04:00,8
2025-09-01T18:59:22.744858-04:00,8
2025-09-01T19:29:14.593382-04:00,6
2025-09-01T19:41:28.526473-04:00,5
2025-09-01T19:49:38.104764-04:00,5
2025-09-01T19:57:35.019923-04:00,5
2025-09-01T23:16:46.445378-04:00,3
2025-09-01T23:55:53.607293-04:00,3
2025-09-02T00:41:42.336413-04:00,1
2025-09-02T01:38:00.440792-04:00,4
2025-09-02T01:47:55.300626-04:00,4
2025-09-02T01:56:00.782076-04:00,5
2025-09-02T02:52:54.010665-04:00,4
2025-09-02T03:00:41.465168-04:00,4
2025-09-02T03:32:07.727225-04:00,6
2025-09-02T03:44:23.787427-04:00,7
2025-09-02T03:52:14.865684-04:00,4
2025-09-02T04:00:03.310467-04:00,4
2025-09-02T04:49:08.414675-04:00,7
2025-09-02T04:57:59.988387-04:00,7
2025-09-02T05:36:09.777954-04:00,3
2025-09-02T05:47:05.054700-04:00,3
2025-09-02T05:54:45.275577-04:00,3
2025-09-02T06:40:11.411667-04:00,5
2025-09-02T06:50:48.648372-04:00,6
2025-09-02T06:58:38.302556-04:00,6
2025-09-02T07:27:21.026558-04:00,4
2025-09-02T07:41:03.965738-04:00,4
2025-09-02T07:49:11.549533-04:00,4
2025-09-02T07:56:46.892929-04:00,3
2025-09-02T09:37:05.894766-04:00,4
2025-09-02T09:52:41.318092-04:00,3
2025-09-02T10:00:09.556723-04:00,3
2025-09-02T10:42:26.407364-04:00,3
2025-09-02T10:53:19.780072-04:00,3
2025-09-02T11:38:03.100384-04:00,4
2025-09-02T11:48:38.240168-04:00,4
2025-09-02T11:56:22.950808-04:00,9
2025-09-02T12:47:05.277930-04:00,7
2025-09-02T12:54:49.898178-04:00,3
2025-09-02T13:30:12.232961-04:00,3
2025-09-02T13:42:33.470368-04:00,3
2025-09-02T13:50:11.865628-04:00,3
2025-09-02T13:58:23.804307-04:00,5
2025-09-02T14:45:40.525536-04:00,10
2025-09-02T14:53:46.679613-04:00,8
2025-09-02T15:21:47.365625-04:00,14
2025-09-02T15:29:41.253195-04:00,14
2025-09-02T15:39:53.807045-04:00,14
2025-09-02T15:47:50.682775-04:00,14
2025-09-02T15:55:35.952941-04:00,14
2025-09-02T16:29:00.067368-04:00,14
2025-09-02T16:42:06.312848-04:00,14
2025-09-02T16:49:51.572243-04:00,14
2025-09-02T16:58:00.671278-04:00,14
2025-09-02T17:26:41.383277-04:00,14
2025-09-02T17:37:39.556031-04:00,14
2025-09-02T17:45:16.627705-04:00,14
2025-09-02T17:53:10.011801-04:00,8
2025-09-02T18:30:28.233733-04:00,7
2025-09-02T18:42:02.796892-04:00,9
2025-09-02T18:50:07.528775-04:00,9
2025-09-02T18:57:36.966303-04:00,7
2025-09-02T19:26:04.663300-04:00,8
2025-09-02T19:38:15.064847-04:00,8
2025-09-02T19:45:55.599368-04:00,8
2025-09-02T19:53:30.562398-04:00,6
2025-09-02T23:01:10.473159-04:00,3
2025-09-02T23:43:41.598462-04:00,5
2025-09-02T23:51:54.762603-04:00,6
2025-09-02T23:59:29.987376-04:00,6
2025-09-03T00:39:19.248821-04:00,7
2025-09-03T00:49:31.017556-04:00,7
2025-09-03T00:57:05.009950-04:00,8
2025-09-03T01:32:32.537631-04:00,10
2025-09-03T01:43:08.611886-04:00,9
2025-09-03T01:51:00.117929-04:00,9
2025-09-03T01:58:46.036607-04:00,9
2025-09-03T02:47:27.153713-04:00,8
2025-09-03T02:55:10.194163-04:00,6
2025-09-03T03:28:30.717382-04:00,7
2025-09-03T03:41:25.453826-04:00,7
2025-09-03T03:49:23.429606-04:00,7
2025-09-03T03:56:54.311230-04:00,4
2025-09-03T04:43:08.328698-04:00,6
2025-09-03T04:55:33.911133-04:00,6
2025-09-03T05:31:55.443839-04:00,8
2025-09-03T05:44:04.219111-04:00,9
2025-09-03T05:52:14.345511-04:00,4
2025-09-03T06:00:19.717409-04:00,4
2025-09-03T06:38:27.917653-04:00,7
2025-09-03T06:46:11.067662-04:00,7
2025-09-03T06:54:29.723773-04:00,6
2025-09-03T07:24:45.799703-04:00,3
2025-09-03T07:38:38.838517-04:00,4
2025-09-03T07:46:27.239825-04:00,4
2025-09-03T07:54:28.558712-04:00,3
2025-09-03T09:18:06.706333-04:00,4
2025-09-03T09:44:46.108940-04:00,3
2025-09-03T09:52:30.817115-04:00,11
2025-09-03T10:00:17.915538-04:00,11
2025-09-03T10:39:18.991850-04:00,4
2025-09-03T10:49:18.033227-04:00,4
2025-09-03T10:57:17.633142-04:00,3
2025-09-03T11:34:32.589793-04:00,5
2025-09-03T11:45:38.731538-04:00,3
2025-09-03T11:54:09.319650-04:00,4
2025-09-03T12:42:33.658442-04:00,3
2025-09-03T12:53:43.016898-04:00,3
2025-09-03T13:30:38.116618-04:00,1
2025-09-03T13:41:49.359829-04:00,1
2025-09-03T13:49:49.878721-04:00,1
2025-09-03T13:57:34.109148-04:00,6
2025-09-03T14:42:28.216434-04:00,3
2025-09-03T14:51:15.499755-04:00,2
2025-09-03T14:58:43.670088-04:00,2
2025-09-03T15:24:50.237609-04:00,4
2025-09-03T15:37:21.640897-04:00,5
2025-09-03T15:45:22.755724-04:00,5
2025-09-03T15:52:56.019801-04:00,2
2025-09-03T16:32:26.953383-04:00,6
2025-09-03T16:43:52.264607-04:00,6
2025-09-03T16:52:08.074942-04:00,7
2025-09-03T16:59:51.949044-04:00,7
2025-09-03T17:28:08.564704-04:00,8
2025-09-03T17:38:27.858167-04:00,7
2025-09-03T17:46:16.404128-04:00,7
2025-09-03T17:53:58.419572-04:00,7
2025-09-03T18:31:55.318586-04:00,7
2025-09-03T18:42:10.678468-04:00,7
2025-09-03T18:50:10.497717-04:00,7
2025-09-03T18:57:43.004677-04:00,8
2025-09-03T19:26:51.158578-04:00,7
2025-09-03T19:37:52.135487-04:00,7
2025-09-03T19:45:23.962745-04:00,7
2025-09-03T19:53:29.065517-04:00,5
2025-09-03T23:01:43.257742-04:00,3
2025-09-03T23:45:58.076861-04:00,1
2025-09-03T23:53:49.560706-04:00,1
2025-09-04T00:38:00.288973-04:00,3
2025-09-04T00:47:17.246687-04:00,3
2025-09-04T00:55:14.367019-04:00,2
2025-09-04T01:32:38.165425-04:00,3
2025-09-04T01:43:15.291852-04:00,5
2025-09-04T01:51:19.275957-04:00,6
2025-09-04T01:59:26.993571-04:00,6
2025-09-04T02:49:23.527304-04:00,4
2025-09-04T02:57:02.216026-04:00,3
2025-09-04T03:28:38.423309-04:00,1
2025-09-04T03:40:58.675552-04:00,12
2025-09-04T03:49:07.210444-04:00,12
2025-09-04T03:56:45.680045-04:00,3
2025-09-04T04:43:14.248150-04:00,2
2025-09-04T04:55:30.597542-04:00,1
2025-09-04T05:31:58.147220-04:00,2
2025-09-04T05:43:39.481794-04:00,2
2025-09-04T05:51:46.745955-04:00,2
2025-09-04T05:59:45.160722-04:00,2
2025-09-04T06:38:07.971867-04:00,3
2025-09-04T06:46:21.635640-04:00,3
2025-09-04T06:53:55.617326-04:00,3
2025-09-04T07:25:47.673027-04:00,2
2025-09-04T07:37:33.138708-04:00,2
2025-09-04T07:45:27.295057-04:00,2
2025-09-04T07:53:36.184180-04:00,3
2025-09-04T09:16:00.848246-04:00,3
2025-09-04T09:43:44.027799-04:00,6
2025-09-04T09:52:09.219927-04:00,2
2025-09-04T09:59:51.173821-04:00,2
2025-09-04T10:39:29.771850-04:00,3
2025-09-04T10:48:52.962593-04:00,3
2025-09-04T10:56:48.795331-04:00,1
2025-09-04T11:34:26.451705-04:00,2
2025-09-04T11:46:46.330593-04:00,2
2025-09-04T11:55:05.986020-04:00,3
2025-09-04T12:43:44.395201-04:00,3
2025-09-04T12:55:38.567592-04:00,3
2025-09-04T13:30:12.091751-04:00,5
2025-09-04T13:42:13.044310-04:00,8
2025-09-04T13:50:26.339383-04:00,5
2025-09-04T13:58:26.427915-04:00,5
2025-09-04T14:47:31.915570-04:00,7
2025-09-04T14:55:23.914342-04:00,7
2025-09-04T15:22:08.966075-04:00,8
2025-09-04T15:30:10.419901-04:00,8
2025-09-04T15:40:13.562825-04:00,7
2025-09-04T15:48:19.969618-04:00,7
2025-09-04T15:55:46.016595-04:00,7
2025-09-04T16:32:37.783827-04:00,10
2025-09-04T16:43:22.593874-04:00,10
2025-09-04T16:51:37.985485-04:00,9
2025-09-04T16:59:26.924203-04:00,9
2025-09-04T17:27:56.139473-04:00,5
2025-09-04T17:39:36.348618-04:00,11
2025-09-04T17:47:22.362712-04:00,11
2025-09-04T17:55:16.980631-04:00,10
2025-09-04T18:32:10.733795-04:00,5
2025-09-04T18:42:41.913668-04:00,8
2025-09-04T18:50:30.043009-04:00,9
2025-09-04T18:58:07.764292-04:00,9
2025-09-04T19:27:20.992619-04:00,7
2025-09-04T19:47:35.634899-04:00,4
2025-09-04T19:55:47.956918-04:00,6
2025-09-04T23:06:38.612350-04:00,4
2025-09-04T23:48:24.008911-04:00,1
2025-09-04T23:55:58.569940-04:00,1
2025-09-05T00:38:56.298610-04:00,3
2025-09-05T00:49:15.214187-04:00,3
2025-09-05T00:57:06.496613-04:00,2
2025-09-05T01:33:04.617643-04:00,2
2025-09-05T01:43:55.035949-04:00,1
2025-09-05T01:52:07.171064-04:00,1
2025-09-05T01:59:45.844494-04:00,1
2025-09-05T02:49:38.175291-04:00,2
2025-09-05T02:57:24.529339-04:00,2
2025-09-05T03:29:16.358015-04:00,3
2025-09-05T03:40:30.789360-04:00,3
2025-09-05T03:48:20.584423-04:00,3
2025-09-05T03:56:08.532534-04:00,2
2025-09-05T04:43:07.990720-04:00,3
2025-09-05T04:55:24.052732-04:00,2
2025-09-05T05:32:17.828878-04:00,3
2025-09-05T05:43:50.794775-04:00,4
2025-09-05T05:51:34.706853-04:00,1
2025-09-05T05:59:28.381217-04:00,1
2025-09-05T06:39:32.109454-04:00,2
2025-09-05T06:47:59.046260-04:00,2
2025-09-05T06:55:47.691497-04:00,4
2025-09-05T07:24:40.438268-04:00,2
2025-09-05T07:38:40.856443-04:00,2
2025-09-05T07:46:38.327430-04:00,2
2025-09-05T07:54:43.565214-04:00,2
2025-09-05T09:16:50.522747-04:00,4
2025-09-05T09:43:58.525920-04:00,2
2025-09-05T09:51:46.050893-04:00,1
2025-09-05T09:59:33.909795-04:00,1
2025-09-05T10:37:00.619849-04:00,2
2025-09-05T10:47:07.493395-04:00,2
2025-09-05T10:54:50.758019-04:00,2
2025-09-05T11:32:17.068585-04:00,2
2025-09-05T11:40:47.569548-04:00,5
2025-09-05T11:49:07.522941-04:00,5
2025-09-05T11:57:13.578141-04:00,3
2025-09-05T12:39:42.003592-04:00,1
2025-09-05T12:50:50.158715-04:00,4
2025-09-05T12:58:58.828868-04:00,4
2025-09-05T13:31:40.000601-04:00,5
2025-09-05T13:42:35.799574-04:00,5
2025-09-05T13:50:38.293724-04:00,5
2025-09-05T13:58:28.029500-04:00,5
2025-09-05T14:44:43.203788-04:00,6
2025-09-05T14:52:25.991297-04:00,8
2025-09-05T15:00:19.873177-04:00,8
2025-09-05T15:24:45.639295-04:00,8
2025-09-05T15:37:11.123317-04:00,8
2025-09-05T15:44:45.149983-04:00,8
2025-09-05T15:52:38.691557-04:00,7
2025-09-05T16:00:25.862260-04:00,7
2025-09-05T16:34:58.070380-04:00,9
2025-09-05T16:45:11.172377-04:00,6
2025-09-05T16:53:16.977598-04:00,9
2025-09-05T17:26:15.827856-04:00,10
2025-09-05T17:39:12.261193-04:00,8
2025-09-05T17:46:52.268140-04:00,8
2025-09-05T17:54:28.217526-04:00,12
2025-09-05T18:32:33.004032-04:00,10
2025-09-05T18:41:39.895740-04:00,10
2025-09-05T18:49:44.928954-04:00,10
2025-09-05T18:57:35.232538-04:00,8
2025-09-05T19:27:06.357727-04:00,5
2025-09-05T19:40:52.325748-04:00,7
2025-09-05T19:48:52.025671-04:00,7
2025-09-05T19:56:43.533341-04:00,7
2025-09-05T23:02:06.480466-04:00,3
2025-09-05T23:42:15.155582-04:00,6
2025-09-05T23:50:17.639144-04:00,4
2025-09-05T23:57:59.825559-04:00,4
2025-09-06T00:37:18.275057-04:00,2
2025-09-06T00:45:18.713085-04:00,2
2025-09-06T00:52:56.668601-04:00,4
2025-09-06T01:30:12.102457-04:00,3
2025-09-06T01:41:35.617144-04:00,4
2025-09-06T01:49:43.322580-04:00,4
2025-09-06T01:57:18.922882-04:00,5
2025-09-06T02:42:14.517945-04:00,7
2025-09-06T02:50:38.202417-04:00,7
2025-09-06T02:58:18.134416-04:00,7
2025-09-06T03:25:12.916489-04:00,7
2025-09-06T03:37:43.153494-04:00,8
2025-09-06T03:45:17.233015-04:00,8
2025-09-06T03:53:16.491173-04:00,10
2025-09-06T04:33:32.253414-04:00,9
2025-09-06T04:45:38.886932-04:00,8
2025-09-06T04:53:41.208164-04:00,9
2025-09-06T05:26:23.793891-04:00,6
2025-09-06T05:36:59.565615-04:00,9
2025-09-06T05:44:45.035129-04:00,9
2025-09-06T05:52:17.926517-04:00,7
2025-09-06T05:59:46.592960-04:00,7
2025-09-06T06:32:40.802026-04:00,5
2025-09-06T06:41:18.794586-04:00,6
2025-09-06T06:49:06.466775-04:00,6
2025-09-06T06:57:01.684762-04:00,6
2025-09-06T07:21:36.406955-04:00,2
2025-09-06T07:29:05.078524-04:00,2
2025-09-06T07:39:33.727351-04:00,3
2025-09-06T07:47:25.896564-04:00,3
2025-09-06T07:55:14.496581-04:00,4
2025-09-06T09:00:20.401731-04:00,2
2025-09-06T09:30:19.754810-04:00,4
2025-09-06T09:38:30.492797-04:00,4
2025-09-06T09:46:35.568600-04:00,4
2025-09-06T09:54:15.418041-04:00,3
2025-09-06T10:28:16.859695-04:00,4
2025-09-06T10:39:22.855468-04:00,6
2025-09-06T10:47:30.343108-04:00,6
2025-09-06T10:55:24.409156-04:00,7
2025-09-06T11:26:22.162542-04:00,4
2025-09-06T11:37:25.115771-04:00,4
2025-09-06T11:44:43.883054-04:00,4
2025-09-06T11:52:23.242498-04:00,5
2025-09-06T12:00:07.376162-04:00,5
2025-09-06T12:37:52.252710-04:00,5
2025-09-06T12:45:59.033984-04:00,5
2025-09-06T12:53:37.337390-04:00,3
2025-09-06T13:25:13.134007-04:00,4
2025-09-06T13:35:32.657328-04:00,4
2025-09-06T13:43:38.899597-04:00,4
2025-09-06T13:51:46.424762-04:00,4
2025-09-06T13:59:20.500409-04:00,4
2025-09-06T14:48:35.544975-04:00,4
2025-09-06T14:56:27.839544-04:00,4
2025-09-06T15:19:39.818881-04:00,3
2025-09-06T15:27:20.073296-04:00,4
2025-09-06T15:37:28.818271-04:00,6
2025-09-06T15:45:15.492430-04:00,6
2025-09-06T15:52:54.716237-04:00,4
2025-09-06T16:28:47.296676-04:00,4
2025-09-06T16:40:17.497108-04:00,6
2025-09-06T16:48:21.443891-04:00,6
2025-09-06T16:55:48.662897-04:00,3
2025-09-06T17:24:07.696413-04:00,6
2025-09-06T17:35:44.614962-04:00,2
2025-09-06T17:43:24.809890-04:00,2
2025-09-06T17:51:04.357586-04:00,4
2025-09-06T17:59:02.167918-04:00,4
2025-09-06T18:30:54.880808-04:00,3
2025-09-06T18:41:07.900513-04:00,3
2025-09-06T18:49:12.757530-04:00,3
2025-09-06T18:56:50.757495-04:00,3
2025-09-06T19:25:31.412334-04:00,3
2025-09-06T19:37:42.580761-04:00,4
2025-09-06T19:45:38.882068-04:00,4
2025-09-06T19:53:42.207808-04:00,4
2025-09-06T23:11:03.040068-04:00,3
2025-09-06T23:49:16.641024-04:00,5
2025-09-06T23:56:59.071098-04:00,4
2025-09-07T01:36:47.039789-03:00,4
2025-09-07T01:45:57.192155-03:00,4
2025-09-07T01:53:52.730442-03:00,3
2025-09-07T02:30:16.222650-03:00,5
2025-09-07T02:41:50.420697-03:00,6
2025-09-07T02:49:49.486028-03:00,6
2025-09-07T02:57:59.121311-03:00,5
2025-09-07T03:43:11.112735-03:00,6
2025-09-07T03:51:11.272818-03:00,6
2025-09-07T03:59:12.608002-03:00,6
2025-09-07T04:26:11.889423-03:00,5
2025-09-07T04:36:36.206030-03:00,6
2025-09-07T04:44:10.163848-03:00,6
2025-09-07T04:52:00.040355-03:00,5
2025-09-07T04:59:56.104581-03:00,5
2025-09-07T05:36:08.474789-03:00,7
2025-09-07T05:45:25.703215-03:00,7
2025-09-07T05:53:32.752960-03:00,5
2025-09-07T06:26:35.779100-03:00,7
2025-09-07T06:37:30.131837-03:00,7
2025-09-07T06:45:14.962943-03:00,7
2025-09-07T06:52:55.342194-03:00,6
2025-09-07T07:32:11.992307-03:00,5
2025-09-07T07:41:38.726252-03:00,6
2025-09-07T07:49:11.472950-03:00,6
2025-09-07T07:57:08.616076-03:00,6
2025-09-07T08:21:59.219885-03:00,5
2025-09-07T08:29:39.061681-03:00,5
2025-09-07T08:39:52.120248-03:00,5
2025-09-07T08:48:08.863081-03:00,5
2025-09-07T08:56:06.057574-03:00,5
2025-09-07T10:01:40.509672-03:00,7
2025-09-07T10:31:23.213823-03:00,6
2025-09-07T10:39:45.351503-03:00,7
2025-09-07T10:47:37.116099-03:00,7
2025-09-07T10:55:24.452920-03:00,6
2025-09-07T11:28:59.473014-03:00,7
2025-09-07T11:40:25.145058-03:00,7
2025-09-07T11:48:38.859425-03:00,7
2025-09-07T11:56:17.370507-03:00,6
2025-09-07T12:27:14.439887-03:00,8
2025-09-07T12:37:41.512676-03:00,7
2025-09-07T12:45:38.737199-03:00,7
2025-09-07T12:53:22.839727-03:00,6
2025-09-07T13:34:55.888030-03:00,5
2025-09-07T13:45:18.663382-03:00,7
2025-09-07T13:53:18.293188-03:00,4
2025-09-07T14:26:13.807468-03:00,5
2025-09-07T14:36:46.339972-03:00,6
2025-09-07T14:44:34.238891-03:00,6
2025-09-07T14:52:23.271536-03:00,7
2025-09-07T15:00:09.122435-03:00,7
2025-09-07T15:40:53.299538-03:00,9
2025-09-07T15:48:53.969315-03:00,9
2025-09-07T15:56:35.749669-03:00,11
2025-09-07T16:20:07.549584-03:00,6
2025-09-07T16:27:33.772916-03:00,5
2025-09-07T16:38:34.391177-03:00,8
2025-09-07T16:46:23.190946-03:00,8
2025-09-07T16:54:02.833107-03:00,4
2025-09-07T17:29:30.385744-03:00,8
2025-09-07T17:40:58.136015-03:00,5
2025-09-07T17:49:13.680621-03:00,5
2025-09-07T17:56:51.212596-03:00,5
2025-09-07T18:25:08.846642-03:00,4
2025-09-07T18:36:09.796108-03:00,6
2025-09-07T18:43:49.493589-03:00,6
2025-09-07T18:51:30.835917-03:00,4
2025-09-07T18:59:29.297346-03:00,4
2025-09-07T19:31:45.081350-03:00,4
2025-09-07T19:41:57.078563-03:00,4
2025-09-07T19:49:33.891727-03:00,4
2025-09-07T19:57:32.232839-03:00,4
2025-09-07T20:25:59.819614-03:00,3
2025-09-07T20:38:26.735077-03:00,4
2025-09-07T20:46:18.645077-03:00,4
2025-09-07T20:54:11.762852-03:00,3
2025-09-08T00:15:48.597302-03:00,4
2025-09-08T00:55:16.226327-03:00,3
2025-09-08T01:39:51.112439-03:00,4
2025-09-08T01:51:13.213027-03:00,5
2025-09-08T01:58:59.980795-03:00,5
2025-09-08T02:35:48.908165-03:00,3
2025-09-08T02:44:43.190033-03:00,3
2025-09-08T02:52:48.939288-03:00,3
2025-09-08T03:51:38.889631-03:00,4
2025-09-08T03:59:05.966060-03:00,4
2025-09-08T04:31:14.499067-03:00,4
2025-09-08T04:42:31.710188-03:00,3
2025-09-08T04:50:41.914181-03:00,3
2025-09-08T04:58:07.663218-03:00,3
2025-09-08T05:49:56.484529-03:00,2
2025-09-08T05:58:46.107102-03:00,2
2025-09-08T06:38:44.103301-03:00,3
2025-09-08T06:49:40.707998-03:00,3
2025-09-08T06:57:14.232675-03:00,5
2025-09-08T07:40:47.907055-03:00,6
2025-09-08T07:51:11.164670-03:00,4
2025-09-08T07:59:09.662397-03:00,4
2025-09-08T08:26:57.041233-03:00,2
2025-09-08T08:41:00.953407-03:00,6
2025-09-08T08:49:22.746430-03:00,6
2025-09-08T08:57:08.602056-03:00,3
2025-09-08T10:37:13.059924-03:00,1
2025-09-08T10:51:38.472854-03:00,2
2025-09-08T10:59:23.914519-03:00,2
2025-09-08T11:42:05.578341-03:00,6
2025-09-08T11:52:49.370363-03:00,4
2025-09-08T12:00:26.234777-03:00,4
2025-09-08T12:37:40.596365-03:00,8
2025-09-08T12:46:57.046268-03:00,8
2025-09-08T12:55:15.452371-03:00,4
2025-09-08T13:43:27.417149-03:00,7
2025-09-08T13:55:52.516568-03:00,4
2025-09-08T14:32:12.516764-03:00,4
2025-09-08T14:43:58.389123-03:00,3
2025-09-08T14:52:07.010858-03:00,6
2025-09-08T14:59:37.308781-03:00,6
2025-09-08T15:48:04.683345-03:00,4
2025-09-08T15:56:22.111242-03:00,6
2025-09-08T16:24:12.549332-03:00,6
2025-09-08T16:37:22.654792-03:00,6
2025-09-08T16:45:06.307934-03:00,6
2025-09-08T16:52:52.943539-03:00,3
2025-09-08T17:33:03.870364-03:00,7
2025-09-08T17:45:56.597011-03:00,6
2025-09-08T17:53:36.683081-03:00,6
2025-09-08T18:27:51.746382-03:00,9
2025-09-08T18:41:01.771070-03:00,8
2025-09-08T18:49:00.708073-03:00,8
2025-09-08T18:56:47.659165-03:00,10
2025-09-08T19:32:55.779478-03:00,10
2025-09-08T19:43:32.646314-03:00,8
2025-09-08T19:51:23.022092-03:00,8
2025-09-08T19:59:00.166400-03:00,8
2025-09-08T20:29:27.090725-03:00,10
2025-09-08T20:41:10.653262-03:00,11
2025-09-08T20:49:23.447281-03:00,11
2025-09-08T20:57:05.435741-03:00,8
2025-09-09T00:10:33.158471-03:00,5
2025-09-09T00:50:49.705197-03:00,4
2025-09-09T00:58:53.545808-03:00,4
2025-09-09T01:40:24.278426-03:00,3
2025-09-09T01:50:51.336372-03:00,3
2025-09-09T01:58:38.841715-03:00,3
2025-09-09T02:33:40.772698-03:00,6
2025-09-09T02:43:48.005382-03:00,4
2025-09-09T02:51:36.922276-03:00,3
2025-09-09T02:59:20.206181-03:00,3
2025-09-09T03:51:39.030006-03:00,2
2025-09-09T03:59:00.077010-03:00,2
2025-09-09T04:31:18.010926-03:00,1
2025-09-09T04:42:37.286081-03:00,1
2025-09-09T04:50:19.749256-03:00,11
2025-09-09T04:57:50.137752-03:00,11
2025-09-09T05:48:05.152553-03:00,1
2025-09-09T05:57:26.491640-03:00,1
2025-09-09T06:36:46.824770-03:00,1
2025-09-09T06:46:40.015121-03:00,1
2025-09-09T06:54:17.530007-03:00,11
2025-09-09T07:39:41.943694-03:00,1
2025-09-09T07:50:45.233060-03:00,2
2025-09-09T07:58:24.467650-03:00,2
2025-09-09T08:27:31.486602-03:00,1
2025-09-09T08:41:27.256586-03:00,1
2025-09-09T08:49:34.340457-03:00,1
2025-09-09T08:57:18.809551-03:00,1
2025-09-09T10:40:13.011220-03:00,3
2025-09-09T10:55:11.398674-03:00,5
2025-09-09T11:38:30.358169-03:00,5
2025-09-09T11:50:38.991825-03:00,3
2025-09-09T11:58:45.334085-03:00,3
2025-09-09T12:38:47.978289-03:00,2
2025-09-09T12:50:42.870835-03:00,2
2025-09-09T12:58:11.193952-03:00,2
2025-09-09T13:47:40.736661-03:00,4
2025-09-09T13:56:46.237739-03:00,4
2025-09-09T14:30:40.630012-03:00,4
2025-09-09T14:41:05.800490-03:00,3
2025-09-09T14:49:36.958125-03:00,3
2025-09-09T14:56:59.185977-03:00,4
2025-09-09T15:43:15.876598-03:00,3
2025-09-09T15:51:11.717866-03:00,7
2025-09-09T15:58:53.290921-03:00,7
2025-09-09T16:23:58.714140-03:00,7
2025-09-09T16:36:32.074498-03:00,12
2025-09-09T16:43:57.490648-03:00,12
2025-09-09T16:52:08.642605-03:00,7
2025-09-09T17:00:03.917881-03:00,7
2025-09-09T17:33:19.500146-03:00,11
2025-09-09T17:44:00.177176-03:00,13
2025-09-09T17:52:25.213071-03:00,13
2025-09-09T18:00:27.395688-03:00,13
2025-09-09T18:27:53.846623-03:00,12
2025-09-09T18:38:48.240123-03:00,14
2025-09-09T18:46:49.256756-03:00,14
2025-09-09T18:54:39.469265-03:00,13
2025-09-09T19:31:25.954726-03:00,11
2025-09-09T19:42:00.209064-03:00,9
2025-09-09T19:49:45.499358-03:00,9
2025-09-09T19:57:29.533028-03:00,7
2025-09-09T20:25:38.857076-03:00,11
2025-09-09T20:38:33.677652-03:00,17
2025-09-09T20:46:33.349533-03:00,17
2025-09-09T20:54:18.769780-03:00,7
2025-09-10T00:02:11.051408-03:00,6
2025-09-10T00:44:37.838734-03:00,4
2025-09-10T00:52:43.152060-03:00,5
2025-09-10T01:00:13.790253-03:00,5
2025-09-10T01:37:46.451816-03:00,3
2025-09-10T01:45:48.636281-03:00,3
2025-09-10T01:53:47.596794-03:00,6
2025-09-10T02:32:31.967751-03:00,7
2025-09-10T02:43:25.862416-03:00,5
2025-09-10T02:51:18.146903-03:00,5
2025-09-10T02:58:59.055560-03:00,5
2025-09-10T03:49:24.541945-03:00,6
2025-09-10T03:56:50.891473-03:00,6
2025-09-10T04:29:19.773465-03:00,5
2025-09-10T04:41:53.689985-03:00,4
2025-09-10T04:49:45.520701-03:00,4
2025-09-10T04:57:24.172708-03:00,5
2025-09-10T05:45:14.165121-03:00,3
2025-09-10T05:55:57.358748-03:00,4
2025-09-10T06:32:57.000045-03:00,3
2025-09-10T06:44:21.451682-03:00,3
2025-09-10T06:52:17.863328-03:00,3
2025-09-10T06:59:52.877041-03:00,3
2025-09-10T07:38:36.388694-03:00,6
2025-09-10T07:46:23.097771-03:00,6
2025-09-10T07:53:58.103273-03:00,3
2025-09-10T08:26:22.819151-03:00,4
2025-09-10T08:36:57.521805-03:00,1
2025-09-10T08:44:48.898390-03:00,1
2025-09-10T08:52:57.984690-03:00,1
2025-09-10T10:50:47.784942-03:00,5
2025-09-10T10:51:32.488554-03:00,5
2025-09-10T10:59:12.491132-03:00,5
2025-09-10T11:37:42.428335-03:00,6
2025-09-10T11:46:57.591014-03:00,6
2025-09-10T11:55:14.531225-03:00,2
2025-09-10T12:32:56.310837-03:00,3
2025-09-10T12:44:41.080034-03:00,4
2025-09-10T12:52:48.235186-03:00,4
2025-09-10T13:00:34.801637-03:00,4
2025-09-10T13:45:11.864502-03:00,6
2025-09-10T13:53:41.426953-03:00,2
2025-09-10T14:28:55.551801-03:00,6
2025-09-10T14:41:10.790099-03:00,4
2025-09-10T14:49:41.874924-03:00,4
2025-09-10T14:57:30.020785-03:00,5
2025-09-10T15:48:01.655772-03:00,12
2025-09-10T15:55:33.190125-03:00,8
2025-09-10T16:23:08.236465-03:00,5
2025-09-10T16:31:14.453271-03:00,5
2025-09-10T16:40:21.980773-03:00,8
2025-09-10T16:48:35.880441-03:00,8
2025-09-10T16:56:13.203189-03:00,8
2025-09-10T17:32:41.438551-03:00,12
2025-09-10T17:45:10.988589-03:00,8
2025-09-10T17:53:27.059739-03:00,5
2025-09-10T18:26:14.046411-03:00,8
2025-09-10T18:37:07.214748-03:00,6
2025-09-10T18:44:41.669254-03:00,6
2025-09-10T18:52:46.090927-03:00,6
2025-09-10T19:00:43.550080-03:00,6
2025-09-10T19:33:02.155470-03:00,5
2025-09-10T19:42:33.109631-03:00,4
2025-09-10T19:50:32.787227-03:00,6
2025-09-10T19:58:27.620692-03:00,6
2025-09-10T20:27:20.114801-03:00,6
2025-09-10T20:38:59.152814-03:00,4
2025-09-10T20:47:07.721518-03:00,4
2025-09-10T20:55:10.270284-03:00,3
2025-09-11T00:08:14.109447-03:00,3
2025-09-11T00:50:13.125199-03:00,6
2025-09-11T00:58:19.769883-03:00,6
2025-09-11T01:39:27.145333-03:00,5
2025-09-11T01:49:48.243666-03:00,5
2025-09-11T01:57:29.040696-03:00,2
2025-09-11T02:33:01.923312-03:00,1
2025-09-11T02:43:57.542940-03:00,2
2025-09-11T02:52:13.665042-03:00,3
2025-09-11T02:59:46.011855-03:00,3
2025-09-11T03:49:49.567942-03:00,4
2025-09-11T03:57:25.326008-03:00,1
2025-09-11T04:29:35.809709-03:00,4
2025-09-11T04:40:47.598165-03:00,1
2025-09-11T04:48:33.843891-03:00,1
2025-09-11T04:56:46.425990-03:00,3
2025-09-11T05:43:06.454665-03:00,3
2025-09-11T05:54:47.879751-03:00,3
2025-09-11T06:31:34.533866-03:00,3
2025-09-11T06:42:48.513283-03:00,2
2025-09-11T06:50:20.909054-03:00,3
2025-09-11T06:57:58.049535-03:00,3
2025-09-11T07:37:55.964944-03:00,2
2025-09-11T07:46:22.095820-03:00,2
2025-09-11T07:54:38.320447-03:00,1
2025-09-11T08:24:05.246162-03:00,2
2025-09-11T08:38:09.587628-03:00,1
2025-09-11T08:46:04.446708-03:00,1
2025-09-11T08:53:37.530140-03:00,3
2025-09-11T10:14:54.873553-03:00,3
2025-09-11T10:40:13.901693-03:00,2
2025-09-11T10:48:20.170006-03:00,2
2025-09-11T10:56:28.615482-03:00,2
2025-09-11T11:36:50.867804-03:00,4
2025-09-11T11:46:58.850685-03:00,4
2025-09-11T11:54:54.532347-03:00,4
2025-09-11T12:29:13.140751-03:00,2
2025-09-11T12:41:44.297629-03:00,4
2025-09-11T12:49:51.314426-03:00,4
2025-09-11T12:57:29.019026-03:00,2
2025-09-11T13:38:41.938562-03:00,4
2025-09-11T13:49:52.140107-03:00,4
2025-09-11T13:58:01.029120-03:00,8
2025-09-11T14:29:50.858866-03:00,7
2025-09-11T14:38:14.896340-03:00,9
2025-09-11T14:45:57.529503-03:00,9
2025-09-11T14:53:52.501273-03:00,2
2025-09-11T15:40:35.665101-03:00,8
2025-09-11T15:49:51.602280-03:00,8
2025-09-11T15:58:02.481864-03:00,8
2025-09-11T16:22:12.524556-03:00,10
2025-09-11T16:29:41.044146-03:00,10
2025-09-11T16:40:04.927237-03:00,5
2025-09-11T16:48:54.128209-03:00,5
2025-09-11T16:56:32.888134-03:00,9
2025-09-11T17:29:30.359654-03:00,8
2025-09-11T17:39:24.801394-03:00,7
2025-09-11T17:47:00.405147-03:00,7
2025-09-11T17:54:42.175625-03:00,8
2025-09-11T18:25:17.474679-03:00,13
2025-09-11T18:36:56.489929-03:00,9
2025-09-11T18:44:39.998930-03:00,9
2025-09-11T18:52:45.114841-03:00,10
2025-09-11T19:00:22.681077-03:00,10
2025-09-11T19:32:20.835858-03:00,7
2025-09-11T19:41:39.217389-03:00,7
2025-09-11T19:49:51.919913-03:00,7
2025-09-11T19:57:32.668356-03:00,8
2025-09-11T20:27:11.133115-03:00,4
2025-09-11T20:38:13.295997-03:00,4
2025-09-11T20:45:40.354225-03:00,4
2025-09-11T20:53:34.156195-03:00,2
2025-09-12T00:00:58.786560-03:00,5
2025-09-12T00:42:25.270887-03:00,2
2025-09-12T00:50:27.353049-03:00,2
2025-09-12T00:58:06.683316-03:00,2
2025-09-12T01:37:33.941375-03:00,2
2025-09-12T01:45:16.873157-03:00,2
2025-09-12T01:53:23.534269-03:00,5
2025-09-12T02:32:20.542693-03:00,4
2025-09-12T02:42:41.839722-03:00,3
2025-09-12T02:50:24.715337-03:00,4
2025-09-12T02:58:28.203622-03:00,4
2025-09-12T03:48:29.082980-03:00,9
2025-09-12T03:56:22.775952-03:00,3
2025-09-12T04:28:04.170344-03:00,3
2025-09-12T04:37:58.992695-03:00,2
2025-09-12T04:46:02.779057-03:00,2
2025-09-12T04:54:22.390995-03:00,1
2025-09-12T05:41:32.524291-03:00,2
2025-09-12T05:54:21.219523-03:00,1
2025-09-12T06:31:14.420066-03:00,3
2025-09-12T06:42:13.679311-03:00,3
2025-09-12T06:50:32.534675-03:00,6
2025-09-12T06:58:38.552166-03:00,6
2025-09-12T07:37:33.196743-03:00,2
2025-09-12T07:45:40.049294-03:00,2
2025-09-12T07:53:35.132138-03:00,2
2025-09-12T08:24:34.672413-03:00,2
2025-09-12T08:37:33.468387-03:00,2
2025-09-12T08:45:09.289914-03:00,2
2025-09-12T08:52:45.382936-03:00,2
2025-09-12T09:00:15.914169-03:00,2
2025-09-12T10:15:52.525604-03:00,4
2025-09-12T10:42:15.408835-03:00,4
2025-09-12T10:50:28.125372-03:00,2
2025-09-12T10:58:20.750021-03:00,2
2025-09-12T11:37:35.623177-03:00,1
2025-09-12T11:46:18.337021-03:00,1
2025-09-12T11:54:33.647128-03:00,2
2025-09-12T12:30:22.724994-03:00,2
2025-09-12T12:39:40.783222-03:00,3
2025-09-12T12:48:07.270316-03:00,3
2025-09-12T12:56:17.820327-03:00,2
2025-09-12T13:38:10.979810-03:00,10
2025-09-12T13:48:09.574562-03:00,10
2025-09-12T13:55:55.521459-03:00,8
2025-09-12T14:29:06.278031-03:00,5
2025-09-12T14:40:03.973916-03:00,4
2025-09-12T14:47:55.387304-03:00,4
2025-09-12T14:55:38.104270-03:00,9
2025-09-12T15:39:46.404250-03:00,12
2025-09-12T15:50:19.773032-03:00,9
2025-09-12T15:58:47.171720-03:00,9
2025-09-12T16:23:15.735421-03:00,10
2025-09-12T16:31:07.049878-03:00,10
2025-09-12T16:39:45.890596-03:00,10
2025-09-12T16:47:48.745902-03:00,10
2025-09-12T16:55:32.874874-03:00,14
2025-09-12T17:31:38.215659-03:00,14
2025-09-12T17:42:31.060484-03:00,10
2025-09-12T17:50:47.193788-03:00,8
2025-09-12T17:58:27.489101-03:00,8
2025-09-12T18:26:04.966411-03:00,12
2025-09-12T18:36:40.694231-03:00,15
2025-09-12T18:44:31.000027-03:00,15
2025-09-12T18:52:28.888958-03:00,13
2025-09-12T19:00:28.524422-03:00,13
2025-09-12T19:31:59.007412-03:00,14
2025-09-12T19:41:33.975327-03:00,8
2025-09-12T19:49:33.461888-03:00,8
2025-09-12T19:57:19.570807-03:00,9
2025-09-12T20:25:34.166156-03:00,10
2025-09-12T20:38:45.203882-03:00,10
2025-09-12T20:46:43.464540-03:00,10
2025-09-12T20:54:24.024606-03:00,9
2025-09-12T23:39:17.023581-03:00,7
2025-09-13T00:31:57.345871-03:00,10
2025-09-13T00:42:52.585285-03:00,8
2025-09-13T00:50:40.452509-03:00,6
2025-09-13T00:58:24.779589-03:00,6
2025-09-13T01:35:45.946882-03:00,4
2025-09-13T01:44:45.509536-03:00,4
2025-09-13T01:52:32.175148-03:00,5
2025-09-13T02:00:08.874819-03:00,5
2025-09-13T02:31:27.417265-03:00,6
2025-09-13T02:40:58.048236-03:00,8
2025-09-13T02:48:51.470450-03:00,8
2025-09-13T02:56:21.961555-03:00,6
2025-09-13T03:41:47.796033-03:00,8
2025-09-13T03:50:00.742135-03:00,8
2025-09-13T03:58:17.080583-03:00,9
2025-09-13T04:24:48.305879-03:00,4
2025-09-13T04:36:26.074003-03:00,5
2025-09-13T04:44:28.341172-03:00,5
2025-09-13T04:52:00.717998-03:00,10
2025-09-13T04:59:43.728339-03:00,10
2025-09-13T05:36:55.629630-03:00,6
2025-09-13T05:46:35.727893-03:00,6
2025-09-13T05:54:43.685358-03:00,4
2025-09-13T06:27:04.405368-03:00,6
2025-09-13T06:37:07.849257-03:00,5
2025-09-13T06:44:45.773837-03:00,5
2025-09-13T06:52:48.465129-03:00,5
2025-09-13T07:00:36.583656-03:00,4
2025-09-13T07:32:54.324115-03:00,4
2025-09-13T07:41:12.523006-03:00,4
2025-09-13T07:49:01.156485-03:00,4
2025-09-13T07:56:19.976916-03:00,6
2025-09-13T08:21:02.414812-03:00,5
2025-09-13T08:28:49.856139-03:00,5
2025-09-13T08:39:29.198565-03:00,6
2025-09-13T08:47:38.633178-03:00,6
2025-09-13T08:55:18.446608-03:00,6
2025-09-13T10:00:14.139307-03:00,3
2025-09-13T10:30:34.971725-03:00,4
2025-09-13T10:39:06.502923-03:00,1
2025-09-13T10:47:11.588719-03:00,1
2025-09-13T10:55:11.456562-03:00,4
2025-09-13T11:26:37.349023-03:00,4
2025-09-13T11:35:38.489599-03:00,4
2025-09-13T11:43:40.871219-03:00,4
2025-09-13T11:51:34.633258-03:00,5
2025-09-13T11:59:19.198919-03:00,5
2025-09-13T12:25:46.500767-03:00,6
2025-09-13T12:36:11.746023-03:00,6
2025-09-13T12:44:09.330829-03:00,6
2025-09-13T12:52:12.879218-03:00,11
2025-09-13T13:00:14.491846-03:00,11
2025-09-13T13:34:30.737871-03:00,9
2025-09-13T13:43:19.974213-03:00,9
2025-09-13T13:51:18.986004-03:00,4
2025-09-13T13:59:21.243499-03:00,4
2025-09-13T14:25:34.184972-03:00,7
2025-09-13T14:36:18.231742-03:00,8
2025-09-13T14:44:08.028635-03:00,8
2025-09-13T14:51:48.757354-03:00,7
2025-09-13T14:59:33.982618-03:00,7
2025-09-13T15:38:49.448446-03:00,4
2025-09-13T15:46:31.562987-03:00,4
2025-09-13T15:54:30.287155-03:00,7
2025-09-13T16:18:34.945322-03:00,4
2025-09-13T16:26:09.533349-03:00,1
2025-09-13T16:36:42.820260-03:00,10
2025-09-13T16:44:39.511948-03:00,10
2025-09-13T16:52:44.399490-03:00,10
2025-09-13T17:00:17.562718-03:00,8
2025-09-13T17:29:11.269238-03:00,10
2025-09-13T17:39:28.822012-03:00,10
2025-09-13T17:47:14.452463-03:00,6
2025-09-13T17:55:02.974149-03:00,10
2025-09-13T18:23:25.985427-03:00,10
2025-09-13T18:35:54.526157-03:00,10
2025-09-13T18:43:31.566148-03:00,8
2025-09-13T18:51:17.739506-03:00,8
2025-09-13T18:58:50.662383-03:00,10
2025-09-13T19:29:45.758646-03:00,8
2025-09-13T19:39:36.386533-03:00,8
2025-09-13T19:47:44.774562-03:00,8
2025-09-13T19:55:17.865736-03:00,8
2025-09-13T20:24:27.480991-03:00,7
2025-09-13T20:37:13.185721-03:00,6
2025-09-13T20:45:07.274869-03:00,6
2025-09-13T20:53:04.499557-03:00,6
2025-09-14T00:09:44.487333-03:00,10
2025-09-14T00:49:17.404364-03:00,3
2025-09-14T00:57:18.058993-03:00,3
2025-09-14T01:36:13.417968-03:00,4
2025-09-14T01:45:28.313064-03:00,4
2025-09-14T01:53:21.790076-03:00,1
2025-09-14T02:29:53.447825-03:00,5
2025-09-14T02:41:26.305664-03:00,4
2025-09-14T02:49:06.984487-03:00,4
2025-09-14T02:56:46.658096-03:00,4
2025-09-14T03:43:14.892407-03:00,4
2025-09-14T03:50:54.821159-03:00,2
2025-09-14T03:58:52.837310-03:00,2
2025-09-14T04:25:58.096793-03:00,1
2025-09-14T04:37:18.817017-03:00,2
2025-09-14T04:44:55.688806-03:00,2
2025-09-14T04:52:19.873012-03:00,3
2025-09-14T05:00:28.183776-03:00,3
2025-09-14T05:37:23.281760-03:00,2
2025-09-14T05:46:49.760392-03:00,2
2025-09-14T05:54:44.464707-03:00,5
2025-09-14T06:27:02.854670-03:00,4
2025-09-14T06:38:49.736800-03:00,4
2025-09-14T06:46:48.904148-03:00,4
2025-09-14T06:54:39.513684-03:00,4
2025-09-14T07:29:52.410741-03:00,1
2025-09-14T07:39:43.450352-03:00,4
2025-09-14T07:47:59.309589-03:00,4
2025-09-14T07:56:08.341826-03:00,4
2025-09-14T08:20:22.163876-03:00,3
2025-09-14T08:28:08.680243-03:00,3
2025-09-14T08:38:11.679863-03:00,1
2025-09-14T08:45:41.690829-03:00,1
2025-09-14T08:53:49.646328-03:00,1
2025-09-14T09:59:15.194151-03:00,2
2025-09-14T10:29:40.158724-03:00,2
2025-09-14T10:38:07.983899-03:00,1
2025-09-14T10:46:07.007200-03:00,1
2025-09-14T10:53:51.354022-03:00,3
2025-09-14T11:27:59.605629-03:00,4
2025-09-14T11:37:54.993499-03:00,1
2025-09-14T11:46:06.039982-03:00,1
2025-09-14T11:53:58.884377-03:00,5
2025-09-14T12:25:56.291611-03:00,7
2025-09-14T12:35:55.022701-03:00,3
2025-09-14T12:43:49.766800-03:00,3
2025-09-14T12:51:58.599371-03:00,3
2025-09-14T13:00:01.267355-03:00,3
2025-09-14T13:34:00.906844-03:00,5
2025-09-14T13:43:07.128540-03:00,3
2025-09-14T13:50:47.136639-03:00,7
2025-09-14T13:58:34.817533-03:00,7
2025-09-14T14:25:58.109453-03:00,4
2025-09-14T14:36:31.805511-03:00,8
2025-09-14T14:44:46.082411-03:00,8
2025-09-14T14:52:30.573790-03:00,12
2025-09-14T15:00:15.366266-03:00,12
2025-09-14T15:40:01.374770-03:00,12
2025-09-14T15:47:24.088628-03:00,12
2025-09-14T15:55:39.698803-03:00,10
2025-09-14T16:19:27.068047-03:00,6
2025-09-14T16:27:22.869809-03:00,10
2025-09-14T16:37:38.646336-03:00,10
2025-09-14T16:45:12.890491-03:00,10
2025-09-14T16:53:01.659810-03:00,10
2025-09-14T17:28:25.115615-03:00,9
2025-09-14T17:40:09.950425-03:00,11
2025-09-14T17:48:19.899746-03:00,11
2025-09-14T17:56:13.257170-03:00,9
2025-09-14T18:24:22.515381-03:00,12
2025-09-14T18:35:56.716888-03:00,10
2025-09-14T18:43:28.049924-03:00,10
2025-09-14T18:51:41.650589-03:00,8
2025-09-14T18:59:26.028006-03:00,8
2025-09-14T19:31:03.272293-03:00,9
2025-09-14T19:40:45.604859-03:00,7
2025-09-14T19:48:47.179266-03:00,7
2025-09-14T19:56:46.835005-03:00,8
2025-09-14T20:25:50.000208-03:00,9
2025-09-14T20:38:27.472360-03:00,6
2025-09-14T20:46:45.909428-03:00,6
2025-09-14T20:54:39.166795-03:00,7
2025-09-15T00:17:00.462486-03:00,10
2025-09-15T00:56:04.786657-03:00,3
2025-09-15T01:40:21.584289-03:00,3
2025-09-15T01:51:04.551286-03:00,3
2025-09-15T01:59:08.431706-03:00,3
2025-09-15T02:37:06.676702-03:00,2
2025-09-15T02:46:21.025794-03:00,2
2025-09-15T02:53:56.418907-03:00,4
2025-09-15T03:52:27.853714-03:00,11
2025-09-15T04:00:31.967872-03:00,11
2025-09-15T04:31:59.308651-03:00,11
2025-09-15T04:43:05.284248-03:00,2
2025-09-15T04:51:04.777784-03:00,1
2025-09-15T04:58:37.562485-03:00,1
2025-09-15T05:46:38.400826-03:00,3
2025-09-15T05:56:13.720392-03:00,7
2025-09-15T06:37:34.893696-03:00,6
2025-09-15T06:47:27.846813-03:00,6
2025-09-15T06:54:59.540148-03:00,3
2025-09-15T07:39:37.217355-03:00,2
2025-09-15T07:49:34.753302-03:00,2
2025-09-15T07:57:13.988750-03:00,1
2025-09-15T08:25:25.352389-03:00,2
2025-09-15T08:38:03.945399-03:00,4
2025-09-15T08:45:51.132822-03:00,4
2025-09-15T08:53:56.621198-03:00,2
2025-09-15T10:18:42.577077-03:00,2
2025-09-15T10:44:04.710884-03:00,2
2025-09-15T10:52:14.304712-03:00,4
2025-09-15T11:00:18.000897-03:00,4
2025-09-15T11:32:51.371476-03:00,3
2025-09-15T11:46:28.914208-03:00,2
2025-09-15T11:54:12.963414-03:00,2
2025-09-15T12:33:27.699066-03:00,2
2025-09-15T12:45:04.457452-03:00,2
2025-09-15T12:53:22.060766-03:00,5
2025-09-15T13:43:11.255570-03:00,3
2025-09-15T13:54:07.985454-03:00,3
2025-09-15T14:29:47.812530-03:00,2
2025-09-15T14:42:18.508789-03:00,5
2025-09-15T14:50:19.243692-03:00,5
2025-09-15T14:58:10.849177-03:00,5
2025-09-15T15:48:03.045532-03:00,7
2025-09-15T15:55:53.309773-03:00,11
2025-09-15T16:23:09.740091-03:00,8
2025-09-15T16:30:34.729641-03:00,8
2025-09-15T16:40:38.403481-03:00,11
2025-09-15T16:48:23.905994-03:00,11
2025-09-15T17:32:40.389372-03:00,8
2025-09-15T17:43:35.880016-03:00,8
2025-09-15T17:51:52.448907-03:00,9
2025-09-15T17:59:27.637745-03:00,9
2025-09-15T18:28:19.382306-03:00,9
2025-09-15T18:37:45.880990-03:00,7
2025-09-15T18:45:23.189730-03:00,7
2025-09-15T18:53:11.992801-03:00,8
2025-09-15T19:31:51.615746-03:00,9
2025-09-15T19:41:31.521977-03:00,9
2025-09-15T19:49:32.065672-03:00,9
2025-09-15T19:57:04.755889-03:00,10
2025-09-15T20:25:53.740699-03:00,9
2025-09-15T20:37:27.785284-03:00,6
2025-09-15T20:45:03.305985-03:00,6
2025-09-15T20:52:58.106931-03:00,6
2025-09-16T00:02:50.335933-03:00,4
2025-09-16T00:46:05.164995-03:00,2
2025-09-16T00:54:07.131682-03:00,2
2025-09-16T01:38:02.624758-03:00,2
2025-09-16T01:47:34.683956-03:00,2
2025-09-16T01:55:32.130189-03:00,4
2025-09-16T02:33:28.618822-03:00,2
2025-09-16T02:43:28.111893-03:00,2
2025-09-16T02:50:59.914566-03:00,11
2025-09-16T02:59:03.024399-03:00,11
2025-09-16T03:50:30.585836-03:00,11
2025-09-16T03:58:27.081030-03:00,11
2025-09-16T04:30:39.357515-03:00,1
2025-09-16T04:41:47.892736-03:00,2
2025-09-16T04:49:34.857500-03:00,2
2025-09-16T04:57:18.319805-03:00,2
2025-09-16T05:47:38.404329-03:00,2
2025-09-16T05:57:19.896236-03:00,1
2025-09-16T06:35:56.244632-03:00,3
2025-09-16T06:46:04.100940-03:00,3
2025-09-16T06:54:07.802134-03:00,11
2025-09-16T07:38:50.246354-03:00,2
2025-09-16T07:48:56.440514-03:00,2
2025-09-16T07:56:38.985183-03:00,11
2025-09-16T08:25:37.270280-03:00,1
2025-09-16T08:39:05.095489-03:00,2
2025-09-16T08:47:09.120117-03:00,2
2025-09-16T08:54:50.480612-03:00,2
2025-09-16T10:20:00.554473-03:00,6
2025-09-16T10:47:53.794118-03:00,3
2025-09-16T10:56:03.369693-03:00,5
2025-09-16T11:39:37.312881-03:00,2
2025-09-16T11:50:48.175771-03:00,6
2025-09-16T11:58:47.833206-03:00,6
2025-09-16T12:35:30.381966-03:00,3
2025-09-16T12:46:12.968796-03:00,3
2025-09-16T12:54:23.758334-03:00,1
2025-09-16T13:42:31.931176-03:00,3
2025-09-16T13:53:41.159968-03:00,1
2025-09-16T14:30:44.394339-03:00,4
2025-09-16T14:42:12.767197-03:00,8
2025-09-16T14:50:39.433823-03:00,8
2025-09-16T14:58:35.345869-03:00,8
2025-09-16T15:47:24.378327-03:00,9
2025-09-16T15:55:35.606403-03:00,15
2025-09-16T16:22:40.734810-03:00,13
2025-09-16T16:30:13.178815-03:00,13
2025-09-16T16:40:17.801411-03:00,12
2025-09-16T16:48:06.480367-03:00,12
2025-09-16T16:55:45.019993-03:00,11
2025-09-16T17:33:05.431838-03:00,13
2025-09-16T17:44:17.989770-03:00,13
2025-09-16T17:52:38.342605-03:00,13
2025-09-16T18:00:19.140858-03:00,13
2025-09-16T18:28:20.427361-03:00,15
2025-09-16T18:40:32.459341-03:00,12
2025-09-16T18:48:19.308291-03:00,12
2025-09-16T18:56:05.974851-03:00,15
2025-09-16T19:28:41.510265-03:00,12
2025-09-16T19:37:03.444444-03:00,8
2025-09-16T19:45:04.991088-03:00,8
2025-09-16T19:52:48.986823-03:00,9
2025-09-16T20:00:38.002691-03:00,9
2025-09-16T20:24:35.583753-03:00,9
2025-09-16T20:37:55.415738-03:00,5
2025-09-16T20:45:59.641188-03:00,5
2025-09-16T20:54:08.562082-03:00,7
2025-09-17T00:02:02.093113-03:00,8
2025-09-17T00:44:35.996148-03:00,10
2025-09-17T00:52:39.356636-03:00,9
2025-09-17T01:00:28.575838-03:00,9
2025-09-17T01:38:46.142092-03:00,9
2025-09-17T01:48:00.154097-03:00,9
2025-09-17T01:55:38.196347-03:00,10
2025-09-17T02:33:04.555136-03:00,8
2025-09-17T02:43:44.070409-03:00,7
2025-09-17T02:51:18.255228-03:00,8
2025-09-17T02:59:07.191890-03:00,8
2025-09-17T03:50:33.921411-03:00,6
2025-09-17T03:58:11.608281-03:00,6
2025-09-17T04:28:33.515689-03:00,6
2025-09-17T04:41:31.169901-03:00,5
2025-09-17T04:49:08.850850-03:00,5
2025-09-17T04:56:56.330829-03:00,6
2025-09-17T05:45:12.061150-03:00,8
2025-09-17T05:56:17.097457-03:00,8
2025-09-17T06:33:06.983957-03:00,6
2025-09-17T06:45:20.605250-03:00,8
2025-09-17T06:53:25.797503-03:00,5
2025-09-17T07:37:44.485175-03:00,2
2025-09-17T07:46:43.773848-03:00,2
2025-09-17T07:54:24.965501-03:00,6
2025-09-17T08:25:04.194473-03:00,4
2025-09-17T08:38:06.329314-03:00,3
2025-09-17T08:46:07.098150-03:00,3
2025-09-17T08:53:55.800015-03:00,3
2025-09-17T10:18:15.697307-03:00,2
2025-09-17T10:44:43.628922-03:00,1
2025-09-17T10:52:56.674270-03:00,1
2025-09-17T11:36:51.901575-03:00,5
2025-09-17T11:47:26.856366-03:00,5
2025-09-17T11:55:01.699414-03:00,7
2025-09-17T12:33:23.976469-03:00,3
2025-09-17T12:44:37.857667-03:00,3
2025-09-17T12:52:42.530041-03:00,2
2025-09-17T13:01:14.474296-03:00,2
2025-09-17T13:44:56.462835-03:00,2
2025-09-17T13:54:39.730252-03:00,2
2025-09-17T14:30:27.759176-03:00,3
2025-09-17T14:41:32.825524-03:00,4
2025-09-17T14:49:38.516288-03:00,4
2025-09-17T14:57:32.906144-03:00,5
2025-09-17T15:47:23.783835-03:00,2
2025-09-17T15:55:13.988431-03:00,4
2025-09-17T16:22:36.446779-03:00,6
2025-09-17T16:30:42.090220-03:00,6
2025-09-17T16:40:37.587948-03:00,4
2025-09-17T16:48:31.561059-03:00,4
2025-09-17T16:56:00.735878-03:00,7
2025-09-17T17:32:50.579609-03:00,5
2025-09-17T17:44:16.857259-03:00,6
2025-09-17T17:52:01.270203-03:00,8
2025-09-17T17:59:55.256758-03:00,8
2025-09-17T18:25:15.328312-03:00,6
2025-09-17T18:38:31.922581-03:00,9
2025-09-17T18:46:34.573920-03:00,9
2025-09-17T18:54:19.146333-03:00,5
2025-09-17T19:27:38.887255-03:00,8
2025-09-17T19:39:14.335684-03:00,8
2025-09-17T19:47:30.252505-03:00,8
2025-09-17T19:55:04.823291-03:00,8
2025-09-17T20:26:16.835205-03:00,8
2025-09-17T20:37:14.749776-03:00,6
2025-09-17T20:45:01.356417-03:00,6
2025-09-17T20:53:13.353854-03:00,5
2025-09-18T00:04:36.090711-03:00,3
2025-09-18T00:48:35.099294-03:00,2
2025-09-18T00:56:24.838017-03:00,2
2025-09-18T01:38:34.754764-03:00,5
2025-09-18T01:47:39.781445-03:00,5
2025-09-18T01:55:18.031640-03:00,5
2025-09-18T02:33:09.997252-03:00,4
2025-09-18T02:42:51.739433-03:00,4
2025-09-18T02:50:55.624815-03:00,4
2025-09-18T02:58:48.638077-03:00,4
2025-09-18T03:49:28.492236-03:00,4
2025-09-18T03:56:59.317152-03:00,5
2025-09-18T04:28:37.486492-03:00,6
2025-09-18T04:41:03.744813-03:00,7
2025-09-18T04:49:12.749065-03:00,7
2025-09-18T04:57:22.539704-03:00,4
2025-09-18T05:44:39.229657-03:00,3
2025-09-18T05:55:35.997346-03:00,1
2025-09-18T06:32:32.850294-03:00,3
2025-09-18T06:44:50.174802-03:00,3
2025-09-18T06:53:03.486588-03:00,2
2025-09-18T07:37:36.211722-03:00,3
2025-09-18T07:47:40.553418-03:00,3
2025-09-18T07:55:49.605720-03:00,4
2025-09-18T08:24:43.736493-03:00,3
2025-09-18T08:38:07.029062-03:00,2
2025-09-18T08:45:55.880171-03:00,2
2025-09-18T08:54:20.923377-03:00,1
2025-09-18T10:18:14.456939-03:00,6
2025-09-18T10:44:28.978973-03:00,8
2025-09-18T10:53:02.810217-03:00,7
2025-09-18T11:37:16.107171-03:00,7
2025-09-18T11:46:15.699865-03:00,7
2025-09-18T11:54:00.678877-03:00,2
2025-09-18T12:33:12.930850-03:00,2
2025-09-18T12:44:39.708545-03:00,4
2025-09-18T12:52:47.253544-03:00,3
2025-09-18T13:00:21.898741-03:00,3
2025-09-18T13:43:24.219196-03:00,6
2025-09-18T13:53:14.780729-03:00,7
2025-09-18T14:31:04.991691-03:00,7
2025-09-18T14:43:15.299908-03:00,9
2025-09-18T14:51:19.053685-03:00,8
2025-09-18T14:58:54.815727-03:00,8
2025-09-18T15:49:24.825640-03:00,9
2025-09-18T15:57:17.395880-03:00,10
2025-09-18T16:22:30.428732-03:00,7
2025-09-18T16:30:04.436066-03:00,7
2025-09-18T16:40:23.477649-03:00,3
2025-09-18T16:47:46.531502-03:00,3
2025-09-18T16:55:28.031173-03:00,7
2025-09-18T17:33:52.278855-03:00,7
2025-09-18T17:45:10.476822-03:00,6
2025-09-18T17:52:39.835688-03:00,10
2025-09-18T18:00:21.966243-03:00,10
2025-09-18T18:29:51.555255-03:00,10
2025-09-18T18:41:00.806040-03:00,8
2025-09-18T18:48:50.308822-03:00,8
2025-09-18T18:56:39.562893-03:00,8
2025-09-18T19:30:56.587632-03:00,9
2025-09-18T19:41:46.779558-03:00,10
2025-09-18T19:49:17.383736-03:00,10
2025-09-18T19:56:58.536447-03:00,10
2025-09-18T20:27:15.417223-03:00,6
2025-09-18T20:40:52.154522-03:00,6
2025-09-18T20:49:06.330641-03:00,6
2025-09-18T20:56:39.959754-03:00,6
2025-09-19T00:09:29.639659-03:00,4
2025-09-19T00:49:54.174429-03:00,2
2025-09-19T00:57:30.556101-03:00,2
2025-09-19T01:39:24.204849-03:00,3
2025-09-19T01:50:22.181063-03:00,8
2025-09-19T01:58:25.601108-03:00,8
2025-09-19T02:33:19.062642-03:00,5
2025-09-19T02:43:09.530616-03:00,6
2025-09-19T02:51:27.167771-03:00,4
2025-09-19T02:59:03.769353-03:00,4
2025-09-19T03:49:51.727677-03:00,5
2025-09-19T03:57:28.494047-03:00,4
2025-09-19T04:29:06.237548-03:00,14
2025-09-19T04:40:19.806970-03:00,4
2025-09-19T04:48:10.437921-03:00,4
2025-09-19T04:56:19.579871-03:00,14
2025-09-19T05:43:08.253968-03:00,3
2025-09-19T05:55:18.710131-03:00,2
2025-09-19T06:32:40.282967-03:00,4
2025-09-19T06:43:56.896961-03:00,3
2025-09-19T06:52:19.888254-03:00,2
2025-09-19T07:00:14.337518-03:00,2
2025-09-19T07:39:36.039480-03:00,3
2025-09-19T07:48:01.638527-03:00,3
2025-09-19T07:56:06.116806-03:00,6
2025-09-19T08:26:22.128116-03:00,2
2025-09-19T08:39:14.439644-03:00,2
2025-09-19T08:47:12.443376-03:00,2
2025-09-19T08:55:01.145338-03:00,1
2025-09-19T10:17:28.263349-03:00,2
2025-09-19T10:44:57.817823-03:00,1
2025-09-19T10:53:13.321067-03:00,3
2025-09-19T11:37:06.012704-03:00,2
2025-09-19T11:47:18.616535-03:00,2
2025-09-19T11:54:59.108974-03:00,3
2025-09-19T12:32:00.350983-03:00,4
2025-09-19T12:44:31.036143-03:00,3
2025-09-19T12:52:25.872912-03:00,2
2025-09-19T12:59:57.080906-03:00,2
2025-09-19T13:42:58.362035-03:00,5
2025-09-19T13:52:06.515990-03:00,4
2025-09-19T13:59:47.274255-03:00,4
2025-09-19T14:18:46.106811-03:00,6
2025-09-19T14:31:40.222939-03:00,12
2025-09-19T14:41:24.148399-03:00,7
2025-09-19T14:49:24.288851-03:00,7
2025-09-19T14:56:56.738715-03:00,8
2025-09-19T15:23:04.538708-03:00,8
2025-09-19T15:43:09.584662-03:00,7
2025-09-19T15:52:44.462029-03:00,10
2025-09-19T16:00:25.376028-03:00,10
2025-09-19T16:18:38.546244-03:00,12
2025-09-19T16:27:00.450645-03:00,11
2025-09-19T16:36:46.456103-03:00,12
2025-09-19T16:44:28.991098-03:00,12
2025-09-19T16:52:15.486187-03:00,11
2025-09-19T16:59:44.199295-03:00,11
2025-09-19T17:24:23.050838-03:00,12
2025-09-19T17:36:21.844645-03:00,12
2025-09-19T17:44:18.996630-03:00,12
2025-09-19T17:51:58.724531-03:00,10
2025-09-19T17:59:31.568771-03:00,10
2025-09-19T18:19:07.224956-03:00,11
2025-09-19T18:28:49.065517-03:00,10
2025-09-19T18:37:36.419753-03:00,13
2025-09-19T18:45:05.575557-03:00,13
2025-09-19T18:53:09.044410-03:00,8
2025-09-19T19:08:00.319428-03:00,10
2025-09-19T19:28:11.513098-03:00,10
2025-09-19T19:38:36.615886-03:00,11
2025-09-19T19:46:44.516761-03:00,11
2025-09-19T19:54:55.274221-03:00,10
2025-09-19T20:11:15.349246-03:00,10
2025-09-19T20:25:21.089260-03:00,8
2025-09-19T20:34:35.594935-03:00,8
2025-09-19T20:42:51.207202-03:00,8
2025-09-19T20:50:25.962091-03:00,10
2025-09-19T20:57:59.250665-03:00,10
2025-09-19T22:21:25.364391-03:00,10
2025-09-19T23:33:55.369533-03:00,8
2025-09-20T00:08:31.346259-03:00,12
2025-09-20T00:35:51.915696-03:00,13
2025-09-20T00:47:38.733756-03:00,13
2025-09-20T00:55:09.373477-03:00,14
2025-09-20T01:15:35.947253-03:00,10
2025-09-20T01:34:52.209630-03:00,9
2025-09-20T01:45:25.738756-03:00,7
2025-09-20T01:53:30.359903-03:00,5
2025-09-20T02:08:59.829909-03:00,6
2025-09-20T02:28:54.657013-03:00,6
2025-09-20T02:39:55.445858-03:00,5
2025-09-20T02:47:57.834078-03:00,5
2025-09-20T02:55:48.963771-03:00,3
2025-09-20T03:19:19.873189-03:00,4
2025-09-20T03:41:29.094477-03:00,3
2025-09-20T03:51:04.079329-03:00,4
2025-09-20T03:58:54.075210-03:00,4
2025-09-20T04:17:59.429704-03:00,2
2025-09-20T04:28:18.689547-03:00,6
2025-09-20T04:37:34.848995-03:00,4
2025-09-20T04:45:45.323145-03:00,4
2025-09-20T04:53:47.862429-03:00,5
2025-09-20T05:12:13.224442-03:00,5
2025-09-20T05:33:43.040109-03:00,6
2025-09-20T05:46:05.662208-03:00,4
2025-09-20T05:53:55.357814-03:00,6
2025-09-20T06:09:43.676363-03:00,5
2025-09-20T06:26:37.648261-03:00,4
2025-09-20T06:36:01.143952-03:00,1
2025-09-20T06:43:42.741605-03:00,1
2025-09-20T06:51:36.429578-03:00,1
2025-09-20T06:59:25.637450-03:00,1
2025-09-20T07:20:54.188038-03:00,2
2025-09-20T07:34:58.235588-03:00,2
2025-09-20T07:43:05.121155-03:00,8
2025-09-20T07:51:10.437273-03:00,5
2025-09-20T07:58:49.834874-03:00,5
2025-09-20T08:15:43.600733-03:00,8
2025-09-20T08:25:19.880952-03:00,4
2025-09-20T08:35:05.669283-03:00,4
2025-09-20T08:43:00.885929-03:00,4
2025-09-20T08:50:58.910059-03:00,2
2025-09-20T08:58:35.891027-03:00,2
2025-09-20T09:37:59.169349-03:00,3
2025-09-20T10:02:06.086630-03:00,6
2025-09-20T10:27:16.686955-03:00,5
2025-09-20T10:37:46.619588-03:00,8
2025-09-20T10:45:37.646824-03:00,8
2025-09-20T10:53:50.688176-03:00,11
2025-09-20T11:08:17.823868-03:00,10
2025-09-20T11:26:34.696051-03:00,11
2025-09-20T11:37:00.598664-03:00,11
2025-09-20T11:44:49.186801-03:00,11
2025-09-20T11:52:52.206752-03:00,9
2025-09-20T12:01:24.036643-03:00,9
2025-09-20T12:22:53.688275-03:00,9
2025-09-20T12:31:06.803613-03:00,9
2025-09-20T12:40:07.562803-03:00,9
2025-09-20T12:48:16.127387-03:00,9
2025-09-20T12:55:48.379035-03:00,7
2025-09-20T13:15:19.330303-03:00,11
2025-09-20T13:33:19.024141-03:00,7
2025-09-20T13:43:28.914671-03:00,10
2025-09-20T13:51:37.038497-03:00,9
2025-09-20T13:59:10.959848-03:00,9
2025-09-20T14:15:28.044538-03:00,4
2025-09-20T14:27:16.878198-03:00,5
2025-09-20T14:36:13.521055-03:00,8
2025-09-20T14:44:18.815030-03:00,8
2025-09-20T14:52:20.438569-03:00,8
2025-09-20T15:00:34.262541-03:00,8
2025-09-20T15:30:24.026477-03:00,9
2025-09-20T15:43:21.029420-03:00,7
2025-09-20T15:51:03.335256-03:00,8
2025-09-20T15:58:40.630502-03:00,8
2025-09-20T16:13:32.389884-03:00,8
2025-09-20T16:22:20.694445-03:00,10
2025-09-20T16:29:59.266674-03:00,10
2025-09-20T16:38:13.245874-03:00,10
2025-09-20T16:45:47.460692-03:00,10
2025-09-20T16:53:57.327237-03:00,9
2025-09-20T17:10:11.925421-03:00,10
2025-09-20T17:27:02.733036-03:00,7
2025-09-20T17:36:10.833147-03:00,8
2025-09-20T17:44:20.757692-03:00,8
2025-09-20T17:52:27.865361-03:00,8
2025-09-20T18:00:02.164957-03:00,8
2025-09-20T18:18:13.222903-03:00,6
2025-09-20T18:27:09.263246-03:00,9
2025-09-20T18:36:20.692334-03:00,7
2025-09-20T18:44:11.466066-03:00,7
2025-09-20T18:52:16.658473-03:00,7
2025-09-20T19:00:04.648378-03:00,7
2025-09-20T19:19:53.437562-03:00,7
2025-09-20T19:31:50.201787-03:00,4
2025-09-20T19:40:26.116438-03:00,6
2025-09-20T19:48:30.152417-03:00,6
2025-09-20T19:56:43.769233-03:00,6
2025-09-20T20:13:40.321339-03:00,5
2025-09-20T20:26:18.201041-03:00,6
2025-09-20T20:35:41.998204-03:00,7
2025-09-20T20:43:33.356364-03:00,7
2025-09-20T20:51:04.059386-03:00,7
2025-09-20T20:58:40.291894-03:00,7
2025-09-20T22:45:11.077147-03:00,8
2025-09-21T00:00:13.016825-03:00,7
2025-09-21T00:39:26.935806-03:00,6
2025-09-21T00:54:24.285350-03:00,5
2025-09-21T01:13:13.647032-03:00,4
2025-09-21T01:33:28.505515-03:00,5
2025-09-21T01:44:55.127259-03:00,4
2025-09-21T01:52:25.736022-03:00,3
2025-09-21T02:00:06.913999-03:00,3
2025-09-21T02:21:39.572866-03:00,1
2025-09-21T02:34:49.781886-03:00,1
2025-09-21T02:43:02.668877-03:00,3
2025-09-21T02:50:55.924341-03:00,3
2025-09-21T02:58:50.773023-03:00,3
2025-09-21T03:29:59.161962-03:00,3
2025-09-21T03:46:34.742174-03:00,4
2025-09-21T03:54:37.121353-03:00,2
2025-09-21T04:09:44.799178-03:00,1
2025-09-21T04:24:03.583628-03:00,4
2025-09-21T04:32:27.551066-03:00,4
2025-09-21T04:39:55.836575-03:00,8
2025-09-21T04:47:50.777611-03:00,8
2025-09-21T04:55:50.717432-03:00,7
2025-09-21T05:15:22.558126-03:00,9
2025-09-21T05:33:00.721819-03:00,10
2025-09-21T05:43:27.284899-03:00,6
2025-09-21T05:51:34.070208-03:00,3
2025-09-21T05:59:26.235075-03:00,3
2025-09-21T06:19:55.509970-03:00,7
2025-09-21T06:29:50.907250-03:00,9
2025-09-21T06:38:47.115296-03:00,9
2025-09-21T06:46:41.601478-03:00,9
2025-09-21T06:54:11.334307-03:00,8
2025-09-21T07:10:06.245769-03:00,9
2025-09-21T07:29:47.529659-03:00,11
2025-09-21T07:39:51.549408-03:00,8
2025-09-21T07:47:48.141605-03:00,8
2025-09-21T07:55:30.068364-03:00,6
2025-09-21T08:09:42.924771-03:00,6
2025-09-21T08:21:54.544044-03:00,6
2025-09-21T08:29:51.583039-03:00,6
2025-09-21T08:39:12.835744-03:00,3
2025-09-21T08:47:01.457332-03:00,3
2025-09-21T08:55:15.812161-03:00,5
2025-09-21T09:22:57.381651-03:00,4
2025-09-21T09:54:47.391489-03:00,5
2025-09-21T10:17:06.119999-03:00,6
2025-09-21T10:32:08.406246-03:00,5
2025-09-21T10:40:38.511649-03:00,6
2025-09-21T10:48:46.992110-03:00,6
2025-09-21T10:56:58.526191-03:00,2
2025-09-21T11:13:26.448742-03:00,2
2025-09-21T11:29:18.074776-03:00,4
2025-09-21T11:38:59.836956-03:00,3
2025-09-21T11:46:44.471168-03:00,3
2025-09-21T11:54:23.028290-03:00,2
2025-09-21T12:09:44.904665-03:00,1
2025-09-21T12:26:22.084764-03:00,1
2025-09-21T12:35:41.199108-03:00,5
2025-09-21T12:43:36.986812-03:00,5
2025-09-21T12:51:49.373685-03:00,4
2025-09-21T12:59:41.047653-03:00,4
2025-09-21T13:25:11.041974-03:00,6
2025-09-21T13:39:44.689561-03:00,3
2025-09-21T13:47:27.482713-03:00,3
2025-09-21T13:55:36.633713-03:00,7
2025-09-21T14:11:00.793975-03:00,4
2025-09-21T14:26:36.411435-03:00,6
2025-09-21T14:36:33.682241-03:00,9
2025-09-21T14:44:16.033424-03:00,9
2025-09-21T14:52:24.042626-03:00,15
2025-09-21T15:00:22.671948-03:00,15
2025-09-21T15:31:50.742589-03:00,11
2025-09-21T15:45:57.702348-03:00,11
2025-09-21T15:54:11.045949-03:00,15
2025-09-21T16:07:40.700509-03:00,14
2025-09-21T16:20:29.940321-03:00,13
2025-09-21T16:28:19.582513-03:00,13
2025-09-21T16:37:41.015335-03:00,10
2025-09-21T16:45:56.998917-03:00,10
2025-09-21T16:54:04.339675-03:00,12
2025-09-21T17:10:58.243585-03:00,10
2025-09-21T17:29:10.087745-03:00,10
2025-09-21T17:39:39.793721-03:00,9
2025-09-21T17:47:17.750722-03:00,9
2025-09-21T17:55:33.074734-03:00,12
2025-09-21T18:11:22.655296-03:00,16
2025-09-21T18:25:23.995273-03:00,13
2025-09-21T18:34:45.853639-03:00,13
2025-09-21T18:42:30.202109-03:00,14
2025-09-21T18:50:39.124321-03:00,11
2025-09-21T18:58:25.027323-03:00,11
2025-09-21T19:17:36.550294-03:00,11
2025-09-21T19:32:15.147436-03:00,12
2025-09-21T19:41:59.949960-03:00,10
2025-09-21T19:50:11.419726-03:00,10
2025-09-21T19:57:56.493341-03:00,7
2025-09-21T20:16:22.163688-03:00,8
2025-09-21T20:28:22.589671-03:00,7
2025-09-21T20:37:22.973361-03:00,5
2025-09-21T20:45:07.618246-03:00,5
2025-09-21T20:52:45.394178-03:00,6
2025-09-21T21:00:13.597038-03:00,6
2025-09-21T23:00:40.850921-03:00,5
2025-09-22T00:11:34.051578-03:00,9
2025-09-22T00:45:40.375876-03:00,4
2025-09-22T00:57:19.544781-03:00,4
2025-09-22T01:20:52.658308-03:00,2
2025-09-22T01:39:03.245623-03:00,2
2025-09-22T01:48:21.302291-03:00,2
2025-09-22T01:56:55.314773-03:00,5
2025-09-22T02:15:01.274089-03:00,6
2025-09-22T02:32:44.226537-03:00,4
2025-09-22T02:43:41.736752-03:00,4
2025-09-22T02:51:46.256363-03:00,6
2025-09-22T02:59:30.689910-03:00,6
2025-09-22T03:35:21.262732-03:00,4
2025-09-22T03:53:40.843349-03:00,2
2025-09-22T04:11:11.799858-03:00,1
2025-09-22T04:29:40.524355-03:00,4
2025-09-22T04:40:36.886766-03:00,4
2025-09-22T04:48:44.068918-03:00,4
2025-09-22T04:56:28.462421-03:00,1
2025-09-22T05:22:12.849374-03:00,2
2025-09-22T05:43:40.989910-03:00,3
2025-09-22T05:55:45.888370-03:00,3
2025-09-22T06:17:49.222514-03:00,1
2025-09-22T06:36:58.918086-03:00,11
2025-09-22T06:47:38.623433-03:00,11
2025-09-22T06:55:47.034570-03:00,11
2025-09-22T07:16:17.525052-03:00,3
2025-09-22T07:38:41.848916-03:00,11
2025-09-22T07:49:36.769009-03:00,11
2025-09-22T07:57:54.416700-03:00,3
2025-09-22T08:16:16.390579-03:00,1
2025-09-22T08:28:42.756058-03:00,1
2025-09-22T08:38:26.565605-03:00,3
2025-09-22T08:46:47.967053-03:00,3
2025-09-22T08:54:51.215763-03:00,4
2025-09-22T09:24:47.403104-03:00,4
2025-09-22T10:03:43.627304-03:00,3
2025-09-22T10:34:50.734624-03:00,3
2025-09-22T10:47:40.647857-03:00,7
2025-09-22T10:55:57.248590-03:00,2
2025-09-22T11:15:49.151407-03:00,4
2025-09-22T11:36:12.058633-03:00,6
2025-09-22T11:48:16.899251-03:00,6
2025-09-22T11:56:15.772240-03:00,3
2025-09-22T12:17:01.607937-03:00,4
2025-09-22T12:33:31.348962-03:00,5
2025-09-22T12:44:26.167330-03:00,2
2025-09-22T12:52:45.487508-03:00,4
2025-09-22T13:00:28.069413-03:00,4
2025-09-22T13:31:49.803035-03:00,2
2025-09-22T13:45:37.836897-03:00,1
2025-09-22T13:54:00.671192-03:00,5
2025-09-22T14:09:41.108520-03:00,3
2025-09-22T14:27:03.075038-03:00,3
2025-09-22T14:38:03.911715-03:00,6
2025-09-22T14:46:14.424757-03:00,6
2025-09-22T14:54:07.497133-03:00,6
2025-09-22T15:15:33.828226-03:00,4
2025-09-22T15:41:09.110459-03:00,6
2025-09-22T15:52:07.674016-03:00,8
2025-09-22T15:59:34.795771-03:00,8
2025-09-22T16:18:01.361296-03:00,7
2025-09-22T16:27:45.132460-03:00,7
2025-09-22T16:37:42.440306-03:00,11
2025-09-22T16:45:32.213163-03:00,11
2025-09-22T16:53:54.133472-03:00,9
2025-09-22T17:11:26.436477-03:00,9
2025-09-22T17:30:50.205854-03:00,8
2025-09-22T17:42:20.741141-03:00,9
2025-09-22T17:50:37.027906-03:00,10
2025-09-22T17:58:42.896094-03:00,10
2025-09-22T18:17:27.345165-03:00,7
2025-09-22T18:28:35.210476-03:00,10
2025-09-22T18:36:44.163900-03:00,8
2025-09-22T18:44:13.388358-03:00,8
2025-09-22T18:52:27.295303-03:00,8
2025-09-22T19:00:22.401877-03:00,8
2025-09-22T19:22:09.343309-03:00,7
2025-09-22T19:34:31.647248-03:00,7
2025-09-22T19:42:46.218790-03:00,8
2025-09-22T19:50:15.106042-03:00,5
2025-09-22T19:57:47.868546-03:00,5
2025-09-22T20:16:32.389186-03:00,6
2025-09-22T20:28:36.469704-03:00,4
2025-09-22T20:37:47.212326-03:00,4
2025-09-22T20:45:20.732587-03:00,4
2025-09-22T20:53:38.222663-03:00,4
2025-09-22T21:43:08.236123-03:00,4
2025-09-22T23:11:06.775325-03:00,2
2025-09-23T00:05:01.549409-03:00,2
2025-09-23T00:36:09.214953-03:00,4
2025-09-23T00:50:00.181973-03:00,4
2025-09-23T00:57:39.346546-03:00,3
2025-09-23T01:21:13.632198-03:00,11
2025-09-23T01:38:11.692008-03:00,2
2025-09-23T01:47:31.970606-03:00,2
2025-09-23T01:55:32.625863-03:00,1
2025-09-23T02:13:52.087794-03:00,1
2025-09-23T02:32:16.896388-03:00,11
2025-09-23T02:43:38.001818-03:00,1
2025-09-23T02:51:55.568482-03:00,1
2025-09-23T02:59:34.197103-03:00,1
2025-09-23T03:34:14.200351-03:00,1
2025-09-23T03:52:01.783229-03:00,1
2025-09-23T04:00:18.835134-03:00,1
2025-09-23T04:24:01.767372-03:00,3
2025-09-23T04:35:31.245003-03:00,1
2025-09-23T04:43:47.755254-03:00,1
2025-09-23T04:51:53.437208-03:00,2
2025-09-23T04:59:58.338063-03:00,2
2025-09-23T05:31:20.090805-03:00,1
2025-09-23T05:48:13.585987-03:00,1
2025-09-23T05:56:40.499415-03:00,1
2025-09-23T06:17:22.698032-03:00,11
2025-09-23T06:33:33.556738-03:00,1
2025-09-23T06:43:51.412366-03:00,2
2025-09-23T06:52:07.805895-03:00,2
2025-09-23T06:59:48.156140-03:00,2
2025-09-23T07:24:36.087374-03:00,3
2025-09-23T07:40:35.205680-03:00,4
2025-09-23T07:49:46.009695-03:00,4
2025-09-23T07:57:36.820191-03:00,4
2025-09-23T08:15:03.481546-03:00,3
2025-09-23T08:27:14.026807-03:00,3
2025-09-23T08:36:55.606243-03:00,4
2025-09-23T08:45:14.012797-03:00,4
2025-09-23T08:53:27.449130-03:00,2
2025-09-23T09:17:45.487220-03:00,4
2025-09-23T09:58:41.657938-03:00,3
2025-09-23T10:29:52.718467-03:00,3
2025-09-23T10:46:22.578981-03:00,3
2025-09-23T10:54:30.969135-03:00,2
2025-09-23T11:12:06.171350-03:00,3
2025-09-23T11:33:50.092937-03:00,4
2025-09-23T11:46:51.753865-03:00,4
2025-09-23T11:54:48.615661-03:00,5
2025-09-23T12:12:49.317508-03:00,3
2025-09-23T12:31:38.164179-03:00,1
2025-09-23T12:43:40.296667-03:00,2
2025-09-23T12:51:50.946831-03:00,5
2025-09-23T12:59:29.729275-03:00,5
2025-09-23T13:28:49.372573-03:00,3
2025-09-23T13:46:20.390820-03:00,3
2025-09-23T13:54:18.674287-03:00,7
2025-09-23T14:08:26.081039-03:00,7
2025-09-23T14:27:20.879616-03:00,4
2025-09-23T14:35:45.251331-03:00,5
2025-09-23T14:43:47.078908-03:00,5
2025-09-23T14:51:26.976519-03:00,4
2025-09-23T14:58:59.344510-03:00,4
2025-09-23T15:31:32.636255-03:00,6
2025-09-23T15:49:47.586849-03:00,11
2025-09-23T15:58:00.457595-03:00,7
2025-09-23T16:15:28.922504-03:00,12
2025-09-23T16:26:51.511373-03:00,13
2025-09-23T16:36:30.367642-03:00,14
2025-09-23T16:44:39.255386-03:00,14
2025-09-23T16:52:34.083818-03:00,14
2025-09-23T17:00:42.460775-03:00,14
2025-09-23T17:27:40.426222-03:00,13
2025-09-23T17:39:44.031809-03:00,12
2025-09-23T17:47:57.341966-03:00,12
2025-09-23T17:55:30.268117-03:00,16
2025-09-23T18:11:41.108691-03:00,10
2025-09-23T18:26:55.244099-03:00,13
2025-09-23T18:36:09.144194-03:00,7
2025-09-23T18:43:45.577895-03:00,7
2025-09-23T18:51:51.016669-03:00,10
2025-09-23T18:59:24.541420-03:00,10
2025-09-23T19:19:43.777378-03:00,7
2025-09-23T19:33:41.855345-03:00,9
2025-09-23T19:42:36.212437-03:00,6
2025-09-23T19:50:09.493052-03:00,6
2025-09-23T19:57:43.847334-03:00,4
2025-09-23T20:15:50.523298-03:00,5
2025-09-23T20:27:57.474681-03:00,7
2025-09-23T20:36:58.051921-03:00,6
2025-09-23T20:45:10.369989-03:00,6
2025-09-23T20:53:00.678564-03:00,8
2025-09-23T21:39:24.639630-03:00,6
2025-09-23T23:11:49.916296-03:00,1
2025-09-24T00:06:18.380674-03:00,3
2025-09-24T00:37:57.382372-03:00,3
2025-09-24T00:51:36.333791-03:00,3
2025-09-24T00:59:12.682849-03:00,3
2025-09-24T01:25:38.686118-03:00,2
2025-09-24T01:40:52.902044-03:00,3
2025-09-24T01:50:10.156591-03:00,3
2025-09-24T01:58:16.025913-03:00,4
2025-09-24T02:18:36.580113-03:00,2
2025-09-24T02:33:22.096068-03:00,2
2025-09-24T02:43:13.289567-03:00,3
2025-09-24T02:50:48.273324-03:00,1
2025-09-24T02:58:18.696041-03:00,1
2025-09-24T03:29:46.223296-03:00,4
2025-09-24T03:49:58.443800-03:00,4
2025-09-24T03:58:04.102630-03:00,5
2025-09-24T04:19:20.981745-03:00,1
2025-09-24T04:32:18.202994-03:00,11
2025-09-24T04:42:22.492098-03:00,1
2025-09-24T04:50:06.515784-03:00,1
2025-09-24T04:57:44.926363-03:00,3
2025-09-24T05:25:38.036638-03:00,2
2025-09-24T05:45:02.575986-03:00,1
2025-09-24T05:55:52.923436-03:00,1
2025-09-24T06:15:55.086471-03:00,1
2025-09-24T06:32:54.109894-03:00,2
2025-09-24T06:44:57.736861-03:00,1
2025-09-24T06:52:38.114387-03:00,3
2025-09-24T07:00:12.957096-03:00,3
2025-09-24T07:25:39.298832-03:00,2
2025-09-24T07:41:02.397053-03:00,2
2025-09-24T07:49:23.759343-03:00,2
2025-09-24T07:57:24.807427-03:00,1
2025-09-24T08:14:38.135212-03:00,4
2025-09-24T08:26:56.874969-03:00,4
2025-09-24T08:36:39.894887-03:00,3
2025-09-24T08:44:09.502277-03:00,3
2025-09-24T08:52:16.937712-03:00,4
2025-09-24T09:00:36.656951-03:00,4
2025-09-24T09:52:23.318621-03:00,2
2025-09-24T10:19:47.200072-03:00,1
2025-09-24T10:41:23.786141-03:00,2
2025-09-24T10:51:13.492018-03:00,2
2025-09-24T10:59:24.373111-03:00,2
2025-09-24T11:20:02.495549-03:00,4
2025-09-24T11:36:30.462201-03:00,1
2025-09-24T11:45:35.962048-03:00,1
2025-09-24T11:53:51.032760-03:00,4
2025-09-24T12:10:08.122618-03:00,2
2025-09-24T12:30:36.274019-03:00,3
2025-09-24T12:43:38.337559-03:00,2
2025-09-24T12:51:14.222854-03:00,6
2025-09-24T12:58:44.455633-03:00,6
2025-09-24T13:27:28.705977-03:00,7
2025-09-24T13:46:37.332381-03:00,11
2025-09-24T13:56:26.643399-03:00,11
2025-09-24T14:13:56.457588-03:00,9
2025-09-24T14:31:11.897610-03:00,8
2025-09-24T14:42:39.372586-03:00,10
2025-09-24T14:50:38.412710-03:00,11
2025-09-24T14:58:06.632738-03:00,11
2025-09-24T15:26:13.099109-03:00,10
2025-09-24T15:44:52.533255-03:00,9
2025-09-24T15:53:23.311884-03:00,9
2025-09-24T16:07:40.236155-03:00,7
2025-09-24T16:22:53.305902-03:00,12
2025-09-24T16:31:14.004995-03:00,12
2025-09-24T16:39:58.821307-03:00,9
2025-09-24T16:48:17.817674-03:00,9
2025-09-24T16:56:17.724004-03:00,9
2025-09-24T17:17:20.567359-03:00,10
2025-09-24T17:32:41.092348-03:00,13
2025-09-24T17:40:56.966270-03:00,11
2025-09-24T17:49:19.711812-03:00,11
2025-09-24T17:56:53.816748-03:00,13
2025-09-24T18:14:45.069087-03:00,13
2025-09-24T18:27:52.694170-03:00,9
2025-09-24T18:37:31.242117-03:00,10
2025-09-24T18:45:04.387511-03:00,10
2025-09-24T18:53:13.761020-03:00,10
2025-09-24T19:08:07.645806-03:00,10
2025-09-24T19:28:15.679957-03:00,7
2025-09-24T19:37:54.903536-03:00,8
2025-09-24T19:45:48.610809-03:00,8
2025-09-24T19:53:29.569494-03:00,9
2025-09-24T20:08:41.571467-03:00,11
2025-09-24T20:25:13.833666-03:00,11
2025-09-24T20:34:27.988449-03:00,11
2025-09-24T20:42:08.141829-03:00,9
2025-09-24T20:49:51.664527-03:00,9
2025-09-24T20:57:39.435613-03:00,10
2025-09-24T22:21:31.288724-03:00,5
2025-09-24T23:41:31.415528-03:00,3
2025-09-25T00:24:42.321628-03:00,16
2025-09-25T00:46:32.198939-03:00,2
2025-09-25T00:55:03.903287-03:00,3
2025-09-25T01:15:43.323495-03:00,3
2025-09-25T01:35:57.382889-03:00,2
2025-09-25T01:46:50.867219-03:00,2
2025-09-25T01:54:51.265430-03:00,3
2025-09-25T02:12:52.182403-03:00,4
2025-09-25T02:31:35.964036-03:00,1
2025-09-25T02:42:43.023817-03:00,2
2025-09-25T02:50:56.640435-03:00,16
2025-09-25T02:58:32.429723-03:00,16
2025-09-25T03:31:00.163658-03:00,3
2025-09-25T03:50:52.916270-03:00,1
2025-09-25T03:59:01.101446-03:00,1
2025-09-25T04:21:13.518732-03:00,4
2025-09-25T04:32:40.165528-03:00,4
2025-09-25T04:42:52.881952-03:00,5
2025-09-25T04:50:45.209165-03:00,4
2025-09-25T04:58:13.223340-03:00,4
2025-09-25T05:26:51.308846-03:00,3
2025-09-25T05:45:50.895399-03:00,3
2025-09-25T05:56:44.610297-03:00,4
2025-09-25T06:17:25.720060-03:00,5
2025-09-25T06:33:32.934240-03:00,3
2025-09-25T06:44:10.274871-03:00,2
2025-09-25T06:52:02.683628-03:00,4
2025-09-25T06:59:43.409166-03:00,4
2025-09-25T07:24:37.041638-03:00,5
2025-09-25T07:40:40.802973-03:00,4
2025-09-25T07:49:17.119355-03:00,4
2025-09-25T07:57:32.865630-03:00,4
2025-09-25T08:15:55.553500-03:00,2
2025-09-25T08:28:09.458864-03:00,4
2025-09-25T08:37:30.749745-03:00,2
2025-09-25T08:45:38.181949-03:00,2
2025-09-25T08:53:55.547167-03:00,4
2025-09-25T09:20:56.720510-03:00,3
2025-09-25T10:01:37.749312-03:00,2
2025-09-25T10:34:44.494139-03:00,7
2025-09-25T10:47:48.069526-03:00,3
2025-09-25T10:55:54.185286-03:00,2
2025-09-25T11:15:12.449132-03:00,2
2025-09-25T11:36:50.831306-03:00,3
2025-09-25T11:49:18.951527-03:00,3
2025-09-25T11:57:23.103176-03:00,2
2025-09-25T12:19:20.127600-03:00,4
2025-09-25T12:35:42.063555-03:00,3
2025-09-25T12:46:17.875850-03:00,3
2025-09-25T12:54:10.771807-03:00,5
2025-09-25T13:13:05.944429-03:00,5
2025-09-25T13:37:31.829062-03:00,8
2025-09-25T13:51:51.252196-03:00,11
2025-09-25T13:59:33.627290-03:00,11
2025-09-25T14:19:19.096592-03:00,16
2025-09-25T14:32:55.047289-03:00,11
2025-09-25T14:41:47.544440-03:00,14
2025-09-25T14:49:57.382487-03:00,14
2025-09-25T14:57:51.742220-03:00,13
2025-09-25T15:27:53.644681-03:00,15
2025-09-25T15:48:25.256173-03:00,14
2025-09-25T15:56:08.940672-03:00,15
2025-09-25T16:12:12.900918-03:00,12
2025-09-25T16:25:14.333046-03:00,15
2025-09-25T16:34:53.085278-03:00,15
2025-09-25T16:43:05.950713-03:00,14
2025-09-25T16:50:56.355462-03:00,11
2025-09-25T16:58:59.387798-03:00,11
2025-09-25T17:23:40.822053-03:00,12
2025-09-25T17:36:54.913659-03:00,12
2025-09-25T17:44:50.675358-03:00,12
2025-09-25T17:52:45.511260-03:00,12
2025-09-25T18:00:24.056669-03:00,12
2025-09-25T18:20:03.056472-03:00,13
2025-09-25T18:28:10.958707-03:00,13
2025-09-25T18:37:42.253427-03:00,13
2025-09-25T18:45:58.412570-03:00,13
2025-09-25T18:53:34.144213-03:00,17
2025-09-25T19:07:49.951039-03:00,19
2025-09-25T19:27:38.375054-03:00,16
2025-09-25T19:38:35.953647-03:00,10
2025-09-25T19:46:49.285329-03:00,10
2025-09-25T19:54:48.636301-03:00,12
2025-09-25T20:11:05.727282-03:00,13
2025-09-25T20:26:17.540346-03:00,17
2025-09-25T20:35:46.775819-03:00,16
2025-09-25T20:43:18.671196-03:00,16
2025-09-25T20:51:26.085655-03:00,11
2025-09-25T20:59:04.708240-03:00,11
2025-09-25T22:41:15.613476-03:00,3
2025-09-25T23:49:10.108277-03:00,4
2025-09-26T00:23:52.449701-03:00,3
2025-09-26T00:44:37.013126-03:00,6
2025-09-26T00:53:38.396901-03:00,6
2025-09-26T01:11:53.473990-03:00,7
2025-09-26T01:33:38.406944-03:00,9
2025-09-26T01:45:07.914747-03:00,8
2025-09-26T01:52:49.834177-03:00,9
2025-09-26T02:01:20.095536-03:00,9
2025-09-26T02:25:15.308731-03:00,9
2025-09-26T02:38:23.607470-03:00,8
2025-09-26T02:46:43.130260-03:00,8
2025-09-26T02:54:33.102223-03:00,7
2025-09-26T03:17:24.283348-03:00,7
2025-09-26T03:44:27.673189-03:00,3
2025-09-26T03:55:29.011536-03:00,4
2025-09-26T04:13:27.388187-03:00,10
2025-09-26T04:29:05.664567-03:00,6
2025-09-26T04:39:22.694092-03:00,6
2025-09-26T04:47:34.133131-03:00,6
2025-09-26T04:55:17.048235-03:00,4
2025-09-26T05:18:58.819510-03:00,9
2025-09-26T05:41:37.422718-03:00,8
2025-09-26T05:53:28.821333-03:00,4
2025-09-26T06:10:26.969399-03:00,8
2025-09-26T06:30:43.898327-03:00,7
2025-09-26T06:41:59.327426-03:00,6
2025-09-26T06:50:05.108768-03:00,6
2025-09-26T06:57:49.691872-03:00,6
2025-09-26T07:19:29.966045-03:00,6
2025-09-26T07:38:25.369523-03:00,5
2025-09-26T07:46:58.125807-03:00,5
2025-09-26T07:54:27.530915-03:00,3
2025-09-26T08:09:42.071060-03:00,4
2025-09-26T08:24:55.849546-03:00,2
2025-09-26T08:34:14.124341-03:00,2
2025-09-26T08:41:50.307738-03:00,3
2025-09-26T08:49:58.715537-03:00,3
2025-09-26T08:57:29.122180-03:00,4
2025-09-26T09:37:26.294791-03:00,3
2025-10-03T10:43:24.184639-03:00,1
2025-10-03T10:55:58.330431-03:00,3
2025-10-03T11:19:37.126161-03:00,6
2025-10-03T11:37:47.768594-03:00,7
2025-10-03T11:49:09.692641-03:00,7
2025-10-03T12:00:13.857106-03:00,7
2025-10-03T12:26:30.108478-03:00,11
2025-10-03T12:41:03.815156-03:00,11
2025-10-03T12:56:31.959878-03:00,5
2025-10-03T13:27:01.829766-03:00,9
2025-10-03T13:45:36.192893-03:00,11
2025-10-03T13:56:28.731700-03:00,7
2025-10-03T14:18:25.019820-03:00,12
2025-10-03T14:32:15.637213-03:00,9
2025-10-03T14:46:30.839721-03:00,12
2025-10-03T14:57:12.045144-03:00,12
2025-10-03T15:33:28.616379-03:00,14
2025-10-03T15:50:30.448037-03:00,16
2025-10-03T16:15:06.512712-03:00,17
2025-10-03T16:25:53.545806-03:00,16
2025-10-03T16:38:08.643312-03:00,17
2025-10-03T16:49:30.318361-03:00,17
2025-10-03T17:00:30.173542-03:00,18
2025-10-03T17:29:24.532864-03:00,14
2025-10-03T17:42:27.940088-03:00,18
2025-10-03T17:55:46.232047-03:00,17
2025-10-03T18:16:57.511876-03:00,15
2025-10-03T18:28:52.907765-03:00,12
2025-10-03T18:40:07.710716-03:00,12
2025-10-03T18:50:58.147695-03:00,14
2025-10-03T19:17:14.554653-03:00,15
2025-10-03T19:32:11.172501-03:00,14
2025-10-03T19:46:25.887691-03:00,14
2025-10-03T19:56:52.445709-03:00,12
2025-10-03T20:19:44.829274-03:00,10
2025-10-03T20:30:52.994071-03:00,12
2025-10-03T20:46:21.954302-03:00,12
2025-10-03T20:57:09.239879-03:00,10
2025-10-03T22:44:34.052598-03:00,9
2025-10-03T23:41:24.822685-03:00,5
2025-10-04T00:15:24.530377-03:00,6
2025-10-04T00:37:35.194656-03:00,6
2025-10-04T00:48:36.936055-03:00,6
2025-10-04T00:59:15.624866-03:00,4
2025-10-04T01:29:12.218050-03:00,5
2025-10-04T01:42:47.915215-03:00,8
2025-10-04T01:56:27.571659-03:00,8
2025-10-04T02:19:34.979008-03:00,7
2025-10-04T02:34:12.918765-03:00,8
2025-10-04T02:46:20.042964-03:00,5
2025-10-04T02:57:44.207404-03:00,6
2025-10-04T03:33:16.279788-03:00,6
2025-10-04T03:48:55.618306-03:00,6
2025-10-04T03:59:35.533594-03:00,6
2025-10-04T04:21:19.743386-03:00,7
2025-10-04T04:37:09.852352-03:00,5
2025-10-04T04:48:01.469356-03:00,5
2025-10-04T04:58:33.296641-03:00,5
2025-10-04T05:29:09.710270-03:00,5
2025-10-04T05:44:26.760248-03:00,6
2025-10-04T05:55:54.645903-03:00,4
2025-10-04T06:19:04.733419-03:00,4
2025-10-04T06:30:19.190240-03:00,5
2025-10-04T06:45:57.937863-03:00,6
2025-10-04T06:56:42.752169-03:00,6
2025-10-04T07:20:27.858015-03:00,6
2025-10-04T07:38:41.667759-03:00,6
2025-10-04T07:49:21.665750-03:00,6
2025-10-04T07:59:49.998796-03:00,5
2025-10-04T08:18:36.837940-03:00,4
2025-10-04T08:29:08.663647-03:00,8
2025-10-04T08:40:22.284565-03:00,5
2025-10-04T08:55:52.831659-03:00,6
2025-10-04T09:38:12.751255-03:00,3
2025-10-04T10:02:15.079625-03:00,3
2025-10-04T10:27:49.845895-03:00,5
2025-10-04T10:39:17.582824-03:00,1
2025-10-04T10:49:42.987576-03:00,1
2025-10-04T11:00:35.059391-03:00,2
2025-10-04T11:26:24.279780-03:00,2
2025-10-04T11:38:05.642210-03:00,6
2025-10-04T11:49:15.388711-03:00,6
2025-10-04T12:00:23.442728-03:00,2
2025-10-04T12:24:34.670056-03:00,2
2025-10-04T12:37:12.689246-03:00,6
2025-10-04T12:48:18.303243-03:00,6
2025-10-04T12:58:59.691017-03:00,4
2025-10-04T13:28:31.880478-03:00,10
2025-10-04T13:43:29.200108-03:00,9
2025-10-04T13:56:19.261537-03:00,6
2025-10-04T14:16:34.405872-03:00,11
2025-10-04T14:29:26.855461-03:00,6
2025-10-04T14:40:11.749630-03:00,12
2025-10-04T14:51:12.565227-03:00,9
2025-10-04T15:25:14.928669-03:00,12
2025-10-04T15:44:08.423281-03:00,11
2025-10-04T15:56:00.563255-03:00,11
2025-10-04T16:15:08.715680-03:00,10
2025-10-04T16:25:47.669336-03:00,9
2025-10-04T16:37:39.598508-03:00,17
2025-10-04T16:48:38.757702-03:00,17
2025-10-04T16:59:05.064890-03:00,12
2025-10-04T17:25:24.620976-03:00,17
2025-10-04T17:38:07.346160-03:00,12
2025-10-04T17:49:12.490411-03:00,12
2025-10-04T18:00:04.132113-03:00,15
2025-10-04T18:20:54.552371-03:00,14
2025-10-04T18:37:01.045395-03:00,14
2025-10-04T18:48:14.150782-03:00,14
2025-10-04T18:58:45.250911-03:00,16
2025-10-04T19:22:29.918359-03:00,15
2025-10-04T19:38:22.702163-03:00,12
2025-10-04T19:49:35.701885-03:00,12
2025-10-04T20:00:41.600707-03:00,14
2025-10-04T20:24:07.458641-03:00,16
2025-10-04T20:37:17.373524-03:00,10
2025-10-04T20:48:32.083191-03:00,10
2025-10-04T20:59:37.735530-03:00,10
2025-10-04T23:06:45.693336-03:00,11
2025-10-05T00:13:08.755821-03:00,8
2025-10-05T00:43:58.169430-03:00,8
2025-10-05T00:55:55.121246-03:00,8
2025-10-05T01:23:28.034914-03:00,7
2025-10-05T01:40:15.271736-03:00,5
2025-10-05T01:50:45.858102-03:00,6
2025-10-05T02:17:44.656125-03:00,6
2025-10-05T02:32:30.819461-03:00,4
2025-10-05T02:46:00.567931-03:00,4
2025-10-05T02:56:52.234412-03:00,5
2025-10-05T03:31:24.912973-03:00,4
2025-10-05T03:48:36.345418-03:00,6
2025-10-05T03:59:29.398088-03:00,9
2025-10-05T04:21:40.711015-03:00,9
2025-10-05T04:37:09.448993-03:00,8
2025-10-05T04:48:15.424510-03:00,8
2025-10-05T04:59:20.711532-03:00,4
2025-10-05T05:29:16.106208-03:00,13
2025-10-05T05:43:41.743591-03:00,5
2025-10-05T05:55:42.339612-03:00,4
2025-10-05T06:17:49.230911-03:00,5
2025-10-05T06:29:48.728638-03:00,7
2025-10-05T06:40:53.274754-03:00,8
2025-10-05T06:56:03.082474-03:00,9
2025-10-05T07:19:39.429092-03:00,10
2025-10-05T07:35:15.722239-03:00,6
2025-10-05T07:46:22.938191-03:00,6
2025-10-05T07:57:15.714456-03:00,6
2025-10-05T08:17:21.467582-03:00,4
2025-10-05T08:28:14.397217-03:00,4
2025-10-05T08:39:50.325825-03:00,3
2025-10-05T08:50:40.466546-03:00,3
2025-10-05T09:35:54.486144-03:00,7
2025-10-05T10:02:00.493913-03:00,5
2025-10-05T10:28:09.994453-03:00,7
2025-10-05T10:39:46.788908-03:00,4
2025-10-05T10:50:50.955664-03:00,4
2025-10-05T11:15:35.866152-03:00,2
2025-10-05T11:31:06.342299-03:00,4
2025-10-05T11:45:56.815703-03:00,2
2025-10-05T11:56:26.852603-03:00,3
2025-10-05T12:19:07.048148-03:00,6
2025-10-05T12:30:29.665677-03:00,6
2025-10-05T12:46:11.657451-03:00,13
2025-10-05T12:56:32.595948-03:00,13
2025-10-05T13:24:51.991407-03:00,10
2025-10-05T13:41:08.125625-03:00,9
2025-10-05T13:56:24.965197-03:00,7
2025-10-05T14:17:02.479727-03:00,11
2025-10-05T14:30:04.291353-03:00,10
2025-10-05T14:41:17.036472-03:00,6
2025-10-05T14:56:27.925877-03:00,11
2025-10-05T15:28:38.123593-03:00,10
2025-10-05T15:45:28.408331-03:00,2
2025-10-05T15:56:43.387583-03:00,5
2025-10-05T16:16:17.996696-03:00,10
2025-10-05T16:27:24.683923-03:00,2
2025-10-05T16:39:07.961887-03:00,3
2025-10-05T16:50:12.577647-03:00,6
2025-10-05T17:19:24.305220-03:00,7
2025-10-05T17:32:49.192353-03:00,2
2025-10-05T17:46:29.364125-03:00,7
2025-10-05T17:57:16.131319-03:00,8
2025-10-05T18:19:19.428046-03:00,9
2025-10-05T18:30:11.009069-03:00,4
2025-10-05T18:41:15.201162-03:00,8
2025-10-05T18:55:45.694888-03:00,7
2025-10-05T19:17:57.420735-03:00,8
2025-10-05T19:32:48.099398-03:00,8
2025-10-05T19:45:55.981652-03:00,11
2025-10-05T19:56:33.706875-03:00,8
2025-10-05T20:17:55.567238-03:00,9
2025-10-05T20:28:20.973631-03:00,7
2025-10-05T20:40:00.115359-03:00,6
2025-10-05T20:51:01.370954-03:00,9
2025-10-05T22:27:01.519393-03:00,4
2025-10-05T23:49:09.750118-03:00,8
2025-10-06T00:27:06.007494-03:00,9
2025-10-06T00:49:18.223379-03:00,6
2025-10-06T01:00:20.859360-03:00,7
2025-10-06T01:32:08.302951-03:00,4
2025-10-06T01:47:08.268866-03:00,2
2025-10-06T01:57:43.736637-03:00,3
2025-10-06T02:25:10.125084-03:00,2
2025-10-06T02:40:21.867696-03:00,2
2025-10-06T02:55:52.442979-03:00,3
2025-10-06T03:33:15.271768-03:00,2
2025-10-06T03:53:11.931344-03:00,2
2025-10-06T04:20:25.508212-03:00,4
2025-10-06T04:39:33.589391-03:00,2
2025-10-06T04:50:15.979594-03:00,3
2025-10-06T05:27:11.608767-03:00,2
2025-10-06T05:48:00.714367-03:00,5
2025-10-06T05:58:28.894498-03:00,4
2025-10-06T06:30:37.009629-03:00,8
2025-10-06T06:47:09.006132-03:00,5
2025-10-06T06:57:36.569410-03:00,6
2025-10-06T07:28:09.030513-03:00,1
2025-10-06T07:44:31.388077-03:00,4
2025-10-06T07:56:09.033544-03:00,4
2025-10-06T08:18:11.203763-03:00,3
2025-10-06T08:30:02.447169-03:00,4
2025-10-06T08:41:21.392486-03:00,4
2025-10-06T08:56:19.338332-03:00,5
2025-10-06T09:47:52.189655-03:00,4
2025-10-06T10:20:10.741819-03:00,7
2025-10-06T10:42:58.538900-03:00,1
2025-10-06T10:56:17.211427-03:00,5
2025-10-06T11:22:39.424646-03:00,1
2025-10-06T11:43:09.125741-03:00,1
2025-10-06T11:56:12.217184-03:00,3
2025-10-06T12:22:51.390998-03:00,2
2025-10-06T12:40:33.527683-03:00,5
2025-10-06T12:56:17.627067-03:00,4
2025-10-06T13:27:54.029272-03:00,9
2025-10-06T13:47:39.345642-03:00,8
2025-10-06T13:58:29.174668-03:00,8
2025-10-06T14:23:27.752205-03:00,6
2025-10-06T14:39:34.385365-03:00,5
2025-10-06T14:50:31.914461-03:00,11
2025-10-06T15:29:35.101728-03:00,8
2025-10-06T15:49:58.041328-03:00,12
2025-10-06T16:01:28.701288-03:00,17
2025-10-06T16:23:06.715320-03:00,12
2025-10-06T16:38:01.649144-03:00,11
2025-10-06T16:49:15.484896-03:00,11
2025-10-06T17:00:22.213977-03:00,13
2025-10-06T17:30:07.979302-03:00,14
2025-10-06T17:44:18.015431-03:00,11
2025-10-06T17:55:50.632246-03:00,11
2025-10-06T18:18:15.638722-03:00,7
2025-10-06T18:30:45.634624-03:00,10
2025-10-06T18:46:24.725077-03:00,12
2025-10-06T18:57:15.717869-03:00,10
2025-10-06T19:21:27.184712-03:00,10
2025-10-06T19:39:09.117006-03:00,9
2025-10-06T19:50:11.727606-03:00,9
2025-10-06T20:07:53.424569-03:00,8
2025-10-06T20:26:15.503282-03:00,7
2025-10-06T20:38:19.303496-03:00,8
2025-10-06T20:49:25.997428-03:00,8
2025-10-06T20:59:59.751703-03:00,11
2025-10-06T22:56:54.850758-03:00,4
2025-10-07T00:00:56.434866-03:00,1
2025-10-07T00:37:52.637565-03:00,12
2025-10-07T00:52:13.121532-03:00,12
2025-10-07T01:23:48.955218-03:00,4
2025-10-07T01:42:06.662087-03:00,4
2025-10-07T01:56:24.783208-03:00,5
2025-10-07T02:20:58.982326-03:00,4
2025-10-07T02:40:14.042413-03:00,2
2025-10-07T02:50:52.522744-03:00,4
2025-10-07T03:29:49.623072-03:00,4
2025-10-07T03:51:00.368102-03:00,4
2025-10-07T04:19:13.142098-03:00,3
2025-10-07T04:32:13.718548-03:00,4
2025-10-07T04:45:44.929258-03:00,3
2025-10-07T04:56:17.835040-03:00,2
2025-10-07T05:30:00.996646-03:00,5
2025-10-07T05:49:19.711679-03:00,3
2025-10-07T05:59:42.123681-03:00,2
2025-10-07T06:28:17.996912-03:00,4
2025-10-07T06:44:00.828188-03:00,6
2025-10-07T06:56:07.436131-03:00,3
2025-10-07T07:22:53.069014-03:00,6
2025-10-07T07:42:32.681436-03:00,4
2025-10-07T07:56:19.210970-03:00,4
2025-10-07T08:18:22.092463-03:00,4
2025-10-07T08:30:02.990191-03:00,5
2025-10-07T08:41:50.528817-03:00,6
2025-10-07T08:56:00.393601-03:00,3
2025-10-07T09:44:50.872399-03:00,4
2025-10-07T10:20:01.348112-03:00,3
2025-10-07T10:43:05.852790-03:00,3
2025-10-07T10:56:42.415546-03:00,4
2025-10-07T11:23:58.685780-03:00,4
2025-10-07T11:44:36.910181-03:00,4
2025-10-07T11:56:09.074143-03:00,4
2025-10-07T12:24:25.579695-03:00,4
2025-10-07T12:41:59.164000-03:00,4
2025-10-07T12:56:33.670424-03:00,4
2025-10-07T13:28:33.068480-03:00,4
2025-10-07T13:48:04.841263-03:00,4
2025-10-07T13:58:31.504247-03:00,4
2025-10-07T14:24:07.990401-03:00,4
2025-10-07T14:39:51.637830-03:00,4
2025-10-07T14:50:57.537062-03:00,4
2025-10-07T15:29:35.392496-03:00,4
2025-10-07T15:50:44.000305-03:00,4
2025-10-07T16:15:50.267688-03:00,4
2025-10-07T16:27:45.711979-03:00,4
2025-10-07T16:40:08.957527-03:00,4
2025-10-07T16:51:09.740016-03:00,4
2025-10-07T17:21:04.283827-03:00,4
2025-10-07T17:40:32.998230-03:00,4
2025-10-07T17:56:18.678866-03:00,4
2025-10-07T18:19:02.525983-03:00,12
2025-10-07T18:30:27.428845-03:00,9
2025-10-07T18:46:02.799573-03:00,12
2025-10-07T18:57:14.297763-03:00,12
2025-10-07T19:21:53.358225-03:00,10
2025-10-07T19:39:28.703488-03:00,9
2025-10-07T19:50:21.805177-03:00,7
2025-10-07T20:17:19.898368-03:00,7
2025-10-07T20:29:23.595294-03:00,6
2025-10-07T20:40:44.965922-03:00,8
2025-10-07T20:55:53.007403-03:00,8
2025-10-07T22:38:59.103028-03:00,6
2025-10-07T23:47:09.415340-03:00,2
2025-10-08T00:21:50.789402-03:00,2
2025-10-08T00:46:36.158133-03:00,3
2025-10-08T00:57:08.005681-03:00,2
2025-10-08T01:27:54.569004-03:00,1
2025-10-08T01:44:35.568787-03:00,1
2025-10-08T01:55:46.397721-03:00,3
2025-10-08T02:20:09.319250-03:00,2
2025-10-08T02:37:35.689395-03:00,3
2025-10-08T02:48:48.474895-03:00,3
2025-10-08T02:59:26.994355-03:00,4
2025-10-08T03:38:57.157164-03:00,2
2025-10-08T03:53:28.422059-03:00,17
2025-10-08T04:18:52.802357-03:00,3
2025-10-08T04:31:46.467402-03:00,4
2025-10-08T04:46:31.333699-03:00,2
2025-10-08T04:57:18.352672-03:00,2
2025-10-08T05:33:01.447645-03:00,2
2025-10-08T05:52:25.558649-03:00,2
2025-10-08T06:21:03.685326-03:00,1
2025-10-08T06:41:07.333173-03:00,4
2025-10-08T06:55:47.585879-03:00,3
2025-10-08T07:21:48.979307-03:00,4
2025-10-08T07:42:51.161336-03:00,3
2025-10-08T07:56:24.381564-03:00,3
2025-10-08T08:18:09.222661-03:00,2
2025-10-08T08:29:40.800719-03:00,5
2025-10-08T08:41:29.035818-03:00,3
2025-10-08T08:55:49.017383-03:00,1
2025-10-08T09:44:06.861655-03:00,2
2025-10-08T10:19:54.650417-03:00,1
2025-10-08T10:42:59.171331-03:00,2
2025-10-08T10:56:08.135239-03:00,2
2025-10-08T11:22:53.465351-03:00,1
2025-10-08T11:44:51.571830-03:00,4
2025-10-08T11:55:58.405097-03:00,1
2025-10-08T12:23:02.823314-03:00,5
2025-10-08T12:41:58.355315-03:00,4
2025-10-08T12:56:31.249220-03:00,3
2025-10-08T13:28:41.459422-03:00,4
2025-10-08T13:47:54.380083-03:00,7
2025-10-08T13:58:28.785943-03:00,6
2025-10-08T14:23:52.500178-03:00,8
2025-10-08T14:40:22.287742-03:00,6
2025-10-08T14:56:20.638872-03:00,7
2025-10-08T15:33:41.688391-03:00,9
2025-10-08T15:53:01.293593-03:00,11
2025-10-08T16:15:43.168496-03:00,13
2025-10-08T16:27:37.364215-03:00,9
2025-10-08T16:40:08.689955-03:00,7
2025-10-08T16:51:09.226665-03:00,8
2025-10-08T17:21:19.065398-03:00,11
2025-10-08T17:40:30.996686-03:00,12
2025-10-08T17:56:26.801758-03:00,17
2025-10-08T18:19:44.245022-03:00,10
2025-10-08T18:30:56.702628-03:00,10
2025-10-08T18:46:22.633835-03:00,12
2025-10-08T18:56:58.279387-03:00,11
2025-10-08T19:22:15.581007-03:00,11
2025-10-08T19:40:09.777913-03:00,14
2025-10-08T19:50:48.850910-03:00,11
2025-10-08T20:17:27.096803-03:00,9
2025-10-08T20:29:47.563447-03:00,8
2025-10-08T20:41:20.196531-03:00,7
2025-10-08T20:55:52.527400-03:00,6
2025-10-08T22:39:16.943655-03:00,9
2025-10-08T23:49:40.288281-03:00,4
2025-10-09T00:24:55.701001-03:00,14
2025-10-09T00:47:59.684730-03:00,3
2025-10-09T00:59:12.440274-03:00,1
2025-10-09T01:30:55.934747-03:00,1
2025-10-09T01:48:27.753344-03:00,2
2025-10-09T01:59:15.020418-03:00,3
2025-10-09T02:26:43.082010-03:00,3
2025-10-09T02:41:55.131094-03:00,14
2025-10-09T02:56:16.891475-03:00,14
2025-10-09T03:34:15.382102-03:00,14
2025-10-09T03:53:33.688983-03:00,14
2025-10-09T04:18:59.883033-03:00,1
2025-10-09T04:32:18.377542-03:00,14
2025-10-09T04:46:39.133736-03:00,14
2025-10-09T04:57:36.289577-03:00,14
2025-10-09T05:33:58.426117-03:00,1
2025-10-09T05:52:09.996465-03:00,14
2025-10-09T06:21:03.042433-03:00,1
2025-10-09T06:40:56.906829-03:00,1
2025-10-09T06:56:17.245877-03:00,1
2025-10-09T07:24:19.908794-03:00,3
2025-10-09T07:43:42.677329-03:00,3
2025-10-09T07:56:08.222355-03:00,3
2025-10-09T08:18:34.093682-03:00,2
2025-10-09T08:31:04.384050-03:00,2
2025-10-09T08:45:53.888190-03:00,14
2025-10-09T08:56:41.663294-03:00,1
2025-10-09T09:49:40.980750-03:00,2
2025-10-09T10:22:33.785275-03:00,3
2025-10-09T10:57:50.879418-03:00,2
2025-10-09T11:27:04.197487-03:00,5
2025-10-09T12:05:44.525389-03:00,3
2025-10-09T12:24:07.181438-03:00,4
2025-10-09T12:30:47.319664-03:00,4
2025-10-09T12:50:38.724703-03:00,6
2025-10-09T13:26:53.657498-03:00,9
2025-10-09T13:49:14.895413-03:00,7
2025-10-09T14:00:23.821721-03:00,9
2025-10-09T14:28:58.349020-03:00,12
2025-10-09T14:43:36.910230-03:00,13
2025-10-09T14:55:56.989753-03:00,10
2025-10-09T15:30:53.040289-03:00,9
2025-10-09T15:52:07.329687-03:00,14
2025-10-09T16:16:54.373809-03:00,13
2025-10-09T16:28:37.048355-03:00,14
2025-10-09T16:40:39.747176-03:00,17
2025-10-09T16:55:44.028628-03:00,12
2025-10-09T17:23:31.155086-03:00,18
2025-10-09T17:40:51.770251-03:00,17
2025-10-09T17:55:56.528154-03:00,19
2025-10-09T18:18:41.176102-03:00,15
2025-10-09T18:31:41.429522-03:00,19
2025-10-09T18:46:25.975248-03:00,15
2025-10-09T18:57:33.539024-03:00,14
2025-10-09T19:22:51.200473-03:00,15
2025-10-09T19:39:46.480983-03:00,14
2025-10-09T19:50:53.505952-03:00,10
2025-10-09T20:17:34.866336-03:00,10
2025-10-09T20:30:11.681382-03:00,7
2025-10-09T20:41:34.478417-03:00,4
2025-10-09T20:56:22.970471-03:00,4
2025-10-09T22:44:15.333636-03:00,3
2025-10-09T23:53:49.258189-03:00,1
2025-10-10T00:32:35.395172-03:00,3
2025-10-10T00:52:06.738343-03:00,1
2025-10-10T01:23:41.836414-03:00,2
2025-10-10T01:42:50.248570-03:00,1
2025-10-10T01:56:23.258977-03:00,3
2025-10-10T02:21:32.653750-03:00,1
2025-10-10T02:56:07.771581-03:00,8
2025-10-10T03:32:55.280309-03:00,8
2025-10-10T03:53:07.007241-03:00,8
2025-10-10T04:18:52.898214-03:00,4
2025-10-10T04:32:02.637705-03:00,2
2025-10-10T04:45:53.656021-03:00,1
2025-10-10T04:56:53.148849-03:00,5
2025-10-10T05:30:59.416175-03:00,2
2025-10-10T05:51:51.143464-03:00,8
2025-10-10T06:21:36.001162-03:00,1
2025-10-10T06:40:34.866454-03:00,1
2025-10-10T06:55:58.522822-03:00,1
2025-10-10T07:23:11.758963-03:00,1
2025-10-10T07:42:40.224513-03:00,3
2025-10-10T07:56:23.163172-03:00,3
2025-10-10T08:19:03.315110-03:00,1
2025-10-10T08:30:24.257575-03:00,9
2025-10-10T08:45:59.680277-03:00,2
2025-10-10T08:56:47.624057-03:00,2
2025-10-10T09:48:35.683070-03:00,3
2025-10-10T10:19:13.941152-03:00,4
2025-10-10T10:41:14.594020-03:00,8
2025-10-10T10:56:29.466466-03:00,5
2025-10-10T11:22:00.969677-03:00,10
2025-10-10T11:42:40.574835-03:00,11
2025-10-10T11:56:41.049271-03:00,15
2025-10-10T12:22:43.913200-03:00,13
2025-10-10T12:39:39.702198-03:00,12
2025-10-10T12:50:51.678356-03:00,12
2025-10-10T13:24:27.489404-03:00,13
2025-10-10T13:45:46.371913-03:00,11
2025-10-10T13:56:21.668454-03:00,14
2025-10-10T14:19:40.067056-03:00,10
2025-10-10T14:34:15.034213-03:00,16
2025-10-10T14:46:04.658717-03:00,14
2025-10-10T14:56:38.377359-03:00,12
2025-10-10T15:32:35.841924-03:00,18
2025-10-10T15:51:03.164564-03:00,21
2025-10-10T16:15:53.104095-03:00,24
2025-10-10T16:27:49.501361-03:00,18
2025-10-10T16:39:51.410321-03:00,21
2025-10-10T16:51:04.765245-03:00,22
2025-10-10T17:21:08.529807-03:00,13
2025-10-10T17:40:20.905539-03:00,13
2025-10-10T17:56:02.866411-03:00,13
2025-10-10T18:18:04.080434-03:00,13
2025-10-10T18:29:50.695345-03:00,14
2025-10-10T18:41:07.840047-03:00,14
2025-10-10T18:56:12.249748-03:00,13
2025-10-10T19:18:58.439089-03:00,12
2025-10-10T19:34:14.862438-03:00,7
2025-10-10T19:45:44.620183-03:00,4
2025-10-10T19:56:49.131616-03:00,8
2025-10-10T20:19:45.306133-03:00,8
2025-10-10T20:30:19.709087-03:00,12
2025-10-10T20:45:49.965157-03:00,12
2025-10-10T20:56:45.544088-03:00,11
2025-10-10T22:42:58.987228-03:00,9
2025-10-10T23:44:04.549782-03:00,8
2025-10-11T00:17:49.707993-03:00,7
2025-10-11T00:40:00.601848-03:00,10
2025-10-11T00:51:09.296113-03:00,7
2025-10-11T01:22:05.858370-03:00,7
2025-10-11T01:41:12.260256-03:00,1
2025-10-11T01:56:07.300558-03:00,5
2025-10-11T02:19:08.573143-03:00,9
2025-10-11T02:34:37.517018-03:00,5
2025-10-11T02:46:11.135066-03:00,1
2025-10-11T02:56:45.360982-03:00,5
2025-10-11T03:30:40.414621-03:00,4
2025-10-11T03:49:00.424767-03:00,4
2025-10-11T04:00:08.569274-03:00,4
2025-10-11T04:22:01.281369-03:00,9
2025-10-11T04:37:04.774498-03:00,9
2025-10-11T04:47:49.225376-03:00,9
2025-10-11T04:58:21.746552-03:00,8
2025-10-11T05:29:39.756188-03:00,6
2025-10-11T05:44:53.552584-03:00,6
2025-10-11T05:56:07.852640-03:00,4
2025-10-11T06:19:26.987760-03:00,3
2025-10-11T06:31:00.205856-03:00,3
2025-10-11T06:46:26.094224-03:00,4
2025-10-11T06:57:16.118560-03:00,6
2025-10-11T07:22:27.970589-03:00,4
2025-10-11T07:39:08.097713-03:00,2
2025-10-11T07:50:08.727294-03:00,2
2025-10-11T08:01:28.628258-03:00,1
2025-10-11T08:21:18.043759-03:00,4
2025-10-11T08:37:45.089084-03:00,4
2025-10-11T08:48:51.252747-03:00,4
2025-10-11T08:59:37.250253-03:00,4
2025-10-11T09:48:10.457714-03:00,4
2025-10-11T10:12:22.352818-03:00,4
2025-10-11T10:31:53.230699-03:00,1
2025-10-11T10:45:47.839315-03:00,1
2025-10-11T10:56:23.063663-03:00,3
2025-10-11T11:17:02.154308-03:00,3
2025-10-11T11:30:25.275509-03:00,7
2025-10-11T11:46:04.291084-03:00,3
2025-10-11T11:56:33.857745-03:00,2
2025-10-11T12:18:41.714142-03:00,8
2025-10-11T12:29:50.627025-03:00,7
2025-10-11T12:40:24.807809-03:00,9
2025-10-11T12:55:58.986595-03:00,8
2025-10-11T13:23:02.519590-03:00,5
2025-10-11T13:41:00.480638-03:00,8
2025-10-11T13:55:48.148862-03:00,8
2025-10-11T14:15:26.177126-03:00,5
2025-10-11T14:29:03.412720-03:00,10
2025-10-11T14:39:32.469505-03:00,6
2025-10-11T14:50:40.611189-03:00,6
2025-10-11T15:23:26.689620-03:00,7
2025-10-11T15:41:58.880490-03:00,5
2025-10-11T15:55:42.707829-03:00,2
2025-10-11T16:14:22.974084-03:00,10
2025-10-11T16:26:05.974753-03:00,8
2025-10-11T16:37:48.846338-03:00,5
2025-10-11T16:48:43.746300-03:00,5
2025-10-11T16:59:29.738548-03:00,10
2025-10-11T17:25:06.463857-03:00,10
2025-10-11T17:37:45.221095-03:00,7
2025-10-11T17:48:53.960958-03:00,7
2025-10-11T17:59:27.250188-03:00,5
2025-10-11T18:20:40.070024-03:00,9
2025-10-11T18:37:03.304396-03:00,13
2025-10-11T18:47:43.668427-03:00,13
2025-10-11T18:58:28.124271-03:00,11
2025-10-11T19:22:40.196690-03:00,11
2025-10-11T19:38:18.193073-03:00,11
2025-10-11T19:49:28.126404-03:00,11
2025-10-11T20:00:07.206053-03:00,11
2025-10-11T20:22:46.179962-03:00,10
2025-10-11T20:37:32.481192-03:00,11
2025-10-11T20:48:43.011765-03:00,11
2025-10-11T20:59:15.030531-03:00,8
2025-10-11T23:01:42.559441-03:00,9
2025-10-12T00:09:14.000672-03:00,4
2025-10-12T00:42:09.717042-03:00,13
2025-10-12T00:55:49.117841-03:00,13
2025-10-12T01:23:46.590567-03:00,2
2025-10-12T01:41:24.986815-03:00,2
2025-10-12T01:56:26.306261-03:00,1
2025-10-12T02:20:10.944697-03:00,3
2025-10-12T02:34:28.469862-03:00,2
2025-10-12T02:46:02.036050-03:00,1
2025-10-12T02:56:39.473781-03:00,1
2025-10-12T03:30:41.265980-03:00,2
2025-10-12T03:49:08.660671-03:00,5
2025-10-12T03:59:59.682802-03:00,4
2025-10-12T04:22:20.612640-03:00,4
2025-10-12T04:37:23.441101-03:00,4
2025-10-12T04:47:56.111801-03:00,4
2025-10-12T04:58:57.139182-03:00,4
2025-10-12T05:29:56.296106-03:00,5
2025-10-12T05:44:54.671574-03:00,5
2025-10-12T05:56:04.564340-03:00,3
2025-10-12T06:19:18.604975-03:00,2
2025-10-12T06:30:36.881145-03:00,4
2025-10-12T06:45:59.320126-03:00,3
2025-10-12T06:57:01.537201-03:00,4
2025-10-12T07:21:55.063704-03:00,6
2025-10-12T07:39:23.359368-03:00,5
2025-10-12T07:50:14.905175-03:00,4
2025-10-12T08:02:39.003786-03:00,4
2025-10-12T08:21:54.305598-03:00,3
2025-10-12T08:38:01.761253-03:00,2
2025-10-12T08:49:06.204662-03:00,2
2025-10-12T08:59:44.030261-03:00,4
2025-10-12T09:48:37.868954-03:00,4
2025-10-12T10:12:45.689762-03:00,3
2025-10-12T10:32:10.814536-03:00,4
2025-10-12T10:45:44.359550-03:00,1
2025-10-12T10:56:57.047224-03:00,1
2025-10-12T11:19:04.278992-03:00,1
2025-10-12T11:32:37.425287-03:00,2
2025-10-12T11:46:01.090699-03:00,4
2025-10-12T11:56:51.706200-03:00,3
2025-10-12T12:20:08.337478-03:00,3
2025-10-12T12:31:32.519505-03:00,5
2025-10-12T12:46:25.981920-03:00,4
2025-10-12T12:56:56.732627-03:00,2
2025-10-12T13:26:14.017009-03:00,4
2025-10-12T13:42:27.563963-03:00,8
2025-10-12T13:55:42.667146-03:00,8
2025-10-12T14:15:41.041739-03:00,12
2025-10-12T14:29:34.222265-03:00,11
2025-10-12T14:40:34.124370-03:00,10
2025-10-12T14:55:53.020362-03:00,8
2025-10-12T15:26:53.160169-03:00,10
2025-10-12T15:44:41.527723-03:00,13
2025-10-12T15:56:29.775164-03:00,7
2025-10-12T16:16:23.550834-03:00,14
2025-10-12T16:27:11.781959-03:00,11
2025-10-12T16:39:12.768126-03:00,14
2025-10-12T16:50:01.492241-03:00,14
2025-10-12T17:01:32.019279-03:00,13
2025-10-12T17:28:19.465724-03:00,13
2025-10-12T17:41:24.055730-03:00,15
2025-10-12T17:56:31.829131-03:00,8
2025-10-12T18:18:24.412644-03:00,14
2025-10-12T18:29:33.180652-03:00,14
2025-10-12T18:40:03.932192-03:00,11
2025-10-12T18:51:12.740508-03:00,14
2025-10-12T19:17:02.849931-03:00,16
2025-10-12T19:32:27.036761-03:00,14
2025-10-12T19:45:42.629900-03:00,8
2025-10-12T19:56:25.339592-03:00,6
2025-10-12T20:18:58.694944-03:00,11
2025-10-12T20:29:48.900085-03:00,7
2025-10-12T20:41:04.476222-03:00,11
2025-10-12T20:56:21.988885-03:00,11
2025-10-12T22:50:45.955175-03:00,6
2025-10-13T00:10:16.932321-03:00,6
2025-10-13T00:49:08.828634-03:00,4
2025-10-13T01:00:44.724724-03:00,1
2025-10-13T01:34:24.636063-03:00,1
2025-10-13T01:49:44.168468-03:00,3
2025-10-13T02:00:28.131408-03:00,3
2025-10-13T02:31:35.905528-03:00,1
2025-10-13T02:46:53.856289-03:00,1
2025-10-13T02:57:31.740478-03:00,12
2025-10-13T03:38:52.270192-03:00,2
2025-10-13T03:55:39.398632-03:00,3
2025-10-13T04:21:15.507324-03:00,2
2025-10-13T04:39:51.975443-03:00,2
2025-10-13T04:50:50.423224-03:00,1
2025-10-13T05:29:00.096347-03:00,2
2025-10-13T05:51:33.099360-03:00,8
2025-10-13T06:24:37.238528-03:00,3
2025-10-13T06:44:06.303619-03:00,4
2025-10-13T06:56:31.271447-03:00,4
2025-10-13T07:27:10.873896-03:00,4
2025-10-13T07:46:15.303958-03:00,3
2025-10-13T07:56:38.961186-03:00,2
2025-10-13T08:19:29.903319-03:00,5
2025-10-13T08:30:54.226199-03:00,4
2025-10-13T08:45:56.147176-03:00,4
2025-10-13T08:56:34.988722-03:00,3
2025-10-13T09:49:23.667902-03:00,1
2025-10-13T10:22:17.455202-03:00,2
2025-10-13T10:47:16.503337-03:00,3
2025-10-13T10:58:12.325007-03:00,2
2025-10-13T11:27:44.322895-03:00,2
2025-10-13T11:45:20.546856-03:00,4
2025-10-13T11:56:40.789217-03:00,5
2025-10-13T12:23:48.211151-03:00,4
2025-10-13T12:40:52.125678-03:00,4
2025-10-13T12:56:25.017182-03:00,4
2025-10-13T13:28:46.989241-03:00,4
2025-10-13T13:47:57.850150-03:00,5
2025-10-13T13:59:03.491273-03:00,6
2025-10-13T14:23:06.466678-03:00,8
2025-10-13T14:39:45.293813-03:00,8
2025-10-13T14:51:03.883793-03:00,9
2025-10-13T15:27:49.036392-03:00,12
2025-10-13T15:48:59.108834-03:00,11
2025-10-13T15:59:39.658610-03:00,17
2025-10-13T16:20:22.592900-03:00,11
2025-10-13T16:37:38.183539-03:00,11
2025-10-13T16:48:45.970310-03:00,11
2025-10-13T16:59:18.080814-03:00,12
2025-10-13T17:28:36.607158-03:00,14
2025-10-13T17:42:44.684360-03:00,12
2025-10-13T17:55:57.105551-03:00,17
2025-10-13T18:18:29.794222-03:00,10
2025-10-13T18:29:30.193903-03:00,17
2025-10-13T18:39:58.181009-03:00,11
2025-10-13T18:50:29.255739-03:00,12
2025-10-13T19:18:05.436004-03:00,14
2025-10-13T19:35:09.034441-03:00,12
2025-10-13T19:45:54.152000-03:00,10
2025-10-13T19:56:48.424847-03:00,10
2025-10-13T20:20:05.486820-03:00,10
2025-10-13T20:31:33.173123-03:00,7
2025-10-13T20:45:48.988203-03:00,10
2025-10-13T20:56:31.909022-03:00,14
2025-10-13T22:46:20.213083-03:00,7
2025-10-13T23:53:55.895801-03:00,6
2025-10-14T00:33:22.850813-03:00,4
2025-10-14T00:51:37.441920-03:00,7
2025-10-14T01:24:11.022444-03:00,3
2025-10-14T01:42:32.032372-03:00,4
2025-10-14T01:56:02.802252-03:00,2
2025-10-14T02:20:38.399411-03:00,4
2025-10-14T02:40:10.766662-03:00,1
2025-10-14T02:51:05.469867-03:00,4
2025-10-14T03:30:19.845974-03:00,18
2025-10-14T03:51:07.815665-03:00,3
2025-10-14T04:19:58.566181-03:00,18
2025-10-14T04:34:15.905484-03:00,18
2025-10-14T04:45:54.516463-03:00,18
2025-10-14T04:56:51.787647-03:00,18
2025-10-14T05:30:09.308423-03:00,1
2025-10-14T05:48:41.267999-03:00,2
2025-10-14T05:59:11.302771-03:00,2
2025-10-14T06:29:08.185662-03:00,1
2025-10-14T06:44:22.386621-03:00,1
2025-10-14T06:56:23.555872-03:00,18
2025-10-14T07:24:39.593674-03:00,2
2025-10-14T07:44:05.921459-03:00,1
2025-10-14T07:56:28.894546-03:00,1
2025-10-14T08:18:51.725174-03:00,18
2025-10-14T08:30:09.377075-03:00,1
2025-10-14T08:41:58.626949-03:00,1
2025-10-14T08:56:12.118679-03:00,3
2025-10-14T09:49:16.037492-03:00,2
2025-10-14T10:22:42.851844-03:00,4
2025-10-14T10:46:49.097315-03:00,4
2025-10-14T10:58:13.974170-03:00,4
2025-10-14T11:28:18.879082-03:00,4
2025-10-14T11:47:09.834772-03:00,6
2025-10-14T11:58:17.449396-03:00,7
2025-10-14T12:29:04.791018-03:00,6
2025-10-14T12:42:26.361448-03:00,6
2025-10-14T12:56:30.086612-03:00,7
2025-10-14T13:28:59.563248-03:00,9
2025-10-14T13:48:41.032783-03:00,7
2025-10-14T13:59:15.695929-03:00,9
2025-10-14T14:22:25.238452-03:00,7
2025-10-14T14:38:15.090142-03:00,3
2025-10-14T14:49:26.360941-03:00,3
2025-10-14T15:00:00.656279-03:00,11
2025-10-14T15:37:59.043359-03:00,11
2025-10-14T15:51:38.653467-03:00,14
2025-10-14T16:16:23.276700-03:00,11
2025-10-14T16:28:36.683627-03:00,13
2025-10-14T16:40:23.043859-03:00,18
2025-10-14T16:55:56.878945-03:00,15
2025-10-14T17:23:42.824075-03:00,15
2025-10-14T17:41:06.465518-03:00,17
2025-10-14T17:56:07.395736-03:00,17
2025-10-14T18:18:46.522246-03:00,15
2025-10-14T18:30:41.841773-03:00,15
2025-10-14T18:45:44.313047-03:00,15
2025-10-14T18:56:21.494577-03:00,13
2025-10-14T19:20:32.790488-03:00,10
2025-10-14T19:39:44.821573-03:00,9
2025-10-14T19:50:29.619204-03:00,10
2025-10-14T20:17:50.590185-03:00,11
2025-10-14T20:30:29.014847-03:00,11
2025-10-14T20:45:57.817379-03:00,14
2025-10-14T20:57:02.933936-03:00,13
2025-10-14T22:52:36.212779-03:00,8
2025-10-15T00:04:48.315423-03:00,6
2025-10-15T00:41:51.154325-03:00,7
2025-10-15T00:56:50.557837-03:00,8
2025-10-15T01:27:38.845933-03:00,8
2025-10-15T01:44:48.571431-03:00,7
2025-10-15T01:55:48.184357-03:00,6
2025-10-15T02:20:39.107044-03:00,7
2025-10-15T02:40:50.108594-03:00,8
2025-10-15T02:56:26.915232-03:00,8
2025-10-15T03:34:00.977697-03:00,6
2025-10-15T03:53:10.252569-03:00,5
2025-10-15T04:20:16.777958-03:00,7
2025-10-15T04:36:35.991169-03:00,5
2025-10-15T04:47:40.700803-03:00,5
2025-10-15T04:58:28.948516-03:00,6
2025-10-15T05:36:50.735036-03:00,8
2025-10-15T05:54:46.749395-03:00,4
2025-10-15T06:22:04.580955-03:00,5
2025-10-15T06:42:16.234543-03:00,4
2025-10-15T06:55:47.078991-03:00,4
2025-10-15T07:23:53.262734-03:00,4
2025-10-15T07:45:28.842471-03:00,4
2025-10-15T07:56:50.812068-03:00,3
2025-10-15T08:19:58.237737-03:00,2
2025-10-15T08:31:20.299618-03:00,3
2025-10-15T08:46:00.379439-03:00,3
2025-10-15T08:56:42.755171-03:00,3
2025-10-15T09:51:00.383986-03:00,1
2025-10-15T10:32:32.021427-03:00,1
2025-10-15T10:51:35.736601-03:00,2
2025-10-15T11:20:54.093277-03:00,2
2025-10-15T11:45:43.092354-03:00,2
2025-10-15T11:56:36.285230-03:00,5
2025-10-15T12:22:31.904053-03:00,4
2025-10-15T12:40:16.602826-03:00,3
2025-10-15T12:50:57.363371-03:00,6
2025-10-15T13:22:05.305015-03:00,3
2025-10-15T13:45:02.516360-03:00,10
2025-10-15T13:56:28.782801-03:00,10
2025-10-15T14:20:06.082173-03:00,14
2025-10-15T14:36:24.589849-03:00,12
2025-10-15T14:47:09.630033-03:00,12
2025-10-15T14:57:58.119555-03:00,13
2025-10-15T15:38:07.173994-03:00,11
2025-10-15T15:53:25.172417-03:00,8
2025-10-15T16:16:27.999043-03:00,11
2025-10-15T16:28:32.803357-03:00,14
2025-10-15T16:40:30.935937-03:00,11
2025-10-15T16:55:51.935323-03:00,13
2025-10-15T17:00:35.783581-03:00,13
2025-10-15T17:24:35.620478-03:00,14
2025-10-15T17:41:55.385250-03:00,13
2025-10-15T17:56:10.530551-03:00,12
2025-10-15T18:19:20.628371-03:00,13
2025-10-15T18:31:19.158197-03:00,12
2025-10-15T18:46:15.740771-03:00,11
2025-10-15T18:56:46.093788-03:00,9
2025-10-15T19:19:57.341844-03:00,10
2025-10-15T19:34:45.982578-03:00,9
2025-10-15T19:46:22.802890-03:00,6
2025-10-15T19:57:01.110307-03:00,7
2025-10-15T20:21:19.626199-03:00,8
2025-10-15T20:47:50.234728-03:00,6
2025-10-15T20:58:35.674060-03:00,6
2025-10-15T22:59:25.611595-03:00,6
2025-10-16T00:09:01.855653-03:00,8
2025-10-16T00:44:47.577443-03:00,2
2025-10-16T00:57:14.602544-03:00,1
2025-10-16T01:28:20.113805-03:00,2
2025-10-16T01:44:32.924762-03:00,10
2025-10-16T01:56:41.293573-03:00,2
2025-10-16T02:22:19.264450-03:00,2
2025-10-16T02:40:27.153435-03:00,1
2025-10-16T02:56:02.723065-03:00,10
2025-10-16T03:32:40.130795-03:00,10
2025-10-16T03:52:42.540206-03:00,4
2025-10-16T04:20:03.458847-03:00,1
2025-10-16T04:34:54.176281-03:00,1
2025-10-16T04:46:10.714996-03:00,10
2025-10-16T04:56:54.570322-03:00,1
2025-10-16T05:33:41.724807-03:00,3
2025-10-16T05:54:29.746260-03:00,2
2025-10-16T06:22:36.762369-03:00,2
2025-10-16T06:42:21.903275-03:00,4
2025-10-16T06:56:07.843459-03:00,2
2025-10-16T07:25:10.763734-03:00,2
2025-10-16T07:44:22.401764-03:00,5
2025-10-16T07:55:56.203684-03:00,4
2025-10-16T08:18:41.300785-03:00,3
2025-10-16T08:31:13.966274-03:00,3
2025-10-16T08:57:01.474264-03:00,4
2025-10-16T09:52:30.000942-03:00,3
2025-10-16T10:31:49.702482-03:00,3
2025-10-16T10:51:21.483910-03:00,3
2025-10-16T11:20:20.044335-03:00,4
2025-10-16T11:44:45.032098-03:00,3
2025-10-16T11:56:14.854036-03:00,5
2025-10-16T12:24:04.143432-03:00,2
2025-10-16T12:41:54.146177-03:00,9
2025-10-16T12:56:26.541879-03:00,4
2025-10-16T13:29:47.403395-03:00,7
2025-10-16T13:49:19.856727-03:00,7
2025-10-16T14:00:36.521179-03:00,7
2025-10-16T14:29:07.428599-03:00,10
2025-10-16T14:43:13.450474-03:00,11
2025-10-16T14:56:21.776959-03:00,3
2025-10-16T15:32:52.318740-03:00,8
2025-10-16T15:52:33.249044-03:00,11
2025-10-16T16:14:45.132064-03:00,9
2025-10-16T16:27:08.758983-03:00,10
2025-10-16T16:39:44.062025-03:00,9
2025-10-16T16:50:57.270304-03:00,11
2025-10-16T17:22:02.329384-03:00,10
2025-10-16T17:41:07.127790-03:00,12
2025-10-16T17:56:40.398772-03:00,11
2025-10-16T18:19:19.154442-03:00,15
2025-10-16T18:29:54.933219-03:00,11
2025-10-16T18:41:40.019238-03:00,12
2025-10-16T18:55:57.938026-03:00,15
2025-10-16T19:17:12.681392-03:00,10
2025-10-16T19:32:07.838895-03:00,15
2025-10-16T19:46:45.736994-03:00,14
2025-10-16T19:57:59.634678-03:00,13
2025-10-16T20:20:30.732374-03:00,8
2025-10-16T20:38:09.582203-03:00,8
2025-10-16T20:49:28.557808-03:00,8
2025-10-16T21:00:06.209263-03:00,7
2025-10-16T22:59:00.761746-03:00,4
2025-10-17T00:07:11.504599-03:00,6
2025-10-17T00:40:51.016289-03:00,9
2025-10-17T00:56:47.083837-03:00,8
2025-10-17T01:28:14.214651-03:00,5
2025-10-17T01:45:05.261005-03:00,1
2025-10-17T01:56:22.676434-03:00,3
2025-10-17T02:20:59.797947-03:00,3
2025-10-17T02:40:29.371689-03:00,2
2025-10-17T02:56:41.644116-03:00,1
2025-10-17T03:33:12.963355-03:00,3
2025-10-17T03:52:31.864082-03:00,2
2025-10-17T04:19:36.196053-03:00,3
2025-10-17T04:33:21.888874-03:00,6
2025-10-17T04:46:09.718323-03:00,4
2025-10-17T04:56:57.334239-03:00,3
2025-10-17T05:31:43.983649-03:00,2
2025-10-17T05:52:19.791961-03:00,2
2025-10-17T06:22:00.543102-03:00,2
2025-10-17T06:40:46.503460-03:00,2
2025-10-17T06:56:40.740865-03:00,14
2025-10-17T07:24:19.832344-03:00,2
2025-10-17T07:42:44.949110-03:00,2
2025-10-17T07:56:02.713913-03:00,2
2025-10-17T08:17:31.813652-03:00,2
2025-10-17T08:29:28.229958-03:00,3
2025-10-17T08:41:22.956212-03:00,1
2025-10-17T08:56:09.031627-03:00,1
2025-10-17T09:45:36.291578-03:00,2
2025-10-17T10:18:44.272027-03:00,4
2025-10-17T10:41:12.646251-03:00,3
2025-10-17T10:56:19.577119-03:00,5
2025-10-17T11:22:08.087783-03:00,6
2025-10-17T11:42:52.863289-03:00,3
2025-10-17T11:56:31.672849-03:00,2
2025-10-17T12:22:51.703561-03:00,3
2025-10-17T12:40:39.932883-03:00,2
2025-10-17T12:56:28.872488-03:00,5
2025-10-17T13:27:38.504244-03:00,9
2025-10-17T13:47:21.874076-03:00,7
2025-10-17T13:57:49.518842-03:00,6
2025-10-17T14:22:08.479854-03:00,4
2025-10-17T14:39:23.890180-03:00,4
2025-10-17T14:50:01.717712-03:00,4
2025-10-17T15:10:07.360403-03:00,7
2025-10-17T15:38:46.549966-03:00,11
2025-10-17T15:52:21.821145-03:00,13
2025-10-17T16:15:35.120296-03:00,9
2025-10-17T16:27:06.816562-03:00,9
2025-10-17T16:39:19.806376-03:00,8
2025-10-17T16:50:33.299453-03:00,11
2025-10-17T17:22:00.772935-03:00,13
2025-10-17T17:40:30.898736-03:00,11
2025-10-17T17:56:10.997851-03:00,15
2025-10-17T18:19:30.525023-03:00,11
2025-10-17T18:30:43.606521-03:00,8
2025-10-17T18:45:58.109785-03:00,11
2025-10-17T18:56:44.674598-03:00,11
2025-10-17T19:20:41.850536-03:00,9
2025-10-17T19:39:33.769315-03:00,9
2025-10-17T19:50:11.791801-03:00,9
2025-10-17T20:08:04.096150-03:00,11
2025-10-17T20:26:04.164707-03:00,9
2025-10-17T20:38:02.699325-03:00,6
2025-10-17T20:49:05.094339-03:00,6
2025-10-17T20:59:47.048071-03:00,8
2025-10-17T22:53:51.641929-03:00,8
2025-10-17T23:55:22.794746-03:00,1
2025-10-18T00:28:37.475703-03:00,3
2025-10-18T00:46:38.876378-03:00,4
2025-10-18T00:57:12.561570-03:00,3
2025-10-18T01:27:02.137893-03:00,1
2025-10-18T01:42:18.836841-03:00,1
2025-10-18T01:56:05.521742-03:00,1
2025-10-18T02:19:40.327378-03:00,2
2025-10-18T02:35:44.891178-03:00,1
2025-10-18T02:46:40.083103-03:00,1
2025-10-18T02:57:08.530016-03:00,3
2025-10-18T03:32:54.298141-03:00,3
2025-10-18T03:49:36.974795-03:00,3
2025-10-18T04:00:24.459875-03:00,3
2025-10-18T04:24:35.248570-03:00,2
2025-10-18T04:37:16.457657-03:00,1
2025-10-18T04:48:15.307367-03:00,1
2025-10-18T04:59:23.564311-03:00,11
2025-10-18T05:31:25.665045-03:00,3
2025-10-18T05:49:15.606839-03:00,2
2025-10-18T06:00:26.014457-03:00,2
2025-10-18T06:26:19.947151-03:00,1
2025-10-18T06:39:00.330351-03:00,3
2025-10-18T06:50:11.547112-03:00,2
2025-10-18T07:08:07.325276-03:00,1
2025-10-18T07:31:12.414821-03:00,4
2025-10-18T07:46:22.314689-03:00,1
2025-10-18T07:57:26.516783-03:00,1
2025-10-18T08:18:30.418445-03:00,1
2025-10-18T08:29:09.795527-03:00,11
2025-10-18T08:40:22.379283-03:00,3
2025-10-18T08:55:53.548814-03:00,1
2025-10-18T09:39:22.389607-03:00,2
2025-10-18T10:04:26.148804-03:00,3
2025-10-18T10:29:51.224338-03:00,2
2025-10-18T10:41:09.525317-03:00,3
2025-10-18T10:55:53.857202-03:00,3
2025-10-18T11:17:41.539045-03:00,1
2025-10-18T11:32:38.267104-03:00,3
2025-10-18T11:46:29.668376-03:00,4
2025-10-18T11:57:09.194545-03:00,3
2025-10-18T12:21:13.638231-03:00,5
2025-10-18T12:37:18.523046-03:00,7
2025-10-18T12:48:19.503104-03:00,7
2025-10-18T12:58:58.246892-03:00,7
2025-10-18T13:29:33.515748-03:00,10
2025-10-18T13:44:42.797735-03:00,9
2025-10-18T13:55:47.394371-03:00,7
2025-10-18T14:16:20.794828-03:00,9
2025-10-18T14:30:22.525383-03:00,13
2025-10-18T14:46:24.207524-03:00,11
2025-10-18T14:57:02.193712-03:00,18
2025-10-18T15:30:24.321866-03:00,17
2025-10-18T15:48:36.277015-03:00,16
2025-10-18T15:59:44.352013-03:00,11
2025-10-18T16:18:41.581744-03:00,15
2025-10-18T16:29:41.997577-03:00,18
2025-10-18T16:40:32.436214-03:00,17
2025-10-18T16:56:03.551488-03:00,13
2025-10-18T17:21:35.864632-03:00,10
2025-10-18T17:38:32.986409-03:00,10
2025-10-18T17:49:12.594401-03:00,10
2025-10-18T18:00:24.121712-03:00,9
2025-10-18T18:23:48.456340-03:00,14
2025-10-18T18:36:57.977508-03:00,9
2025-10-18T18:48:10.886353-03:00,9
2025-10-18T18:59:03.972863-03:00,7
2025-10-18T19:23:47.649299-03:00,12
2025-10-18T19:39:00.664253-03:00,13
2025-10-18T19:50:13.441440-03:00,11
2025-10-18T20:07:40.180256-03:00,7
2025-10-18T20:26:04.329716-03:00,9
2025-10-18T20:38:30.257651-03:00,9
2025-10-18T20:49:41.794548-03:00,9
2025-10-18T21:00:32.597272-03:00,14
2025-10-18T23:19:43.701320-03:00,9
2025-10-19T00:31:31.138595-03:00,5
2025-10-19T00:59:53.162077-03:00,7
2025-10-19T01:31:29.579852-03:00,9
2025-10-19T01:48:35.774932-03:00,4
2025-10-19T01:59:29.438548-03:00,5
2025-10-19T02:26:15.659463-03:00,6
2025-10-19T02:41:14.517690-03:00,5
2025-10-19T02:56:20.654164-03:00,5
2025-10-19T03:31:44.480100-03:00,1
2025-10-19T03:49:43.175175-03:00,1
2025-10-19T04:00:25.260156-03:00,2
2025-10-19T04:23:51.235535-03:00,1
2025-10-19T04:37:10.905538-03:00,2
2025-10-19T04:48:07.733017-03:00,2
2025-10-19T04:58:42.237461-03:00,2
2025-10-19T05:30:06.614666-03:00,2
2025-10-19T05:44:57.112822-03:00,1
2025-10-19T05:55:51.571435-03:00,3
2025-10-19T06:19:13.546103-03:00,3
2025-10-19T06:30:59.011489-03:00,3
2025-10-19T06:46:15.169369-03:00,3
2025-10-19T06:57:31.583511-03:00,3
2025-10-19T07:23:42.729413-03:00,6
2025-10-19T07:39:50.084589-03:00,6
2025-10-19T07:50:42.784693-03:00,6
2025-10-19T08:14:27.096227-03:00,7
2025-10-19T08:26:51.942586-03:00,3
2025-10-19T08:39:03.384504-03:00,5
2025-10-19T09:14:41.424171-03:00,7
2025-10-19T09:54:43.077625-03:00,4
2025-10-19T10:23:16.582018-03:00,5
2025-10-19T10:38:41.801009-03:00,5
2025-10-19T10:49:49.031244-03:00,5
2025-10-19T11:01:18.932598-03:00,7
2025-10-19T11:27:23.370660-03:00,5
2025-10-19T11:40:21.091675-03:00,7
2025-10-19T11:55:42.228958-03:00,6
2025-10-19T12:18:40.753766-03:00,8
2025-10-19T12:30:55.002905-03:00,5
2025-10-19T12:46:05.188458-03:00,6
2025-10-19T12:57:03.568825-03:00,6
2025-10-19T13:27:12.952466-03:00,8
2025-10-19T13:43:50.721252-03:00,4
2025-10-19T13:56:09.159746-03:00,8
2025-10-19T14:17:28.479342-03:00,6
2025-10-19T14:31:37.650628-03:00,3
2025-10-19T14:45:55.473366-03:00,10
2025-10-19T14:56:37.008669-03:00,11
2025-10-19T15:30:01.836365-03:00,20
2025-10-19T15:46:44.882667-03:00,13
2025-10-19T15:57:44.771161-03:00,11
2025-10-19T16:18:43.009809-03:00,12
2025-10-19T16:29:13.170938-03:00,12
2025-10-19T16:40:14.494669-03:00,12
2025-10-19T16:51:24.313802-03:00,15
2025-10-19T17:20:41.021054-03:00,12
2025-10-19T17:39:45.664004-03:00,13
2025-10-19T17:50:41.458730-03:00,21
2025-10-19T18:16:35.154162-03:00,17
2025-10-19T18:29:20.618204-03:00,11
2025-10-19T18:40:25.493440-03:00,13
2025-10-19T18:56:07.582520-03:00,12
2025-10-19T19:19:47.820213-03:00,11
2025-10-19T19:35:45.538502-03:00,11
2025-10-19T19:46:54.805749-03:00,11
2025-10-19T19:57:40.056243-03:00,9
2025-10-19T20:22:19.971360-03:00,11
2025-10-19T20:37:42.810350-03:00,12
2025-10-19T20:48:20.628005-03:00,12
2025-10-19T20:58:51.613360-03:00,11
2025-10-19T23:08:51.755038-03:00,8
2025-10-20T00:31:14.939098-03:00,4
2025-10-20T01:01:36.789307-03:00,4
2025-10-20T01:35:33.284442-03:00,6
2025-10-20T01:49:18.982766-03:00,6
2025-10-20T02:00:14.433506-03:00,6
2025-10-20T02:28:35.055435-03:00,5
2025-10-20T02:43:19.596748-03:00,4
2025-10-20T02:56:02.908239-03:00,4
2025-10-20T03:34:01.579575-03:00,6
2025-10-20T03:54:32.427238-03:00,4
2025-10-20T04:20:21.252479-03:00,4
2025-10-20T04:39:25.902054-03:00,3
2025-10-20T04:49:58.652663-03:00,3
2025-10-20T05:12:51.144494-03:00,4
2025-10-20T05:42:28.141314-03:00,4
2025-10-20T05:56:45.082086-03:00,2
2025-10-20T06:28:02.650718-03:00,2
2025-10-20T06:44:02.257655-03:00,1
2025-10-20T06:55:59.502327-03:00,1
2025-10-20T07:24:45.406586-03:00,19
2025-10-20T07:45:21.573392-03:00,2
2025-10-20T07:56:36.992238-03:00,2
2025-10-20T08:20:21.280526-03:00,3
2025-10-20T08:38:01.401186-03:00,3
2025-10-20T08:48:51.907512-03:00,3
2025-10-20T08:59:47.691134-03:00,3
2025-10-20T09:56:23.279348-03:00,4
2025-10-20T10:32:19.068381-03:00,2
2025-10-20T10:49:52.473023-03:00,2
2025-10-20T11:00:22.518347-03:00,1
2025-10-20T11:32:13.465416-03:00,1
2025-10-20T11:49:27.116625-03:00,5
2025-10-20T12:00:03.808242-03:00,3
2025-10-20T12:28:02.699363-03:00,3
2025-10-20T12:42:54.395112-03:00,7
2025-10-20T12:56:25.905378-03:00,9
2025-10-20T13:29:03.978484-03:00,5
2025-10-20T13:49:03.080292-03:00,4
2025-10-20T13:59:44.684673-03:00,8
2025-10-20T14:25:09.288701-03:00,11
2025-10-20T14:40:32.671301-03:00,7
2025-10-20T14:55:55.372906-03:00,10
2025-10-20T15:32:59.564487-03:00,20
2025-10-20T15:54:29.840758-03:00,16
2025-10-20T16:17:01.103660-03:00,13
2025-10-20T16:30:06.039045-03:00,15
2025-10-20T16:41:39.444019-03:00,14
2025-10-20T16:56:18.785301-03:00,17
2025-10-20T17:25:40.260757-03:00,13
2025-10-20T17:42:39.899783-03:00,10
2025-10-20T17:56:09.990557-03:00,17
2025-10-20T18:20:18.671254-03:00,16
2025-10-20T18:33:43.450034-03:00,16
2025-10-20T18:46:37.572309-03:00,14
2025-10-20T18:57:29.552370-03:00,13
2025-10-20T19:23:03.895149-03:00,16
2025-10-20T19:40:11.852475-03:00,11
2025-10-20T19:51:23.286076-03:00,11
2025-10-20T20:17:45.753186-03:00,14
2025-10-20T20:30:47.902921-03:00,10
2025-10-20T20:46:31.089463-03:00,10
2025-10-20T20:57:01.296088-03:00,10
2025-10-20T22:52:51.736022-03:00,8
2025-10-21T00:06:19.425949-03:00,5
2025-10-21T00:43:49.535061-03:00,6
2025-10-21T00:57:23.346271-03:00,5
2025-10-21T01:29:00.402002-03:00,2
2025-10-21T01:45:44.247011-03:00,3
2025-10-21T01:56:29.759364-03:00,10
2025-10-21T02:22:33.049685-03:00,2
2025-10-21T02:41:07.091162-03:00,2
2025-10-21T02:56:22.439774-03:00,10
2025-10-21T03:33:42.833291-03:00,1
2025-10-21T03:53:19.693149-03:00,10
2025-10-21T04:20:41.856002-03:00,10
2025-10-21T04:39:45.234932-03:00,2
2025-10-21T04:50:51.332260-03:00,2
2025-10-21T05:29:06.747043-03:00,3
2025-10-21T05:51:44.375125-03:00,10
2025-10-21T06:22:19.214247-03:00,2
2025-10-21T06:42:24.470901-03:00,2
2025-10-21T06:56:22.062492-03:00,10
2025-10-21T07:24:25.619274-03:00,10
2025-10-21T07:44:12.128603-03:00,10
2025-10-21T07:56:00.954270-03:00,10
2025-10-21T08:18:13.769713-03:00,3
2025-10-21T08:30:42.086828-03:00,1
2025-10-21T08:46:20.641553-03:00,2
2025-10-21T08:56:53.847072-03:00,2
2025-10-21T09:51:59.979866-03:00,4
2025-10-21T10:34:11.322330-03:00,2
2025-10-21T10:53:08.097246-03:00,2
2025-10-21T11:19:21.012157-03:00,2
2025-10-21T11:37:55.167073-03:00,1
2025-10-21T11:51:32.951539-03:00,1
2025-10-21T12:20:29.994948-03:00,2
2025-10-21T12:41:12.233335-03:00,3
2025-10-21T12:56:31.279432-03:00,9
2025-10-21T13:29:54.888599-03:00,4
2025-10-21T13:48:36.994660-03:00,9
2025-10-21T13:59:28.660889-03:00,7
2025-10-21T14:24:25.938542-03:00,6
2025-10-21T14:41:07.309752-03:00,9
2025-10-21T14:56:24.840909-03:00,12
2025-10-21T15:32:58.772363-03:00,13
2025-10-21T15:53:50.886175-03:00,9
2025-10-21T16:16:49.219039-03:00,10
2025-10-21T16:29:57.997823-03:00,12
2025-10-21T16:42:08.538244-03:00,11
2025-10-21T16:56:17.047209-03:00,13
2025-10-21T17:26:11.377863-03:00,15
2025-10-21T17:43:45.319914-03:00,5
2025-10-21T17:56:24.425718-03:00,7
2025-10-21T18:20:20.592664-03:00,10
2025-10-21T18:32:39.536325-03:00,10
2025-10-21T18:46:31.761705-03:00,10
2025-10-21T18:57:45.885814-03:00,10
2025-10-21T19:21:41.947580-03:00,9
2025-10-21T19:39:21.296260-03:00,7
2025-10-21T19:50:20.299677-03:00,7
2025-10-21T20:08:11.530317-03:00,7
2025-10-21T20:28:12.981448-03:00,5
2025-10-21T20:41:29.838624-03:00,4
2025-10-21T20:56:00.707815-03:00,5
2025-10-21T22:46:24.794919-03:00,5
2025-10-22T00:03:30.811451-03:00,4
2025-10-22T00:49:39.378430-03:00,6
2025-10-22T01:11:09.600080-03:00,6
2025-10-22T01:39:54.430062-03:00,3
2025-10-22T01:52:28.340446-03:00,5
2025-10-22T02:20:20.259122-03:00,6
2025-10-22T02:39:08.441383-03:00,1
2025-10-22T02:49:44.409836-03:00,1
2025-10-22T03:00:21.891847-03:00,1
2025-10-22T03:40:41.209801-03:00,10
2025-10-22T03:58:55.758436-03:00,10
2025-10-22T04:26:09.936255-03:00,1
2025-10-22T04:41:02.564152-03:00,3
2025-10-22T04:56:23.123503-03:00,4
2025-10-22T05:33:04.101157-03:00,3
2025-10-22T05:55:10.613957-03:00,6
2025-10-22T06:23:26.410953-03:00,1
2025-10-22T06:44:10.284462-03:00,10
2025-10-22T06:56:15.994035-03:00,2
2025-10-22T07:25:28.122914-03:00,4
2025-10-22T07:46:09.044902-03:00,5
2025-10-22T07:56:59.451082-03:00,4
2025-10-22T08:20:59.787937-03:00,1
2025-10-22T08:38:54.422666-03:00,3
2025-10-22T08:49:54.307448-03:00,3
2025-10-22T09:00:27.992834-03:00,3
2025-10-22T10:00:54.081778-03:00,4
2025-10-22T10:42:39.120638-03:00,2
2025-10-22T10:58:13.497044-03:00,1
2025-10-22T11:29:21.116378-03:00,2
2025-10-22T11:50:19.433273-03:00,3
2025-10-22T12:08:55.241014-03:00,5
2025-10-22T12:32:36.898677-03:00,6
2025-10-22T12:47:11.489347-03:00,6
2025-10-22T12:58:21.069670-03:00,10
2025-10-22T13:35:16.246627-03:00,11
2025-10-22T13:53:52.561051-03:00,7
2025-10-22T14:18:34.169708-03:00,7
2025-10-22T14:36:20.649990-03:00,7
2025-10-22T14:47:29.425814-03:00,7
2025-10-22T14:58:38.354703-03:00,10
2025-10-22T15:39:41.793969-03:00,7
2025-10-22T15:56:03.697632-03:00,16
2025-10-22T16:16:31.670714-03:00,8
2025-10-22T16:27:57.482018-03:00,9
2025-10-22T16:41:05.564049-03:00,16
2025-10-22T16:55:51.600729-03:00,11
2025-10-22T17:25:29.494171-03:00,19
2025-10-22T17:41:06.006072-03:00,15
2025-10-22T17:56:00.165124-03:00,13
2025-10-22T18:16:55.146129-03:00,11
2025-10-22T18:28:03.716373-03:00,18
2025-10-22T18:39:22.969993-03:00,14
2025-10-22T18:49:53.088200-03:00,14
2025-10-22T19:01:05.409981-03:00,14
2025-10-22T19:26:17.796612-03:00,19
2025-10-22T19:37:32.300221-03:00,17
2025-10-22T19:48:38.167342-03:00,17
2025-10-22T19:59:16.948008-03:00,16
2025-10-22T20:22:49.698674-03:00,15
2025-10-22T20:37:24.089048-03:00,7
2025-10-22T20:48:18.103746-03:00,7
2025-10-22T20:58:44.671782-03:00,8
2025-10-22T23:00:17.105726-03:00,7
2025-10-23T00:09:45.672125-03:00,5
2025-10-23T00:43:52.440562-03:00,7
2025-10-23T00:56:49.669351-03:00,7
2025-10-23T01:27:40.963839-03:00,8
2025-10-23T01:45:04.349311-03:00,8
2025-10-23T01:56:13.174897-03:00,7
2025-10-23T02:21:26.622609-03:00,5
2025-10-23T02:41:09.834704-03:00,9
2025-10-23T02:55:53.920997-03:00,6
2025-10-23T03:32:42.189791-03:00,4
2025-10-23T03:53:40.748018-03:00,4
2025-10-23T04:20:09.858926-03:00,4
2025-10-23T04:35:07.887219-03:00,1
2025-10-23T04:46:43.466494-03:00,4
2025-10-23T04:57:31.175516-03:00,7
2025-10-23T05:34:49.163057-03:00,3
2025-10-23T05:53:36.233161-03:00,2
2025-10-23T06:22:33.327046-03:00,1
2025-10-23T06:42:14.355744-03:00,16
2025-10-23T06:56:08.149797-03:00,2
2025-10-23T07:24:17.240860-03:00,5
2025-10-23T07:43:53.260478-03:00,4
2025-10-23T07:55:54.145205-03:00,7
2025-10-23T08:18:34.726076-03:00,8
2025-10-23T08:31:05.411862-03:00,8
2025-10-23T08:46:43.025203-03:00,7
2025-10-23T08:57:30.363037-03:00,8
2025-10-23T09:55:15.169991-03:00,5
2025-10-23T10:32:33.326563-03:00,5
2025-10-23T10:51:52.808191-03:00,3
2025-10-23T11:21:03.751229-03:00,4
2025-10-23T11:45:30.347729-03:00,5
2025-10-23T11:56:51.219292-03:00,3
2025-10-23T12:25:28.824649-03:00,4
2025-10-23T12:40:44.366304-03:00,5
2025-10-23T12:56:22.124502-03:00,4
2025-10-23T13:29:13.119250-03:00,4
2025-10-23T13:49:34.896776-03:00,4
2025-10-23T14:00:36.436616-03:00,10
2025-10-23T14:28:46.921044-03:00,7
2025-10-23T14:43:19.524128-03:00,9
2025-10-23T14:56:13.275303-03:00,11
2025-10-23T15:32:29.668377-03:00,11
2025-10-23T15:53:12.142751-03:00,11
2025-10-23T16:16:41.512608-03:00,10
2025-10-23T16:28:47.238363-03:00,12
2025-10-23T16:41:15.870928-03:00,11
2025-10-23T16:55:56.119830-03:00,11
2025-10-23T17:23:00.578675-03:00,10
2025-10-23T17:41:14.480480-03:00,8
2025-10-23T17:56:31.540916-03:00,10
2025-10-23T18:19:10.323895-03:00,11
2025-10-23T18:29:47.837921-03:00,8
2025-10-23T18:40:24.377831-03:00,9
2025-10-23T18:51:15.876538-03:00,9
2025-10-23T19:18:38.825379-03:00,9
2025-10-23T19:36:09.984047-03:00,11
2025-10-23T19:47:06.326874-03:00,12
2025-10-23T19:57:54.727077-03:00,9
2025-10-23T20:22:15.811430-03:00,9
2025-10-23T20:37:31.458853-03:00,8
2025-10-23T20:48:38.290296-03:00,8
2025-10-23T20:59:25.543514-03:00,6
2025-10-23T22:56:31.476997-03:00,9
2025-10-24T00:03:13.770902-03:00,7
2025-10-24T00:39:32.601820-03:00,5
2025-10-24T00:53:05.262479-03:00,3
2025-10-24T01:24:22.300769-03:00,5
2025-10-24T01:42:32.656958-03:00,4
2025-10-24T01:56:01.812148-03:00,5
2025-10-24T02:20:50.425617-03:00,2
2025-10-24T02:40:31.013925-03:00,4
2025-10-24T02:56:09.487603-03:00,4
2025-10-24T03:32:00.251066-03:00,5
2025-10-24T03:52:40.944205-03:00,6
2025-10-24T04:19:16.182807-03:00,4
2025-10-24T04:32:32.362234-03:00,5
2025-10-24T04:45:55.365316-03:00,4
2025-10-24T04:56:28.034171-03:00,5
2025-10-24T05:30:20.387271-03:00,4
2025-10-24T05:50:57.160891-03:00,6
2025-10-24T06:22:19.547996-03:00,6
2025-10-24T06:40:52.140680-03:00,6
2025-10-24T06:56:33.100506-03:00,4
2025-10-24T07:26:04.451961-03:00,3
2025-10-24T07:45:16.318289-03:00,4
2025-10-24T07:55:55.898625-03:00,4
2025-10-24T08:18:31.971477-03:00,3
2025-10-24T08:31:49.717057-03:00,3
2025-10-24T08:46:41.544228-03:00,4
2025-10-24T08:57:13.167573-03:00,5
2025-10-24T09:53:02.887188-03:00,3
2025-10-24T10:31:35.928978-03:00,2
2025-10-24T10:49:27.335878-03:00,2
2025-10-24T11:00:18.087523-03:00,3
2025-10-24T11:29:11.754316-03:00,5
2025-10-24T11:47:34.549326-03:00,4
2025-10-24T11:58:31.702096-03:00,5
2025-10-24T12:28:12.049248-03:00,8
2025-10-24T12:43:36.733620-03:00,7
2025-10-24T12:56:18.141718-03:00,5
2025-10-24T13:28:05.408456-03:00,6
2025-10-24T13:48:39.903355-03:00,6
2025-10-24T13:59:17.795957-03:00,4
2025-10-24T14:24:30.263730-03:00,10
2025-10-24T14:40:21.450086-03:00,2
2025-10-24T14:51:10.778449-03:00,2
2025-10-24T15:27:32.830321-03:00,9
2025-10-24T15:49:11.421534-03:00,12
2025-10-24T15:59:58.836302-03:00,11
2025-10-24T16:22:10.452051-03:00,8
2025-10-24T16:38:18.900515-03:00,12
2025-10-24T16:49:12.695208-03:00,12
2025-10-24T16:59:46.425930-03:00,13
2025-10-24T17:29:37.205660-03:00,12
2025-10-24T17:44:27.342743-03:00,13
2025-10-24T17:56:03.942809-03:00,14
2025-10-24T18:18:41.041580-03:00,16
2025-10-24T18:31:19.371897-03:00,15
2025-10-24T18:46:25.800695-03:00,15
2025-10-24T18:56:58.833929-03:00,19
2025-10-24T19:22:35.212266-03:00,18
2025-10-24T19:40:53.786018-03:00,18
2025-10-24T19:56:38.162578-03:00,18
2025-10-24T20:20:29.522481-03:00,17
2025-10-24T20:37:52.028766-03:00,13
2025-10-24T20:48:56.481536-03:00,13
2025-10-24T21:00:01.708677-03:00,22
2025-10-24T22:58:48.369921-03:00,10
2025-10-25T00:08:25.329391-03:00,8
2025-10-25T00:42:31.485151-03:00,9
2025-10-25T00:56:41.565978-03:00,6
2025-10-25T01:26:01.739686-03:00,4
2025-10-25T01:42:17.709954-03:00,4
2025-10-25T01:56:02.241722-03:00,9
2025-10-25T02:36:34.217313-03:00,7
2025-10-25T02:47:45.306120-03:00,7
2025-10-25T02:58:31.541880-03:00,8
2025-10-25T03:34:44.308208-03:00,6
2025-10-25T03:49:48.325605-03:00,8
2025-10-25T04:00:20.211145-03:00,8
2025-10-25T04:23:32.330206-03:00,6
2025-10-25T04:37:17.061454-03:00,6
2025-10-25T04:48:23.768409-03:00,6
2025-10-25T04:58:56.869780-03:00,5
2025-10-25T05:30:21.647759-03:00,7
2025-10-25T05:45:25.785045-03:00,7
2025-10-25T05:56:20.029648-03:00,7
2025-10-25T06:20:17.105425-03:00,6
2025-10-25T06:31:50.697994-03:00,3
2025-10-25T06:46:33.250925-03:00,4
2025-10-25T06:57:36.310233-03:00,3
2025-10-25T07:24:10.303083-03:00,2
2025-10-25T07:39:42.684403-03:00,24
2025-10-25T07:50:11.669409-03:00,24
2025-10-25T08:02:54.857228-03:00,24
2025-10-25T08:22:07.580545-03:00,1
2025-10-25T08:37:55.277729-03:00,4
2025-10-25T08:48:40.308599-03:00,4
2025-10-25T08:59:27.449204-03:00,5
2025-10-25T09:49:08.404913-03:00,4
2025-10-25T10:13:50.427278-03:00,6
2025-10-25T10:33:47.912931-03:00,5
2025-10-25T10:46:33.291443-03:00,5
2025-10-25T10:57:11.024337-03:00,6
2025-10-25T11:20:05.312600-03:00,3
2025-10-25T11:34:17.205243-03:00,7
2025-10-25T11:46:35.757315-03:00,8
2025-10-25T11:57:13.818375-03:00,10
2025-10-25T12:21:35.936055-03:00,7
2025-10-25T12:37:52.247176-03:00,4
2025-10-25T12:49:06.698335-03:00,4
2025-10-25T12:59:54.506637-03:00,6
2025-10-25T13:30:44.461128-03:00,7
2025-10-25T13:48:31.793196-03:00,8
2025-10-25T13:59:41.055665-03:00,8
2025-10-25T14:22:04.366079-03:00,7
2025-10-25T14:38:02.222045-03:00,10
2025-10-25T14:48:56.635255-03:00,10
2025-10-25T14:59:32.109141-03:00,9
2025-10-25T15:34:27.582957-03:00,12
2025-10-25T15:49:43.433414-03:00,10
2025-10-25T16:00:09.890679-03:00,8
2025-10-25T16:20:15.478937-03:00,9
2025-10-25T16:31:35.854449-03:00,7
2025-10-25T16:46:26.207171-03:00,8
2025-10-25T16:57:38.541940-03:00,12
2025-10-25T17:26:13.679023-03:00,11
2025-10-25T17:40:33.522688-03:00,6
2025-10-25T17:56:21.802014-03:00,5
2025-10-25T18:18:29.749315-03:00,5
2025-10-25T18:30:04.185021-03:00,7
2025-10-25T18:41:06.086103-03:00,7
2025-10-25T18:56:09.666707-03:00,4
2025-10-25T19:18:42.171945-03:00,8
2025-10-25T19:33:23.036593-03:00,10
2025-10-25T19:46:02.404518-03:00,11
2025-10-25T19:56:32.023726-03:00,8
2025-10-25T20:19:05.488845-03:00,8
2025-10-25T20:30:41.101267-03:00,10
2025-10-25T20:46:02.496760-03:00,9
2025-10-25T20:56:33.659700-03:00,8
2025-10-25T22:53:50.115386-03:00,11
2025-10-26T00:10:35.557397-03:00,14
2025-10-26T00:49:00.959184-03:00,14
2025-10-26T00:59:56.596388-03:00,11
2025-10-26T01:30:33.558223-03:00,9
2025-10-26T01:47:53.096732-03:00,10
2025-10-26T01:58:57.564555-03:00,8
2025-10-26T02:25:43.819986-03:00,4
2025-10-26T02:40:40.037459-03:00,4
2025-10-26T02:56:28.265480-03:00,4
2025-10-26T03:31:47.314970-03:00,3
2025-10-26T03:51:00.642234-03:00,1
2025-10-26T04:17:40.600245-03:00,3
2025-10-26T04:29:56.024232-03:00,1
2025-10-26T04:40:22.165620-03:00,4
2025-10-26T04:51:32.330307-03:00,4
2025-10-26T05:24:01.612258-03:00,7
2025-10-26T05:42:50.941088-03:00,6
2025-10-26T05:56:22.591978-03:00,2
2025-10-26T06:20:12.466149-03:00,2
2025-10-26T06:31:40.339283-03:00,2
2025-10-26T06:46:05.485213-03:00,4
2025-10-26T06:56:54.395161-03:00,1
2025-10-26T07:22:12.490318-03:00,2
2025-10-26T07:40:21.374206-03:00,3
2025-10-26T07:51:20.013008-03:00,3
2025-10-26T08:15:25.199814-03:00,1
2025-10-26T08:27:09.188434-03:00,3
2025-10-26T08:39:31.941386-03:00,2
2025-10-26T08:50:30.566714-03:00,2
2025-10-26T09:37:44.724023-03:00,3
2025-10-26T10:04:47.185919-03:00,2
2025-10-26T10:31:28.557847-03:00,1
2025-10-26T10:45:54.861927-03:00,3
2025-10-26T10:56:42.903795-03:00,4
2025-10-26T11:19:21.495689-03:00,4
2025-10-26T11:34:37.919243-03:00,4
2025-10-26T11:45:53.818792-03:00,4
2025-10-26T11:56:34.702044-03:00,3
2025-10-26T12:20:39.731650-03:00,3
2025-10-26T12:38:13.241911-03:00,4
2025-10-26T12:49:05.075156-03:00,4
2025-10-26T13:00:16.065500-03:00,7
2025-10-26T13:31:24.985040-03:00,7
2025-10-26T13:49:17.644644-03:00,14
2025-10-26T14:00:21.687697-03:00,12
2025-10-26T14:23:11.536341-03:00,9
2025-10-26T14:38:42.628414-03:00,5
2025-10-26T14:49:21.324685-03:00,5
2025-10-26T15:00:02.070134-03:00,7
2025-10-26T15:35:24.523175-03:00,11
2025-10-26T15:50:24.727336-03:00,11
2025-10-26T16:15:14.967011-03:00,14
2025-10-26T16:27:08.461967-03:00,13
2025-10-26T16:39:21.595024-03:00,11
2025-10-26T16:50:28.537013-03:00,11
2025-10-26T17:21:16.527489-03:00,10
2025-10-26T17:40:25.945286-03:00,15
2025-10-26T17:50:51.576897-03:00,15
2025-10-26T18:17:08.465916-03:00,10
2025-10-26T18:30:05.162787-03:00,12
2025-10-26T18:41:15.506368-03:00,11
2025-10-26T18:56:20.359040-03:00,11
2025-10-26T19:20:16.062661-03:00,11
2025-10-26T19:37:22.322478-03:00,9
2025-10-26T19:48:20.985745-03:00,9
2025-10-26T19:59:04.801408-03:00,12
2025-10-26T20:23:45.638664-03:00,11
2025-10-26T20:38:14.563100-03:00,9
2025-10-26T20:49:20.070924-03:00,9
2025-10-26T21:00:12.371261-03:00,9
2025-10-26T23:18:05.298723-03:00,6
2025-10-27T00:37:07.906856-03:00,5
2025-10-27T01:05:49.885962-03:00,4
2025-10-27T01:39:47.211548-03:00,2
2025-10-27T01:55:27.180170-03:00,2
2025-10-27T02:21:43.732490-03:00,2
2025-10-27T02:44:01.929016-03:00,13
2025-10-27T02:56:38.575464-03:00,13
2025-10-27T03:37:51.042638-03:00,4
2025-10-27T03:57:56.638093-03:00,2
2025-10-27T04:26:00.693796-03:00,5
2025-10-27T04:40:23.866696-03:00,2
2025-10-27T04:50:52.026939-03:00,2
2025-10-27T05:28:40.703290-03:00,5
2025-10-27T05:51:10.466844-03:00,2
2025-10-27T06:25:39.752953-03:00,13
2025-10-27T06:44:41.020733-03:00,2
2025-10-27T06:55:57.936415-03:00,2
2025-10-27T07:25:56.327813-03:00,1
2025-10-27T07:46:21.878541-03:00,1
2025-10-27T07:57:38.301872-03:00,1
2025-10-27T08:22:30.503553-03:00,4
2025-10-27T08:39:01.069611-03:00,4
2025-10-27T08:50:10.473204-03:00,4
2025-10-27T09:17:07.628221-03:00,2
2025-10-27T10:03:42.666508-03:00,3
2025-10-27T10:41:05.259677-03:00,1
2025-10-27T10:57:20.298930-03:00,3
2025-10-27T11:26:45.962746-03:00,1
2025-10-27T11:43:12.397250-03:00,4
2025-10-27T11:55:58.261098-03:00,4
2025-10-27T12:23:36.232823-03:00,4
2025-10-27T12:40:47.717114-03:00,7
2025-10-27T12:55:58.892437-03:00,9
2025-10-27T13:29:38.571562-03:00,10
2025-10-27T13:51:04.452831-03:00,7
2025-10-27T14:17:56.573772-03:00,11
2025-10-27T14:35:12.743178-03:00,9
2025-10-27T14:46:25.538608-03:00,11
2025-10-27T14:57:09.086564-03:00,8
2025-10-27T15:35:50.829540-03:00,14
2025-10-27T15:53:05.680909-03:00,10
2025-10-27T16:16:23.415931-03:00,9
2025-10-27T16:29:02.104465-03:00,12
2025-10-27T16:40:28.243658-03:00,12
2025-10-27T16:55:59.675471-03:00,11
2025-10-27T17:21:51.321092-03:00,10
2025-10-27T17:40:36.680147-03:00,14
2025-10-27T17:56:22.359774-03:00,9
2025-10-27T18:32:01.589012-03:00,11
2025-10-27T18:46:32.756250-03:00,13
2025-10-27T18:57:27.066336-03:00,11
2025-10-27T19:23:39.605778-03:00,11
2025-10-27T19:40:55.550630-03:00,11
2025-10-27T19:56:04.084005-03:00,12
2025-10-27T20:19:39.195093-03:00,12
2025-10-27T20:31:20.939541-03:00,8
2025-10-27T20:46:16.354374-03:00,6
2025-10-27T20:57:07.387845-03:00,7
2025-10-27T22:53:43.414193-03:00,7
2025-10-28T00:07:52.858659-03:00,6
2025-10-28T00:47:15.573079-03:00,4
2025-10-28T00:59:42.355363-03:00,4
2025-10-28T01:32:00.341971-03:00,5
2025-10-28T01:50:01.192674-03:00,4
2025-10-28T02:01:24.398287-03:00,3
2025-10-28T02:32:01.793549-03:00,2
2025-10-28T02:48:00.940883-03:00,2
2025-10-28T02:58:54.604529-03:00,2
2025-10-28T03:40:36.860910-03:00,4
2025-10-28T03:59:03.807284-03:00,3
2025-10-28T04:26:10.484177-03:00,2
2025-10-28T04:40:53.676683-03:00,2
2025-10-28T04:56:22.204890-03:00,2
2025-10-28T05:30:43.936184-03:00,2
2025-10-28T05:54:11.894974-03:00,1
2025-10-28T06:22:24.476060-03:00,1
2025-10-28T06:42:18.999880-03:00,2
2025-10-28T06:55:56.416882-03:00,2
2025-10-28T07:24:48.049895-03:00,4
2025-10-28T07:46:14.692312-03:00,2
2025-10-28T07:56:48.501019-03:00,15
2025-10-28T08:19:50.049851-03:00,2
2025-10-28T08:30:57.746902-03:00,2
2025-10-28T08:46:21.121235-03:00,2
2025-10-28T08:57:23.079809-03:00,2
2025-10-28T09:53:10.652486-03:00,3
2025-10-28T10:31:09.534613-03:00,3
2025-10-28T10:51:13.025544-03:00,3
2025-10-28T11:21:15.197881-03:00,3
2025-10-28T11:45:41.862583-03:00,6
2025-10-28T11:56:59.139241-03:00,6
2025-10-28T12:28:03.236082-03:00,2
2025-10-28T12:46:06.339983-03:00,5
2025-10-28T12:57:34.843680-03:00,10
2025-10-28T13:35:12.540245-03:00,8
2025-10-28T13:55:00.783448-03:00,11
2025-10-28T14:19:16.808073-03:00,13
2025-10-28T14:38:53.891639-03:00,11
2025-10-28T14:50:14.599525-03:00,11
2025-10-28T15:14:04.358793-03:00,12
2025-10-28T15:46:54.458775-03:00,12
2025-10-28T15:59:57.646327-03:00,11
2025-10-28T16:23:01.048175-03:00,15
2025-10-28T16:38:03.179583-03:00,13
2025-10-28T16:49:23.689304-03:00,13
2025-10-28T16:59:54.831338-03:00,12
2025-10-28T17:31:28.426799-03:00,13
2025-10-28T17:49:37.347895-03:00,13
2025-10-28T18:00:32.835758-03:00,13
2025-10-28T18:27:02.943284-03:00,13
2025-10-28T18:40:55.171684-03:00,12
2025-10-28T18:56:23.277218-03:00,8
2025-10-28T19:22:08.987366-03:00,10
2025-10-28T19:41:44.123392-03:00,12
2025-10-28T19:56:10.220594-03:00,11
2025-10-28T20:20:21.142241-03:00,9
2025-10-28T20:38:56.984994-03:00,11
2025-10-28T20:50:04.235175-03:00,11
2025-10-28T21:42:47.699368-03:00,6
2025-10-28T23:26:31.258694-03:00,6
2025-10-29T00:35:46.338314-03:00,6
2025-10-29T01:01:57.660024-03:00,7
2025-10-29T01:37:39.874595-03:00,1
2025-10-29T01:53:37.298320-03:00,14
2025-10-29T02:20:57.987699-03:00,1
2025-10-29T02:43:14.589001-03:00,3
2025-10-29T02:56:19.627648-03:00,3
2025-10-29T03:35:45.183287-03:00,3
2025-10-29T03:56:04.734273-03:00,2
2025-10-29T04:21:48.756735-03:00,2
2025-10-29T04:40:20.382853-03:00,2
2025-10-29T04:56:14.022989-03:00,3
2025-10-29T05:31:42.418512-03:00,2
2025-10-29T05:53:30.476075-03:00,1
2025-10-29T06:21:23.195947-03:00,1
2025-10-29T06:41:51.250380-03:00,14
2025-10-29T06:56:30.716549-03:00,14
2025-10-29T07:26:03.205304-03:00,2
2025-10-29T07:45:59.178886-03:00,2
2025-10-29T07:56:45.161065-03:00,2
2025-10-29T08:20:48.956980-03:00,14
2025-10-29T08:39:00.871451-03:00,2
2025-10-29T08:49:54.162537-03:00,1
2025-10-29T09:01:52.193574-03:00,1
2025-10-29T10:00:40.653411-03:00,1
2025-10-29T10:42:40.343043-03:00,3
2025-10-29T10:57:54.155187-03:00,4
2025-10-29T11:28:24.858818-03:00,4
2025-10-29T11:48:43.840560-03:00,4
2025-10-29T11:59:25.809697-03:00,10
2025-10-29T12:31:32.157127-03:00,9
2025-10-29T12:50:50.813495-03:00,8
2025-10-29T13:28:07.564185-03:00,6
2025-10-29T13:52:38.258787-03:00,14
2025-10-29T14:19:06.785124-03:00,13
2025-10-29T14:38:30.586292-03:00,16
2025-10-29T14:50:09.905444-03:00,16
2025-10-29T15:13:31.139673-03:00,15
2025-10-29T15:45:37.274913-03:00,17
2025-10-29T15:58:00.520425-03:00,16
2025-10-29T16:21:17.180102-03:00,17
2025-10-29T16:38:06.629634-03:00,16
2025-10-29T16:49:19.989289-03:00,16
2025-10-29T17:00:32.862028-03:00,13
2025-10-29T17:32:30.343363-03:00,16
2025-10-29T17:48:48.437227-03:00,19
2025-10-29T17:59:52.111294-03:00,19
2025-10-29T18:25:09.339782-03:00,16
2025-10-29T18:39:19.193601-03:00,10
2025-10-29T18:50:32.197590-03:00,10
2025-10-29T19:19:24.601420-03:00,16
2025-10-29T19:38:08.488991-03:00,17
2025-10-29T19:49:15.055416-03:00,17
2025-10-29T19:59:40.374572-03:00,18
2025-10-29T20:25:36.196989-03:00,12
2025-10-29T20:39:26.865674-03:00,15
2025-10-29T20:50:32.582887-03:00,15
2025-10-29T22:42:20.605755-03:00,6
2025-10-30T00:03:31.251990-03:00,7
2025-10-30T00:48:23.383319-03:00,6
2025-10-30T01:00:15.432499-03:00,8
2025-10-30T01:31:40.239607-03:00,6
2025-10-30T01:49:05.797369-03:00,4
2025-10-30T01:59:47.046399-03:00,7
2025-10-30T02:27:50.716514-03:00,5
2025-10-30T02:43:28.315551-03:00,5
2025-10-30T02:56:11.993217-03:00,5
2025-10-30T03:33:41.200988-03:00,6
2025-10-30T03:53:57.432225-03:00,7
2025-10-30T04:19:18.287853-03:00,3
2025-10-30T04:33:21.038757-03:00,2
2025-10-30T04:46:00.182984-03:00,1
2025-10-30T04:56:46.777922-03:00,2
2025-10-30T05:31:48.257994-03:00,2
2025-10-30T05:53:13.298175-03:00,17
2025-10-30T06:22:31.235223-03:00,17
2025-10-30T06:42:20.263276-03:00,2
2025-10-30T06:56:22.309137-03:00,2
2025-10-30T07:25:16.026211-03:00,1
2025-10-30T07:44:44.164310-03:00,2
2025-10-30T07:56:01.774481-03:00,1
2025-10-30T08:19:01.441918-03:00,17
2025-10-30T08:31:15.230440-03:00,17
2025-10-30T08:46:29.434314-03:00,1
2025-10-30T08:57:24.666472-03:00,4
2025-10-30T09:53:36.490979-03:00,1
2025-10-30T10:31:39.421501-03:00,4
2025-10-30T10:51:24.102651-03:00,1
2025-10-30T11:20:47.152013-03:00,1
2025-10-30T11:56:12.857324-03:00,2
2025-10-30T12:26:08.876697-03:00,8
2025-10-30T12:45:26.053674-03:00,8
2025-10-30T12:56:37.103979-03:00,5
2025-10-30T13:31:10.464178-03:00,9
2025-10-30T13:53:45.206929-03:00,9
2025-10-30T14:18:28.194279-03:00,10
2025-10-30T14:37:51.423122-03:00,13
2025-10-30T14:48:39.323893-03:00,13
2025-10-30T14:59:26.596316-03:00,9
2025-10-30T15:38:59.715847-03:00,12
2025-10-30T15:55:19.517217-03:00,13
2025-10-30T16:16:28.993857-03:00,15
2025-10-30T16:28:53.053400-03:00,15
2025-10-30T16:41:22.999998-03:00,12
2025-10-30T16:55:58.482794-03:00,18
2025-10-30T17:24:20.674752-03:00,16
2025-10-30T17:41:49.327784-03:00,10
2025-10-30T17:56:37.014936-03:00,16
2025-10-30T18:20:34.591922-03:00,11
2025-10-30T18:38:34.883132-03:00,14
2025-10-30T18:49:44.882409-03:00,14
2025-10-30T19:00:31.076468-03:00,16
2025-10-30T19:30:41.819752-03:00,15
2025-10-30T19:46:28.709806-03:00,13
2025-10-30T19:57:30.376874-03:00,18
2025-10-30T20:22:48.187442-03:00,13
2025-10-30T20:38:15.838132-03:00,12
2025-10-30T20:49:10.731031-03:00,12
2025-10-30T20:59:51.139201-03:00,11
2025-10-30T23:04:47.536863-03:00,7
2025-10-31T00:18:11.229749-03:00,8
2025-10-31T00:52:17.184147-03:00,7
2025-10-31T01:25:12.896949-03:00,9
2025-10-31T01:45:41.907429-03:00,7
2025-10-31T01:56:14.727881-03:00,6
2025-10-31T02:23:22.027321-03:00,7
2025-10-31T02:42:16.837264-03:00,6
2025-10-31T02:56:10.732054-03:00,6
2025-10-31T03:54:21.148164-03:00,4
2025-10-31T04:19:22.065705-03:00,5
2025-10-31T04:32:52.368335-03:00,4
2025-10-31T04:46:22.569350-03:00,6
2025-10-31T04:57:09.659506-03:00,5
2025-10-31T05:32:08.702980-03:00,7
2025-10-31T05:52:33.537426-03:00,9
2025-10-31T06:22:10.246890-03:00,6
2025-10-31T06:41:55.775495-03:00,6
2025-10-31T06:56:01.945628-03:00,5
2025-10-31T07:23:29.865231-03:00,6
2025-10-31T07:44:16.427217-03:00,6
2025-10-31T07:56:10.352499-03:00,6
2025-10-31T08:18:39.663662-03:00,6
2025-10-31T08:30:26.948666-03:00,6
2025-10-31T08:46:36.661837-03:00,4
2025-10-31T08:56:59.894333-03:00,4
2025-10-31T09:51:39.115346-03:00,4
2025-10-31T10:30:34.641956-03:00,9
2025-10-31T10:49:49.324948-03:00,9
2025-10-31T11:00:25.461279-03:00,7
2025-10-31T11:33:18.326518-03:00,6
2025-10-31T11:49:28.956304-03:00,10
2025-10-31T12:00:32.179549-03:00,12
2025-10-31T12:29:40.180870-03:00,10
2025-10-31T12:45:20.493585-03:00,6
2025-10-31T12:56:45.001262-03:00,7
2025-10-31T13:29:56.032609-03:00,16
2025-10-31T13:50:04.033507-03:00,16
2025-10-31T14:01:31.530957-03:00,14
2025-10-31T14:30:00.780581-03:00,13
2025-10-31T14:43:24.674275-03:00,14
2025-10-31T14:55:56.531165-03:00,9
2025-10-31T15:31:32.880896-03:00,13
2025-10-31T15:53:12.320910-03:00,16
2025-10-31T16:15:20.061677-03:00,18
2025-10-31T16:27:11.094191-03:00,26
2025-10-31T16:39:31.327437-03:00,21
2025-10-31T16:50:12.803676-03:00,21
2025-10-31T17:10:16.303156-03:00,20
2025-10-31T17:32:46.755962-03:00,17
2025-10-31T17:46:23.118361-03:00,20
2025-10-31T17:57:09.970542-03:00,18
2025-10-31T18:19:22.492568-03:00,19
2025-10-31T18:30:30.804708-03:00,14
2025-10-31T18:46:06.418581-03:00,16
2025-10-31T18:57:02.530153-03:00,17
2025-10-31T19:22:34.287225-03:00,11
2025-10-31T19:40:59.836089-03:00,15
2025-10-31T19:56:26.583335-03:00,16
2025-10-31T20:20:36.679313-03:00,12
2025-10-31T20:36:28.871146-03:00,13
2025-10-31T20:47:20.872019-03:00,9
2025-10-31T20:58:08.898151-03:00,12
2025-10-31T23:07:12.405261-03:00,4
2025-11-01T00:17:34.978297-03:00,8
2025-11-01T00:51:10.360913-03:00,6
2025-11-01T01:21:25.906203-03:00,9
2025-11-01T01:41:18.313910-03:00,6
2025-11-01T01:56:22.844754-03:00,5
2025-11-01T02:21:29.455351-03:00,7
2025-11-01T02:40:05.487513-03:00,5
2025-11-01T02:51:08.575545-03:00,5
2025-11-01T03:27:53.763326-03:00,4
2025-11-01T03:47:34.154011-03:00,7
2025-11-01T03:58:40.339309-03:00,7
2025-11-01T04:22:47.857517-03:00,7
2025-11-01T04:37:17.077727-03:00,7
2025-11-01T04:47:51.146042-03:00,7
2025-11-01T04:58:25.647824-03:00,8
2025-11-01T05:31:11.185203-03:00,6
2025-11-01T05:49:02.112034-03:00,4
2025-11-01T05:59:38.986624-03:00,3
2025-11-01T06:25:09.296333-03:00,3
2025-11-01T06:38:10.395109-03:00,3
2025-11-01T06:49:02.235646-03:00,3
2025-11-01T06:59:41.346779-03:00,2
2025-11-01T07:26:56.408777-03:00,3
2025-11-01T07:41:57.535791-03:00,4
2025-11-01T07:56:11.803639-03:00,3
2025-11-01T08:16:33.925778-03:00,4
2025-11-01T08:27:36.954881-03:00,1
2025-11-01T08:39:58.744385-03:00,4
2025-11-01T08:51:06.733437-03:00,4
2025-11-01T09:37:03.116388-03:00,2
2025-11-01T10:04:20.649557-03:00,3
2025-11-01T10:30:50.341590-03:00,3
2025-11-01T10:46:04.860522-03:00,3
2025-11-01T10:56:35.488080-03:00,3
2025-11-01T11:19:00.234069-03:00,2
2025-11-01T11:33:47.582597-03:00,4
2025-11-01T11:46:02.898561-03:00,4
2025-11-01T11:56:45.332096-03:00,4
2025-11-01T12:20:02.080429-03:00,6
2025-11-01T12:31:12.531265-03:00,2
2025-11-01T12:46:15.223011-03:00,4
2025-11-01T12:57:01.821747-03:00,7
2025-11-01T13:26:33.160901-03:00,6
2025-11-01T13:42:36.215727-03:00,3
2025-11-01T13:56:15.054957-03:00,4
2025-11-01T14:17:28.813340-03:00,8
2025-11-01T14:30:48.590447-03:00,5
2025-11-01T14:46:22.854701-03:00,11
2025-11-01T14:56:54.583169-03:00,7
2025-11-01T15:30:25.753882-03:00,7
2025-11-01T15:48:23.158365-03:00,10
2025-11-01T15:58:58.817456-03:00,9
2025-11-01T16:18:17.655550-03:00,14
2025-11-01T16:29:22.688215-03:00,7
2025-11-01T16:40:43.114486-03:00,9
2025-11-01T16:56:01.873878-03:00,11
2025-11-01T17:20:58.346126-03:00,12
2025-11-01T17:38:07.307644-03:00,14
2025-11-01T17:49:06.457527-03:00,14
2025-11-01T17:59:41.444815-03:00,11
2025-11-01T18:21:42.158931-03:00,10
2025-11-01T18:37:09.430915-03:00,13
2025-11-01T18:47:58.447818-03:00,13
2025-11-01T18:58:31.514111-03:00,8
2025-11-01T19:23:29.448097-03:00,14
2025-11-01T19:39:05.095733-03:00,10
2025-11-01T19:49:32.635838-03:00,10
2025-11-01T20:00:14.337508-03:00,8
2025-11-01T20:25:09.822565-03:00,11
2025-11-01T20:37:44.428593-03:00,8
2025-11-01T20:48:27.171645-03:00,8
2025-11-01T20:59:01.941251-03:00,7
2025-11-01T23:10:37.067597-03:00,4
2025-11-02T00:30:48.368801-03:00,8
2025-11-02T00:59:34.573584-03:00,5
2025-11-02T01:31:17.651891-03:00,4
2025-11-02T01:48:52.641631-03:00,6
2025-11-02T01:59:38.907440-03:00,4
2025-11-02T02:26:59.960576-03:00,5
2025-11-02T02:41:57.235600-03:00,5
2025-11-02T02:56:06.356944-03:00,5
2025-11-02T03:32:10.175339-03:00,1
2025-11-02T03:51:25.506807-03:00,3
2025-11-02T04:18:14.479608-03:00,3
2025-11-02T04:30:44.988237-03:00,3
2025-11-02T04:45:51.195821-03:00,6
2025-11-02T04:56:42.678559-03:00,4
2025-11-02T05:26:54.113173-03:00,2
2025-11-02T05:42:48.795607-03:00,2
2025-11-02T05:55:47.888089-03:00,4
2025-11-02T06:18:54.879458-03:00,1
2025-11-02T06:30:56.985058-03:00,1
2025-11-02T06:45:59.451936-03:00,1
2025-11-02T06:56:38.496016-03:00,1
2025-11-02T07:21:36.859293-03:00,1
2025-11-02T07:40:03.722221-03:00,2
2025-11-02T07:51:07.245963-03:00,1
2025-11-02T08:14:55.552959-03:00,2
2025-11-02T08:27:13.429690-03:00,2
2025-11-02T08:39:21.791723-03:00,2
2025-11-02T08:49:59.593930-03:00,2
2025-11-02T09:13:44.042499-03:00,4
2025-11-02T09:54:40.070559-03:00,2
2025-11-02T10:23:32.040932-03:00,3
2025-11-02T10:38:54.025516-03:00,3
2025-11-02T10:49:37.771864-03:00,3
2025-11-02T11:00:32.629030-03:00,3
2025-11-02T11:27:47.849668-03:00,4
2025-11-02T11:41:08.861949-03:00,2
2025-11-02T11:55:45.533880-03:00,7
2025-11-02T12:18:53.133947-03:00,4
2025-11-02T12:31:34.300428-03:00,6
2025-11-02T12:45:51.951621-03:00,12
2025-11-02T12:56:34.937784-03:00,3
2025-11-02T13:25:59.769661-03:00,10
2025-11-02T13:43:41.783630-03:00,6
2025-11-02T13:56:11.619790-03:00,7
2025-11-02T14:17:42.826401-03:00,10
2025-11-02T14:31:56.679821-03:00,13
2025-11-02T14:45:59.224198-03:00,9
2025-11-02T14:57:08.264556-03:00,7
2025-11-02T15:30:23.544151-03:00,9
2025-11-02T15:48:15.405261-03:00,12
2025-11-02T15:58:50.486879-03:00,12
2025-11-02T16:18:33.165117-03:00,10
2025-11-02T16:29:09.870026-03:00,13
2025-11-02T16:40:12.619533-03:00,11
2025-11-02T16:51:11.029759-03:00,11
2025-11-02T17:19:56.739488-03:00,10
2025-11-02T17:34:15.300864-03:00,14
2025-11-02T17:46:20.849906-03:00,14
2025-11-02T17:57:05.663682-03:00,18
2025-11-02T18:19:40.340422-03:00,13
2025-11-02T18:30:19.383973-03:00,13
2025-11-02T18:46:11.136115-03:00,17
2025-11-02T18:56:45.512110-03:00,12
2025-11-02T19:20:38.365890-03:00,19
2025-11-02T19:49:24.253117-03:00,22
2025-11-02T19:49:51.769434-03:00,22
2025-11-02T20:01:13.221817-03:00,16
2025-11-02T20:25:05.294243-03:00,11
2025-11-02T20:37:39.181749-03:00,12
2025-11-02T20:48:53.497044-03:00,12
2025-11-02T20:59:26.213456-03:00,10
2025-11-02T23:09:54.423039-03:00,9
2025-11-03T00:33:22.911204-03:00,8
2025-11-03T01:03:43.368875-03:00,8
2025-11-03T01:38:20.521574-03:00,4
2025-11-03T01:54:11.190934-03:00,3
2025-11-03T02:21:10.171844-03:00,3
2025-11-03T02:42:27.188399-03:00,6
2025-11-03T02:56:19.103293-03:00,4
2025-11-03T03:35:59.032192-03:00,3
2025-11-03T03:56:00.348198-03:00,3
2025-11-03T04:21:56.794060-03:00,4
2025-11-03T04:40:11.659370-03:00,3
2025-11-03T04:51:21.970847-03:00,3
2025-11-03T05:29:33.081822-03:00,6
2025-11-03T05:52:25.514097-03:00,4
2025-11-03T06:25:34.716381-03:00,4
2025-11-03T06:45:11.014431-03:00,3
2025-11-03T06:55:48.512039-03:00,2
2025-11-03T07:26:11.247141-03:00,4
2025-11-03T07:47:19.882062-03:00,6
2025-11-03T07:58:06.990386-03:00,5
2025-11-03T08:22:32.163542-03:00,8
2025-11-03T08:38:17.591402-03:00,9
2025-11-03T08:49:30.631221-03:00,9
2025-11-03T09:00:29.778301-03:00,8
2025-11-03T09:59:26.359496-03:00,9
2025-11-03T10:37:16.034902-03:00,9
2025-11-03T10:51:19.747669-03:00,9
2025-11-03T11:20:29.799742-03:00,10
2025-11-03T11:45:05.834462-03:00,11
2025-11-03T11:56:02.666142-03:00,11
2025-11-03T12:24:01.703744-03:00,16
2025-11-03T12:42:59.766712-03:00,11
2025-11-03T12:56:30.209238-03:00,15
2025-11-03T13:28:04.858597-03:00,16
2025-11-03T13:49:32.963879-03:00,13
2025-11-03T14:00:30.755313-03:00,12
2025-11-03T14:29:49.165950-03:00,8
2025-11-03T14:44:13.490144-03:00,13
2025-11-03T14:55:59.325277-03:00,10
2025-11-03T15:30:57.717792-03:00,10
2025-11-03T15:50:52.342594-03:00,14
2025-11-03T16:16:08.489443-03:00,8
2025-11-03T16:28:25.656195-03:00,10
2025-11-03T16:40:47.056665-03:00,13
2025-11-03T16:56:20.620494-03:00,11
2025-11-03T17:26:06.348273-03:00,12
2025-11-03T17:43:16.930672-03:00,14
2025-11-03T17:55:46.840048-03:00,19
2025-11-03T18:19:43.535994-03:00,17
2025-11-03T18:33:26.420937-03:00,20
2025-11-03T18:46:27.415517-03:00,19
2025-11-03T18:57:27.164179-03:00,18
2025-11-03T19:25:11.428770-03:00,17
2025-11-03T19:41:19.651247-03:00,17
2025-11-03T19:56:13.515891-03:00,15
2025-11-03T20:21:04.419924-03:00,14
2025-11-03T20:38:35.259597-03:00,11
2025-11-03T20:49:38.390273-03:00,11
2025-11-03T21:00:27.575082-03:00,11
2025-11-03T23:06:54.031515-03:00,7
2025-11-04T00:17:13.481185-03:00,8
2025-11-04T00:50:20.755426-03:00,6
2025-11-04T01:23:53.014425-03:00,6
2025-11-04T01:44:16.036158-03:00,6
2025-11-04T01:56:07.422198-03:00,6
2025-11-04T02:22:40.757563-03:00,5
2025-11-04T02:42:35.132161-03:00,6
2025-11-04T02:55:54.179375-03:00,6
2025-11-04T03:34:29.567464-03:00,6
2025-11-04T03:55:01.379067-03:00,7
2025-11-04T04:20:25.369110-03:00,7
2025-11-04T04:40:33.224268-03:00,5
2025-11-04T04:56:02.127498-03:00,5
2025-11-04T05:31:04.436841-03:00,4
2025-11-04T05:54:48.517706-03:00,8
2025-11-04T06:23:35.777015-03:00,6
2025-11-04T06:44:16.060087-03:00,6
2025-11-04T06:56:30.349606-03:00,7
2025-11-04T07:27:53.360044-03:00,4
2025-11-04T07:49:25.067883-03:00,5
2025-11-04T08:00:20.371422-03:00,5
2025-11-04T08:25:14.325347-03:00,4
2025-11-04T08:39:45.299979-03:00,2
2025-11-04T08:50:50.970908-03:00,2
2025-11-04T09:46:05.529590-03:00,4
2025-11-04T10:25:01.249090-03:00,6
2025-11-04T10:50:25.294702-03:00,2
2025-11-04T11:21:33.911887-03:00,4
2025-11-04T11:45:49.955304-03:00,1
2025-11-04T11:57:17.066820-03:00,1
2025-11-04T12:28:36.328395-03:00,16
2025-11-04T12:45:55.605095-03:00,9
2025-11-04T12:57:25.681997-03:00,4
2025-11-04T13:31:31.843323-03:00,4
2025-11-04T13:53:53.889035-03:00,9
2025-11-04T14:16:29.298264-03:00,2
2025-11-04T14:33:49.196839-03:00,4
2025-11-04T14:46:45.759987-03:00,6
2025-11-04T14:57:20.583041-03:00,8
2025-11-04T15:36:46.283608-03:00,11
2025-11-04T15:53:08.197794-03:00,12
2025-11-04T16:16:36.673582-03:00,10
2025-11-04T16:29:25.950785-03:00,12
2025-11-04T16:41:04.807424-03:00,15
2025-11-04T16:56:22.292533-03:00,13
2025-11-04T17:27:02.628577-03:00,14
2025-11-04T17:44:20.437533-03:00,19
2025-11-04T17:56:14.502735-03:00,19
2025-11-04T18:20:46.915283-03:00,11
2025-11-04T18:38:59.826257-03:00,15
2025-11-04T18:49:35.803731-03:00,15
2025-11-04T19:00:08.188645-03:00,10
2025-11-04T19:27:13.427832-03:00,11
2025-11-04T19:43:39.101547-03:00,12
2025-11-04T19:56:15.832454-03:00,12
2025-11-04T20:21:04.695537-03:00,8
2025-11-04T20:38:56.887368-03:00,10
2025-11-04T20:50:02.803223-03:00,10
2025-11-04T21:43:13.812313-03:00,8
2025-11-04T23:24:06.875904-03:00,9
2025-11-05T00:31:53.136336-03:00,8
2025-11-05T00:58:45.183388-03:00,7
2025-11-05T01:32:14.536483-03:00,8
2025-11-05T01:50:07.028566-03:00,6
2025-11-05T02:01:27.157119-03:00,8
2025-11-05T02:32:02.307248-03:00,6
2025-11-05T02:47:09.730329-03:00,8
2025-11-05T02:58:13.994346-03:00,7
2025-11-05T03:39:22.009090-03:00,5
2025-11-05T03:55:58.551682-03:00,7
2025-11-05T04:22:00.946126-03:00,6
2025-11-05T04:40:34.107071-03:00,5
2025-11-05T04:56:19.411286-03:00,5
2025-11-05T05:32:04.676353-03:00,4
2025-11-05T05:55:00.009684-03:00,3
2025-11-05T06:23:34.787708-03:00,1
2025-11-05T06:44:48.176691-03:00,2
2025-11-05T06:56:26.109279-03:00,1
2025-11-05T07:26:38.154535-03:00,2
2025-11-05T07:47:09.531615-03:00,1
2025-11-05T07:57:47.206286-03:00,3
2025-11-05T08:23:31.738113-03:00,4
2025-11-05T08:39:00.021965-03:00,4
2025-11-05T08:49:49.440939-03:00,4
2025-11-05T09:00:42.385942-03:00,4
2025-11-05T09:59:42.221394-03:00,2
2025-11-05T10:39:05.304910-03:00,2
2025-11-05T10:53:53.569289-03:00,5
2025-11-05T11:20:47.388704-03:00,4
2025-11-05T11:45:34.644137-03:00,7
2025-11-05T11:57:06.660240-03:00,8
2025-11-05T12:25:22.246811-03:00,8
2025-11-05T12:43:07.709654-03:00,5
2025-11-05T12:56:34.781501-03:00,8
2025-11-05T13:31:58.926247-03:00,9
2025-11-05T13:55:36.600905-03:00,9
2025-11-05T14:20:20.937615-03:00,9
2025-11-05T14:41:06.513476-03:00,10
2025-11-05T14:56:31.011726-03:00,12
2025-11-05T15:33:57.587602-03:00,8
2025-11-05T15:54:02.086601-03:00,16
2025-11-05T16:17:04.153118-03:00,18
2025-11-05T16:29:54.895479-03:00,15
2025-11-05T16:41:27.888431-03:00,14
2025-11-05T16:56:25.166557-03:00,17
2025-11-05T17:27:05.510127-03:00,15
2025-11-05T17:44:53.673842-03:00,12
2025-11-05T17:55:51.618720-03:00,22
2025-11-05T18:20:20.737281-03:00,16
2025-11-05T18:37:58.228539-03:00,16
2025-11-05T18:48:48.506257-03:00,16
2025-11-05T18:59:32.248268-03:00,17
2025-11-05T19:27:44.868176-03:00,14
2025-11-05T19:43:56.091649-03:00,15
2025-11-05T19:56:19.944493-03:00,10
2025-11-05T20:21:29.756871-03:00,8
2025-11-05T20:39:56.336579-03:00,10
2025-11-05T20:50:26.091605-03:00,10
2025-11-05T22:41:03.851583-03:00,10
2025-11-06T00:06:08.050088-03:00,6
2025-11-06T00:53:17.811039-03:00,6
2025-11-06T01:27:08.293994-03:00,8
2025-11-06T01:48:32.127024-03:00,10
2025-11-06T01:59:28.644232-03:00,11
2025-11-06T02:29:00.826270-03:00,9
2025-11-06T02:44:41.513268-03:00,5
2025-11-06T02:56:29.512289-03:00,5
2025-11-06T03:35:52.185657-03:00,9
2025-11-06T03:55:49.134797-03:00,7
2025-11-06T04:20:46.245879-03:00,6
2025-11-06T04:39:27.289720-03:00,5
2025-11-06T04:50:26.780108-03:00,5
2025-11-06T05:28:44.780571-03:00,6
2025-11-06T05:51:26.961986-03:00,7
2025-11-06T06:22:55.143693-03:00,9
2025-11-06T06:43:35.608471-03:00,9
2025-11-06T06:56:00.429759-03:00,7
2025-11-06T07:26:06.713684-03:00,6
2025-11-06T07:47:01.227629-03:00,7
2025-11-06T07:57:31.321508-03:00,4
2025-11-06T08:23:02.750801-03:00,5
2025-11-06T08:38:58.801189-03:00,5
2025-11-06T08:50:15.627291-03:00,5
2025-11-06T09:42:34.689302-03:00,4
2025-11-06T10:22:56.954749-03:00,6
2025-11-06T10:48:25.347364-03:00,6
2025-11-06T10:59:11.577482-03:00,7
2025-11-06T11:29:14.846467-03:00,3
2025-11-06T11:47:55.983573-03:00,6
2025-11-06T12:21:13.505332-03:00,4
2025-11-06T12:24:46.784301-03:00,7
2025-11-06T12:30:45.269771-03:00,7
2025-11-06T12:50:41.393782-03:00,10
2025-11-06T13:27:51.957710-03:00,5
2025-11-06T13:53:11.065786-03:00,10
2025-11-06T14:19:46.363188-03:00,8
2025-11-06T14:38:49.494583-03:00,10
2025-11-06T14:50:26.720345-03:00,10
2025-11-06T15:31:07.482099-03:00,9
2025-11-06T15:55:11.500054-03:00,8
2025-11-06T16:16:52.230524-03:00,9
2025-11-06T16:29:19.338105-03:00,13
2025-11-06T16:41:16.244224-03:00,11
2025-11-06T16:55:50.447458-03:00,14
2025-11-06T17:24:55.461042-03:00,13
2025-11-06T17:42:40.465757-03:00,15
2025-11-06T17:56:03.899118-03:00,18
2025-11-06T18:20:02.022675-03:00,11
2025-11-06T18:33:14.966269-03:00,19
2025-11-06T18:46:18.126335-03:00,21
2025-11-06T18:57:15.537792-03:00,16
2025-11-06T19:24:18.618954-03:00,15
2025-11-06T19:41:49.584099-03:00,15
2025-11-06T19:56:12.629246-03:00,12
2025-11-06T20:20:36.708728-03:00,13
2025-11-06T20:38:25.652668-03:00,13
2025-11-06T20:49:45.184229-03:00,12
2025-11-06T21:01:09.159604-03:00,9
2025-11-07T00:18:04.271802-03:00,8
2025-11-07T00:51:34.409567-03:00,6
2025-11-07T01:23:30.645831-03:00,6
2025-11-07T01:44:29.527381-03:00,6
2025-11-07T01:55:47.968928-03:00,8
2025-11-07T02:21:38.546298-03:00,4
2025-11-07T02:42:22.619524-03:00,5
2025-11-07T02:56:18.077646-03:00,5
2025-11-07T03:35:11.770126-03:00,3
2025-11-07T03:54:56.196998-03:00,4
2025-11-07T04:19:27.421101-03:00,3
2025-11-07T04:35:04.862604-03:00,4
2025-11-07T04:46:01.685067-03:00,4
2025-11-07T04:56:38.004989-03:00,5
2025-11-07T05:32:43.523455-03:00,4
2025-11-07T05:53:38.274756-03:00,7
2025-11-07T06:22:00.314940-03:00,8
2025-11-07T06:41:20.105483-03:00,8
2025-11-07T06:55:53.595345-03:00,2
2025-11-07T07:24:30.369940-03:00,3
2025-11-07T07:44:19.771827-03:00,4
2025-11-07T07:55:43.992302-03:00,4
2025-11-07T09:51:08.977191-03:00,2
2025-11-07T10:28:49.987286-03:00,5
2025-11-07T10:46:11.659891-03:00,2
2025-11-07T10:57:21.604210-03:00,4
2025-11-07T11:25:28.464927-03:00,6
2025-11-07T11:43:03.972513-03:00,5
2025-11-07T11:56:14.347952-03:00,5
2025-11-07T12:23:40.497732-03:00,4
2025-11-07T12:41:22.941481-03:00,4
2025-11-07T12:56:23.246784-03:00,4
2025-11-07T13:26:33.895507-03:00,4
2025-11-07T13:46:33.474092-03:00,2
2025-11-07T13:57:43.254602-03:00,2
2025-11-07T14:23:38.337660-03:00,4
2025-11-07T14:40:06.037821-03:00,4
2025-11-07T14:51:15.603695-03:00,2
2025-11-07T15:29:04.163743-03:00,7
2025-11-07T15:47:59.576309-03:00,6
2025-11-07T15:58:58.755679-03:00,5
2025-11-07T16:22:23.077372-03:00,3
2025-11-07T16:37:36.044440-03:00,3
2025-11-07T16:48:42.244292-03:00,10
2025-11-07T16:59:28.684581-03:00,10
2025-11-07T17:26:50.473872-03:00,12
2025-11-07T17:41:05.242085-03:00,7
2025-11-07T17:55:42.803918-03:00,7
2025-11-07T18:15:40.596748-03:00,13
2025-11-07T18:29:09.453363-03:00,13
2025-11-07T18:41:21.726224-03:00,12
2025-11-07T18:55:54.455093-03:00,13
2025-11-07T19:20:06.137687-03:00,12
2025-11-07T19:37:45.604444-03:00,15
2025-11-07T19:48:44.298648-03:00,15
2025-11-07T19:59:09.712867-03:00,14
2025-11-07T20:23:55.739502-03:00,11
2025-11-07T20:37:35.378849-03:00,11
2025-11-07T20:48:35.307333-03:00,10
2025-11-07T20:59:14.886392-03:00,9
2025-11-07T22:58:23.338686-03:00,6
2025-11-08T00:08:36.160095-03:00,4
2025-11-08T00:43:15.556284-03:00,1
2025-11-08T00:56:30.614273-03:00,1
2025-11-08T01:26:54.514570-03:00,3
2025-11-08T01:43:23.120988-03:00,3
2025-11-08T01:55:52.389635-03:00,4
2025-11-08T02:20:15.996582-03:00,4
2025-11-08T02:39:58.571599-03:00,3
2025-11-08T02:51:01.614444-03:00,4
2025-11-08T03:28:16.193943-03:00,3
2025-11-08T03:48:44.144453-03:00,4
2025-11-08T03:59:47.770192-03:00,3
2025-11-08T04:23:40.653736-03:00,2
2025-11-08T04:37:19.717623-03:00,1
2025-11-08T04:48:16.510026-03:00,1
2025-11-08T04:58:58.962115-03:00,2
2025-11-08T05:32:02.813747-03:00,2
2025-11-08T05:49:44.238690-03:00,16
2025-11-08T06:00:58.385113-03:00,1
2025-11-08T06:27:04.017799-03:00,3
2025-11-08T06:39:50.483733-03:00,1
2025-11-08T06:50:36.947985-03:00,1
2025-11-08T07:19:19.632060-03:00,1
2025-11-08T07:37:19.640314-03:00,2
2025-11-08T07:48:32.978014-03:00,16
2025-11-08T07:59:04.496858-03:00,16
2025-11-08T08:20:06.793933-03:00,16
2025-11-08T08:31:10.518775-03:00,1
2025-11-08T08:46:03.601569-03:00,3
2025-11-08T08:57:05.143093-03:00,3
2025-11-08T09:45:09.362256-03:00,2
2025-11-08T10:12:49.045931-03:00,2
2025-11-08T10:34:34.083338-03:00,6
2025-11-08T10:46:05.769253-03:00,5
2025-11-08T10:56:44.036590-03:00,1
2025-11-08T11:19:30.133690-03:00,6
2025-11-08T11:34:49.567122-03:00,4
2025-11-08T11:46:02.796246-03:00,11
2025-11-08T11:56:29.750179-03:00,10
2025-11-08T12:20:35.150803-03:00,9
2025-11-08T12:38:00.686966-03:00,12
2025-11-08T12:49:12.864999-03:00,12
2025-11-08T13:00:02.994861-03:00,4
2025-11-08T13:31:09.253726-03:00,10
2025-11-08T13:49:04.194550-03:00,13
2025-11-08T14:00:02.459727-03:00,11
2025-11-08T14:22:38.139851-03:00,11
2025-11-08T14:37:49.488882-03:00,11
2025-11-08T14:48:55.497869-03:00,11
2025-11-08T14:59:51.586237-03:00,12
2025-11-08T15:35:14.386409-03:00,12
2025-11-08T15:50:02.900861-03:00,17
2025-11-08T16:01:28.998726-03:00,15
2025-11-08T16:22:09.359951-03:00,15
2025-11-08T16:37:47.642853-03:00,15
2025-11-08T16:48:53.019899-03:00,10
2025-11-08T16:59:42.513768-03:00,11
2025-11-08T17:26:04.641411-03:00,13
2025-11-08T17:39:23.112893-03:00,13
2025-11-08T17:50:19.140243-03:00,13
2025-11-08T18:16:06.807556-03:00,13
2025-11-08T18:28:26.353652-03:00,14
2025-11-08T18:40:01.025426-03:00,17
2025-11-08T18:50:52.123916-03:00,17
2025-11-08T19:17:19.555445-03:00,12
2025-11-08T19:32:55.229391-03:00,14
2025-11-08T19:45:45.423345-03:00,13
2025-11-08T19:56:18.325078-03:00,16
2025-11-08T20:19:23.897618-03:00,10
2025-11-08T20:30:01.736007-03:00,9
2025-11-08T20:41:38.278147-03:00,9
2025-11-08T20:55:45.660112-03:00,7
2025-11-08T22:48:48.595373-03:00,9
2025-11-09T00:05:25.746550-03:00,6
2025-11-09T00:49:49.913069-03:00,6
2025-11-09T01:11:07.794757-03:00,5
2025-11-09T01:38:00.683393-03:00,8
2025-11-09T01:50:30.493045-03:00,8
2025-11-09T02:18:56.439150-03:00,7
2025-11-09T02:36:19.384645-03:00,7
2025-11-09T02:46:53.822617-03:00,8
2025-11-09T02:57:25.896679-03:00,7
2025-11-09T03:35:02.564149-03:00,6
2025-11-09T03:51:25.173204-03:00,3
2025-11-09T04:18:14.019185-03:00,2
2025-11-09T04:30:59.912492-03:00,3
2025-11-09T04:46:15.720330-03:00,3
2025-11-09T04:56:47.691727-03:00,3
2025-11-09T05:27:44.980879-03:00,6
2025-11-09T05:43:59.193777-03:00,5
2025-11-09T05:56:14.022372-03:00,6
2025-11-09T06:19:58.218533-03:00,6
2025-11-09T06:32:17.878870-03:00,6
2025-11-09T06:45:56.761671-03:00,6
2025-11-09T06:56:29.496311-03:00,4
2025-11-09T07:21:55.595640-03:00,5
2025-11-09T07:40:16.329929-03:00,5
2025-11-09T07:55:43.195395-03:00,6
2025-11-09T08:16:21.374188-03:00,5
2025-11-09T08:27:36.356485-03:00,6
2025-11-09T08:39:50.541013-03:00,6
2025-11-09T08:50:38.655558-03:00,7
2025-11-09T09:37:22.276558-03:00,6
2025-11-09T10:04:37.487696-03:00,4
2025-11-09T10:31:20.183252-03:00,5
2025-11-09T10:46:01.114670-03:00,3
2025-11-09T10:56:50.777287-03:00,4
2025-11-09T11:19:38.322892-03:00,3
2025-11-09T11:33:05.041136-03:00,8
2025-11-09T11:45:57.330232-03:00,6
2025-11-09T11:56:27.440430-03:00,7
2025-11-09T12:20:15.178020-03:00,4
2025-11-09T12:37:53.139628-03:00,4
2025-11-09T12:48:56.805482-03:00,4
2025-11-09T12:59:43.282754-03:00,5
2025-11-09T13:30:14.977374-03:00,8
2025-11-09T13:47:53.024847-03:00,11
2025-11-09T13:58:29.393917-03:00,8
2025-11-09T14:21:11.595198-03:00,7
2025-11-09T14:38:03.261872-03:00,5
2025-11-09T14:49:04.200911-03:00,5
2025-11-09T14:59:54.270687-03:00,13
2025-11-09T15:33:57.957327-03:00,11
2025-11-09T15:48:57.136604-03:00,8
2025-11-09T15:59:24.766580-03:00,12
2025-11-09T16:19:20.132990-03:00,13
2025-11-09T16:30:19.940951-03:00,13
2025-11-09T16:46:03.135435-03:00,14
2025-11-09T16:56:30.526009-03:00,9
2025-11-09T17:23:02.307266-03:00,14
2025-11-09T17:39:02.705821-03:00,14
2025-11-09T17:49:50.122593-03:00,13
2025-11-09T18:00:56.273783-03:00,16
2025-11-09T18:24:27.732066-03:00,14
2025-11-09T18:37:18.897629-03:00,14
2025-11-09T18:48:22.462829-03:00,14
2025-11-09T18:58:47.074890-03:00,10
2025-11-09T19:24:33.943548-03:00,11
2025-11-09T19:39:36.941319-03:00,10
2025-11-09T19:50:37.287605-03:00,10
2025-11-09T20:18:00.350269-03:00,12
2025-11-09T20:30:52.507601-03:00,12
2025-11-09T20:46:09.109937-03:00,12
2025-11-09T20:56:41.225615-03:00,11
2025-11-09T22:59:58.204167-03:00,7
2025-11-10T00:24:12.522713-03:00,8
2025-11-10T01:03:19.938946-03:00,8
2025-11-10T01:52:31.801567-03:00,6
2025-11-10T02:21:27.169976-03:00,7
2025-11-10T02:42:54.707861-03:00,4
2025-11-10T02:56:06.488807-03:00,4
2025-11-10T03:36:08.472670-03:00,2
2025-11-10T03:56:11.956198-03:00,2
2025-11-10T04:22:37.023837-03:00,3
2025-11-10T04:39:45.028786-03:00,2
2025-11-10T04:50:25.126272-03:00,2
2025-11-10T05:29:54.092065-03:00,1
2025-11-10T05:52:40.200030-03:00,1
2025-11-10T06:25:26.773954-03:00,15
2025-11-10T06:45:16.203173-03:00,15
2025-11-10T06:55:45.925337-03:00,4
2025-11-10T07:26:12.373512-03:00,2
2025-11-10T07:47:32.651533-03:00,15
2025-11-10T07:58:05.837713-03:00,15
2025-11-10T08:23:44.625216-03:00,1
2025-11-10T08:39:01.533022-03:00,1
2025-11-10T08:49:52.910918-03:00,1
2025-11-10T09:16:32.329334-03:00,3
2025-11-10T10:03:53.474633-03:00,3
2025-11-10T10:40:48.685235-03:00,1
2025-11-10T10:56:19.779211-03:00,4
2025-11-10T11:23:54.207073-03:00,3
2025-11-10T11:44:33.879290-03:00,8
2025-11-10T11:56:23.536271-03:00,11
2025-11-10T12:26:32.741685-03:00,10
2025-11-10T12:44:01.342463-03:00,13
2025-11-10T12:56:25.089736-03:00,9
2025-11-10T13:31:47.788273-03:00,11
2025-11-10T13:54:32.144144-03:00,6
2025-11-10T14:18:44.438837-03:00,10
2025-11-10T14:35:46.090806-03:00,8
2025-11-10T14:46:45.887718-03:00,11
2025-11-10T14:57:30.077726-03:00,10
2025-11-10T15:37:31.493448-03:00,9
2025-11-10T15:52:06.775546-03:00,12
2025-11-10T16:16:53.436844-03:00,17
2025-11-10T16:29:39.506401-03:00,13
2025-11-10T16:41:29.182774-03:00,13
2025-11-10T16:55:50.847520-03:00,16
2025-11-10T17:26:49.606984-03:00,18
2025-11-10T17:45:35.635481-03:00,16
2025-11-10T17:56:57.755313-03:00,13
2025-11-10T18:22:57.077798-03:00,15
2025-11-10T18:39:26.749392-03:00,13
2025-11-10T18:50:12.927438-03:00,13
2025-11-10T19:09:45.696275-03:00,20
2025-11-10T19:33:42.474092-03:00,17
2025-11-10T19:47:45.686100-03:00,18
2025-11-10T19:58:13.052499-03:00,14
2025-11-10T20:25:17.631884-03:00,15
2025-11-10T20:39:31.716104-03:00,15
2025-11-10T20:50:24.620609-03:00,9
2025-11-10T22:41:49.375907-03:00,11
2025-11-11T00:05:37.016048-03:00,11
2025-11-11T00:51:47.915858-03:00,8
2025-11-11T01:25:39.658243-03:00,8
2025-11-11T01:46:12.254762-03:00,10
2025-11-11T01:56:46.575802-03:00,7
2025-11-11T02:25:21.376491-03:00,9
2025-11-11T02:42:34.790003-03:00,7
2025-11-11T02:56:16.928993-03:00,7
2025-11-11T03:35:57.576907-03:00,6
2025-11-11T03:55:55.372548-03:00,6
2025-11-11T04:22:15.593587-03:00,3
2025-11-11T04:40:38.630961-03:00,4
2025-11-11T04:56:05.393321-03:00,3
2025-11-11T05:30:44.935788-03:00,3
2025-11-11T05:54:24.577785-03:00,3
2025-11-11T06:23:05.092285-03:00,5
2025-11-11T06:43:03.575236-03:00,5
2025-11-11T06:56:20.587159-03:00,5
2025-11-11T07:27:07.121777-03:00,3
2025-11-11T07:57:50.696767-03:00,3
2025-11-11T07:58:42.626301-03:00,3
2025-11-11T08:24:20.416255-03:00,3
2025-11-11T08:39:32.711154-03:00,3
2025-11-11T08:50:36.079058-03:00,2
2025-11-11T09:42:53.545398-03:00,3
2025-11-11T10:22:27.656338-03:00,5
2025-11-11T10:47:03.633300-03:00,4
2025-11-11T10:57:54.966821-03:00,8
2025-11-11T11:29:00.161343-03:00,5
2025-11-11T11:47:46.803662-03:00,4
2025-11-11T11:58:56.315728-03:00,5
2025-11-11T12:30:04.110075-03:00,6
2025-11-11T12:45:33.828342-03:00,10
2025-11-11T12:56:07.936499-03:00,9
2025-11-11T13:32:04.068075-03:00,7
2025-11-11T13:52:01.934032-03:00,4
2025-11-11T14:18:44.346648-03:00,8
2025-11-11T14:38:02.696689-03:00,8
2025-11-11T14:49:06.804547-03:00,8
2025-11-11T14:59:46.861128-03:00,13
2025-11-11T15:38:28.374118-03:00,9
2025-11-11T15:54:40.508524-03:00,14
2025-11-11T16:16:27.191555-03:00,15
2025-11-11T16:29:53.459763-03:00,12
2025-11-11T16:41:35.787289-03:00,13
2025-11-11T16:55:38.263217-03:00,15
2025-11-11T17:23:57.385399-03:00,11
2025-11-11T17:42:25.335014-03:00,10
2025-11-11T17:55:59.299878-03:00,12
2025-11-11T18:19:59.858705-03:00,14
2025-11-11T18:34:31.936864-03:00,14
2025-11-11T18:46:11.498342-03:00,10
2025-11-11T18:56:42.984899-03:00,15
2025-11-11T19:23:24.768254-03:00,13
2025-11-11T19:41:22.395972-03:00,13
2025-11-11T19:56:15.328871-03:00,11
2025-11-11T20:20:55.614760-03:00,10
2025-11-11T20:38:57.633198-03:00,12
2025-11-11T20:49:48.868238-03:00,11
2025-11-11T21:41:11.376125-03:00,12
2025-11-11T23:23:28.553486-03:00,3
2025-11-12T00:32:51.789644-03:00,4
2025-11-12T01:33:09.013729-03:00,1
2025-11-12T01:50:59.902676-03:00,3
2025-11-12T02:20:58.512576-03:00,1
2025-11-12T02:42:56.103999-03:00,3
2025-11-12T02:56:15.618918-03:00,3
2025-11-12T03:35:30.091929-03:00,4
2025-11-12T03:55:40.499302-03:00,2
2025-11-12T04:21:18.235935-03:00,17
2025-11-12T04:40:45.946728-03:00,1
2025-11-12T04:55:53.283420-03:00,2
2025-11-12T05:30:50.605218-03:00,6
2025-11-12T05:55:08.200092-03:00,5
2025-11-12T06:22:59.427443-03:00,4
2025-11-12T06:43:25.093243-03:00,3
2025-11-12T06:56:28.665193-03:00,4
2025-11-12T07:27:26.908242-03:00,2
2025-11-12T07:48:24.024872-03:00,17
2025-11-12T07:59:21.927179-03:00,3
2025-11-12T08:24:27.078420-03:00,1
2025-11-12T08:39:30.206416-03:00,1
2025-11-12T08:50:34.833036-03:00,2
2025-11-12T09:43:43.916889-03:00,3
2025-11-12T10:24:09.605617-03:00,4
2025-11-12T10:49:48.052763-03:00,1
2025-11-12T11:00:15.613290-03:00,4
2025-11-12T11:34:21.696890-03:00,4
2025-11-12T11:52:03.717485-03:00,5
2025-11-12T12:23:55.625898-03:00,1
2025-11-12T12:45:06.872595-03:00,11
2025-11-12T12:57:41.865302-03:00,2
2025-11-12T13:36:12.116450-03:00,3
2025-11-12T13:55:50.866018-03:00,9
2025-11-12T14:21:41.430500-03:00,4
2025-11-12T14:41:16.334581-03:00,6
2025-11-12T14:56:19.551273-03:00,7
2025-11-12T15:31:54.916324-03:00,16
2025-11-12T15:52:22.827009-03:00,14
2025-11-12T16:17:09.197307-03:00,12
2025-11-12T16:30:49.870515-03:00,11
2025-11-12T16:46:21.287439-03:00,15
2025-11-12T16:56:58.716940-03:00,16
2025-11-12T17:28:46.679523-03:00,13
2025-11-12T17:44:18.793049-03:00,14
2025-11-12T17:56:23.588072-03:00,15
2025-11-12T18:22:01.387987-03:00,14
2025-11-12T18:39:38.117406-03:00,14
2025-11-12T18:50:46.838357-03:00,14
2025-11-12T19:19:49.646700-03:00,13
2025-11-12T19:35:55.140381-03:00,13
2025-11-12T19:46:59.678363-03:00,14
2025-11-12T19:58:05.527362-03:00,9
2025-11-12T20:25:20.738598-03:00,12
2025-11-12T20:39:54.212719-03:00,12
2025-11-12T20:50:58.746898-03:00,13
2025-11-12T22:42:04.889496-03:00,7
2025-11-13T00:06:34.977235-03:00,9
2025-11-13T00:53:13.048532-03:00,1
2025-11-13T01:26:08.413077-03:00,3
2025-11-13T01:46:54.929975-03:00,2
2025-11-13T01:57:45.220368-03:00,2
2025-11-13T02:27:58.984312-03:00,3
2025-11-13T02:45:27.956528-03:00,1
2025-11-13T02:56:05.833574-03:00,1
2025-11-13T03:34:49.981897-03:00,3
2025-11-13T03:55:28.301846-03:00,1
2025-11-13T04:20:40.866232-03:00,2
2025-11-13T04:40:04.755476-03:00,1
2025-11-13T04:50:54.970557-03:00,3
2025-11-13T05:28:21.696427-03:00,3
2025-11-13T05:51:30.154899-03:00,4
2025-11-13T06:23:33.595970-03:00,6
2025-11-13T06:43:13.320458-03:00,4
2025-11-13T06:55:51.290510-03:00,1
2025-11-13T07:25:52.217166-03:00,2
2025-11-13T07:47:36.982374-03:00,1
2025-11-13T07:58:06.217145-03:00,3
2025-11-13T08:24:50.290393-03:00,1
2025-11-13T08:39:38.541562-03:00,1
2025-11-13T08:50:45.133712-03:00,2
2025-11-13T09:44:43.680571-03:00,2
2025-11-13T10:23:43.529460-03:00,3
2025-11-13T10:50:35.672621-03:00,3
2025-11-13T11:20:15.862663-03:00,1
2025-11-13T11:41:34.529968-03:00,3
2025-11-13T12:25:46.071918-03:00,3
2025-11-13T12:42:26.120357-03:00,4
2025-11-13T12:56:28.918637-03:00,8
2025-11-13T13:29:46.626238-03:00,8
2025-11-13T13:51:44.975570-03:00,11
2025-11-13T14:20:21.201419-03:00,11
2025-11-13T14:42:35.842659-03:00,12
2025-11-13T14:55:51.782261-03:00,9
2025-11-13T15:31:51.079423-03:00,10
2025-11-13T15:53:49.462777-03:00,13
2025-11-13T16:17:02.706011-03:00,16
2025-11-13T16:32:14.623195-03:00,12
2025-11-13T16:46:21.854844-03:00,14
2025-11-13T16:56:45.193966-03:00,13
2025-11-13T17:27:36.927640-03:00,20
2025-11-13T17:44:55.096531-03:00,13
2025-11-13T17:56:20.594476-03:00,13
2025-11-13T18:21:31.399225-03:00,13
2025-11-13T18:37:13.234814-03:00,20
2025-11-13T18:48:21.566344-03:00,20
2025-11-13T18:59:31.880156-03:00,15
2025-11-13T19:28:01.204012-03:00,13
2025-11-13T19:43:09.036382-03:00,15
2025-11-13T19:56:00.854878-03:00,14
2025-11-13T20:21:22.019947-03:00,11
2025-11-13T20:39:04.121767-03:00,10
2025-11-13T20:50:08.913347-03:00,12
2025-11-13T21:43:55.150621-03:00,7
2025-11-13T23:24:10.995423-03:00,6
2025-11-14T00:33:33.439391-03:00,3
2025-11-14T00:59:32.206725-03:00,6
2025-11-14T01:32:20.968543-03:00,5
2025-11-14T01:49:44.693348-03:00,5
2025-11-14T02:00:38.832111-03:00,4
2025-11-14T02:32:20.762807-03:00,2
2025-11-14T02:47:49.687051-03:00,2
2025-11-14T02:58:50.616608-03:00,2
2025-11-14T03:40:44.927155-03:00,2
2025-11-14T03:58:58.825281-03:00,1
2025-11-14T04:26:37.669794-03:00,1
2025-11-14T04:41:22.189497-03:00,1
2025-11-14T04:55:53.991101-03:00,4
2025-11-14T05:51:11.199846-03:00,4
2025-11-14T06:22:13.029925-03:00,14
2025-11-14T06:42:32.211425-03:00,4
2025-11-14T06:56:05.947319-03:00,3
2025-11-14T07:25:49.935822-03:00,2
2025-11-14T07:56:27.072815-03:00,3
2025-11-14T08:20:09.958598-03:00,3
2025-11-14T08:32:20.562740-03:00,4
2025-11-14T08:46:19.091735-03:00,3
2025-11-14T08:57:03.438466-03:00,2
2025-11-14T09:52:05.786945-03:00,2
2025-11-14T10:30:45.712514-03:00,3
2025-11-14T10:49:16.433312-03:00,5
2025-11-14T10:59:50.505081-03:00,4
2025-11-14T11:29:19.394829-03:00,6
2025-11-14T11:43:51.910874-03:00,9
2025-11-14T11:55:47.074787-03:00,2
2025-11-14T12:20:17.855337-03:00,8
2025-11-14T12:40:57.775989-03:00,11
2025-11-14T12:56:18.057182-03:00,11
2025-11-14T13:30:14.117306-03:00,15
2025-11-14T13:53:41.825768-03:00,10
2025-11-14T14:18:09.483476-03:00,14
2025-11-14T14:37:01.922213-03:00,13
2025-11-14T14:48:20.833272-03:00,8
2025-11-14T14:58:58.973085-03:00,11
2025-11-14T15:38:27.147191-03:00,16
2025-11-14T15:54:49.588795-03:00,13
2025-11-14T16:16:43.533172-03:00,17
2025-11-14T16:29:35.031222-03:00,16
2025-11-14T16:41:13.932177-03:00,16
2025-11-14T16:55:54.571837-03:00,17
2025-11-14T17:25:35.023480-03:00,18
2025-11-14T17:42:41.903523-03:00,14
2025-11-14T17:56:22.779720-03:00,15
2025-11-14T18:21:29.622311-03:00,18
2025-11-14T18:39:03.413567-03:00,17
2025-11-14T18:50:08.482797-03:00,17
2025-11-14T19:08:49.452203-03:00,15
2025-11-14T19:32:41.384597-03:00,17
2025-11-14T19:46:33.610713-03:00,15
2025-11-14T19:57:25.400673-03:00,14
2025-11-14T20:23:13.820892-03:00,10
2025-11-14T20:38:39.668717-03:00,10
2025-11-14T20:49:43.457731-03:00,11
2025-11-14T21:00:12.286376-03:00,12
2025-11-14T23:02:56.692113-03:00,9
2025-11-15T00:14:50.106931-03:00,12
2025-11-15T00:47:22.499990-03:00,10
2025-11-15T00:58:50.223795-03:00,9
2025-11-15T01:30:32.822312-03:00,7
2025-11-15T01:48:26.828447-03:00,6
2025-11-15T01:59:20.662162-03:00,5
2025-11-15T02:27:10.096443-03:00,6
2025-11-15T02:42:32.474573-03:00,5
2025-11-15T02:55:59.084759-03:00,5
2025-11-15T03:31:12.274437-03:00,5
2025-11-15T03:50:43.247096-03:00,7
2025-11-15T04:17:39.540046-03:00,9
2025-11-15T04:29:56.287850-03:00,7
2025-11-15T04:40:51.901931-03:00,7
2025-11-15T04:56:16.425589-03:00,9
2025-11-15T05:27:28.626944-03:00,8
2025-11-15T05:45:18.270149-03:00,9
2025-11-15T05:55:44.333025-03:00,9
2025-11-15T06:19:59.233900-03:00,8
2025-11-15T06:32:50.104022-03:00,8
2025-11-15T06:45:54.370051-03:00,8
2025-11-15T06:56:41.035350-03:00,8
2025-11-15T07:22:54.414755-03:00,5
2025-11-15T07:40:41.410962-03:00,5
2025-11-15T07:55:56.075053-03:00,7
2025-11-15T08:16:27.079805-03:00,6
2025-11-15T08:27:52.893382-03:00,6
2025-11-15T08:40:22.935323-03:00,6
2025-11-15T08:55:55.745483-03:00,5
2025-11-15T09:40:55.750281-03:00,4
2025-11-15T10:14:00.689027-03:00,4
2025-11-15T10:35:49.215370-03:00,7
2025-11-15T10:46:56.996632-03:00,7
2025-11-15T10:57:41.197816-03:00,10
2025-11-15T11:22:36.733531-03:00,9
2025-11-15T11:39:37.315272-03:00,11
2025-11-15T11:50:02.370361-03:00,11
2025-11-15T12:07:36.560981-03:00,10
2025-11-15T12:28:27.321155-03:00,8
2025-11-15T12:41:32.427056-03:00,8
2025-11-15T12:56:00.995866-03:00,10
2025-11-15T13:24:50.701258-03:00,11
2025-11-15T13:42:57.858847-03:00,12
2025-11-15T13:55:56.551772-03:00,11
2025-11-15T14:16:40.561370-03:00,11
2025-11-15T14:31:03.937017-03:00,11
2025-11-15T14:46:09.867746-03:00,12
2025-11-15T14:56:29.249214-03:00,11
2025-11-15T15:30:23.091153-03:00,12
2025-11-15T15:49:28.144322-03:00,12
2025-11-15T16:00:03.060867-03:00,10
2025-11-15T16:19:13.906589-03:00,15
2025-11-15T16:29:38.294696-03:00,15
2025-11-15T16:40:47.253034-03:00,15
2025-11-15T16:56:04.455953-03:00,17
2025-11-15T17:22:21.683671-03:00,14
2025-11-15T17:39:06.721296-03:00,14
2025-11-15T17:50:11.497805-03:00,14
2025-11-15T18:16:31.828299-03:00,12
2025-11-15T18:29:15.324436-03:00,12
2025-11-15T18:40:26.766291-03:00,16
2025-11-15T18:55:46.652594-03:00,13
2025-11-15T19:17:20.064720-03:00,15
2025-11-15T19:32:40.538836-03:00,12
2025-11-15T19:46:16.190829-03:00,14
2025-11-15T19:56:45.228824-03:00,17
2025-11-15T20:20:59.469081-03:00,11
2025-11-15T20:37:57.861036-03:00,18
2025-11-15T20:48:50.152966-03:00,18
2025-11-15T20:59:21.748700-03:00,18
2025-11-15T23:18:26.746206-03:00,7
2025-11-16T00:34:19.245472-03:00,9
2025-11-16T01:02:23.189006-03:00,6
2025-11-16T01:36:09.866024-03:00,8
2025-11-16T01:50:14.370723-03:00,7
2025-11-16T02:19:21.081697-03:00,8
2025-11-16T02:37:35.234431-03:00,9
2025-11-16T02:48:13.189783-03:00,9
2025-11-16T02:58:57.833380-03:00,3
2025-11-16T03:38:15.896546-03:00,10
2025-11-16T03:53:05.007451-03:00,10
2025-11-16T04:18:45.876071-03:00,9
2025-11-16T04:31:54.193746-03:00,7
2025-11-16T04:45:47.527684-03:00,6
2025-11-16T04:56:29.055023-03:00,4
2025-11-16T05:29:06.201924-03:00,5
2025-11-16T05:46:59.082490-03:00,4
2025-11-16T05:58:01.105136-03:00,3
2025-11-16T06:25:26.949387-03:00,4
2025-11-16T06:39:13.069184-03:00,1
2025-11-16T06:50:23.431909-03:00,1
2025-11-16T07:19:54.364900-03:00,2
2025-11-16T07:38:16.751155-03:00,5
2025-11-16T07:48:59.909009-03:00,3
2025-11-16T07:59:31.345345-03:00,4
2025-11-16T08:20:51.692723-03:00,7
2025-11-16T08:37:35.695410-03:00,5
2025-11-16T08:48:25.581453-03:00,5
2025-11-16T09:50:40.731232-03:00,4
2025-11-16T10:24:48.503770-03:00,3
2025-11-16T10:40:26.367695-03:00,5
2025-11-16T10:55:57.084486-03:00,3
2025-11-16T11:18:48.287631-03:00,7
2025-11-16T11:34:59.999596-03:00,6
2025-11-16T11:46:36.244524-03:00,3
2025-11-16T11:56:45.873461-03:00,6
2025-11-16T12:22:14.417246-03:00,7
2025-11-16T12:38:16.956493-03:00,6
2025-11-16T12:49:13.859650-03:00,6
2025-11-16T12:59:56.159057-03:00,9
2025-11-16T13:31:12.857027-03:00,9
2025-11-16T13:49:03.916789-03:00,11
2025-11-16T13:59:42.049651-03:00,14
2025-11-16T14:23:03.116101-03:00,15
2025-11-16T14:39:13.751110-03:00,15
2025-11-16T14:50:18.846005-03:00,15
2025-11-16T15:27:20.957216-03:00,16
2025-11-16T15:47:26.748567-03:00,15
2025-11-16T15:58:03.479703-03:00,14
2025-11-16T16:19:55.702748-03:00,17
2025-11-16T16:46:22.444759-03:00,16
2025-11-16T16:57:08.394316-03:00,14
2025-11-16T17:26:20.976176-03:00,16
2025-11-16T17:41:33.633770-03:00,14
2025-11-16T17:56:12.291035-03:00,15
2025-11-16T18:30:56.829043-03:00,13
2025-11-16T18:46:19.027059-03:00,11
2025-11-16T18:57:07.787123-03:00,13
2025-11-16T19:22:58.783723-03:00,14
2025-11-16T19:40:58.276489-03:00,16
2025-11-16T19:56:07.487781-03:00,12
2025-11-16T20:20:10.538382-03:00,10
2025-11-16T20:32:37.972992-03:00,10
2025-11-16T20:46:02.430237-03:00,12
2025-11-16T20:57:02.782684-03:00,11
2025-11-16T23:00:08.942456-03:00,6
2025-11-17T00:21:49.969245-03:00,12
2025-11-17T00:59:12.435835-03:00,3
2025-11-17T01:34:21.874460-03:00,1
2025-11-17T01:51:26.148941-03:00,3
2025-11-17T02:21:18.613440-03:00,4
2025-11-17T02:43:43.576184-03:00,4
2025-11-17T02:56:18.547599-03:00,4
2025-11-17T03:36:04.848424-03:00,2
2025-11-17T03:55:34.956010-03:00,4
2025-11-17T04:21:31.572959-03:00,1
2025-11-17T04:40:20.099480-03:00,2
2025-11-17T04:55:54.475216-03:00,4
2025-11-17T05:32:43.853659-03:00,1
2025-11-17T05:56:05.101803-03:00,5
2025-11-17T06:28:35.482416-03:00,2
2025-11-17T06:47:14.019849-03:00,1
2025-11-17T06:58:02.419916-03:00,2
2025-11-17T07:31:53.083895-03:00,3
2025-11-17T07:51:29.254972-03:00,2
2025-11-17T08:18:17.905986-03:00,2
2025-11-17T08:32:39.764074-03:00,1
2025-11-17T08:46:21.766657-03:00,1
2025-11-17T08:56:49.322175-03:00,2
2025-11-17T09:52:34.016985-03:00,4
2025-11-17T10:32:28.844553-03:00,4
2025-11-17T10:51:45.099642-03:00,6
2025-11-17T11:21:04.927927-03:00,2
2025-11-17T11:45:26.087268-03:00,7
2025-11-17T11:56:36.897404-03:00,3
2025-11-17T12:27:26.589327-03:00,4
2025-11-17T12:45:39.342185-03:00,5
2025-11-17T12:56:36.011309-03:00,5
2025-11-17T13:33:05.356332-03:00,10
2025-11-17T13:55:02.272865-03:00,9
2025-11-17T14:20:07.435108-03:00,9
2025-11-17T14:38:59.622010-03:00,17
2025-11-17T14:49:58.443096-03:00,17
2025-11-17T15:01:15.382902-03:00,12
2025-11-17T15:41:40.950121-03:00,13
2025-11-17T15:56:30.391831-03:00,14
2025-11-17T16:18:51.965160-03:00,12
2025-11-17T16:30:40.511108-03:00,10
2025-11-17T16:45:49.927488-03:00,13
2025-11-17T16:56:41.957523-03:00,15
2025-11-17T17:27:49.329337-03:00,14
2025-11-17T17:42:07.567115-03:00,14
2025-11-17T17:56:19.013493-03:00,14
2025-11-17T18:21:42.263899-03:00,12
2025-11-17T18:40:09.090618-03:00,13
2025-11-17T18:51:04.967056-03:00,13
2025-11-17T19:19:59.211986-03:00,11
2025-11-17T19:38:52.771670-03:00,9
2025-11-17T19:49:56.010588-03:00,9
2025-11-17T20:01:06.927365-03:00,12
2025-11-17T20:28:22.706259-03:00,10
2025-11-17T20:42:26.736731-03:00,11
2025-11-17T22:48:55.843022-03:00,9
2025-11-18T00:04:49.987258-03:00,7
2025-11-18T00:50:34.440794-03:00,10
2025-11-18T01:25:28.566031-03:00,5
2025-11-18T01:45:10.675273-03:00,6
2025-11-18T01:56:24.043566-03:00,7
2025-11-18T02:23:27.551503-03:00,8
2025-11-18T02:42:58.599030-03:00,8
2025-11-18T02:56:20.446965-03:00,8
2025-11-18T03:34:48.606362-03:00,9
2025-11-18T03:54:20.497365-03:00,5
2025-11-18T04:20:25.595102-03:00,3
2025-11-18T04:40:25.063497-03:00,2
2025-11-18T04:56:21.115607-03:00,1
2025-11-18T05:32:02.454871-03:00,3
2025-11-18T05:54:42.284215-03:00,15
2025-11-18T06:23:33.078021-03:00,1
2025-11-18T06:43:43.158151-03:00,4
2025-11-18T06:56:20.169416-03:00,4
2025-11-18T07:27:22.471766-03:00,15
2025-11-18T07:48:12.083210-03:00,15
2025-11-18T07:58:59.583872-03:00,3
2025-11-18T08:25:43.489446-03:00,6
2025-11-18T08:40:02.375749-03:00,6
2025-11-18T08:50:52.705207-03:00,3
2025-11-18T09:43:11.422848-03:00,6
2025-11-18T10:23:06.565036-03:00,4
2025-11-18T10:48:39.125728-03:00,1
2025-11-18T10:59:13.050907-03:00,4
2025-11-18T11:29:39.145004-03:00,7
2025-11-18T11:48:19.687339-03:00,8
2025-11-18T11:59:37.222129-03:00,6
2025-11-18T12:32:08.744562-03:00,11
2025-11-18T12:51:25.925530-03:00,6
2025-11-18T13:28:49.188480-03:00,13
2025-11-18T13:53:41.213056-03:00,10
2025-11-18T14:19:43.856373-03:00,16
2025-11-18T14:38:36.590802-03:00,15
2025-11-18T14:50:03.411411-03:00,15
2025-11-18T15:13:58.508162-03:00,17
2025-11-18T15:46:53.508056-03:00,14
2025-11-18T15:59:42.138762-03:00,13
2025-11-18T16:22:46.904530-03:00,15
2025-11-18T16:37:34.304295-03:00,16
2025-11-18T16:48:51.195484-03:00,16
2025-11-18T16:59:26.665422-03:00,13
2025-11-18T18:48:49.816041-03:00,18
2025-11-18T18:59:39.625006-03:00,10
2025-11-18T19:28:42.874074-03:00,12
2025-11-18T19:44:37.234275-03:00,15
2025-11-18T19:55:47.652507-03:00,13
2025-11-18T20:20:00.075455-03:00,19
2025-11-18T20:31:41.176154-03:00,13
2025-11-18T20:46:23.427474-03:00,13
2025-11-18T20:57:08.905572-03:00,12
2025-11-18T22:58:43.256777-03:00,7
2025-11-19T00:17:07.632468-03:00,7
2025-11-19T00:52:37.804964-03:00,1
2025-11-19T01:25:42.367885-03:00,6
2025-11-19T01:45:40.826369-03:00,5
2025-11-19T01:57:00.176020-03:00,7
2025-11-19T02:26:14.689313-03:00,4
2025-11-19T02:43:53.907043-03:00,3
2025-11-19T02:56:15.788839-03:00,3
2025-11-19T03:34:59.105690-03:00,2
2025-11-19T03:54:33.605847-03:00,7
2025-11-19T04:20:19.501581-03:00,8
2025-11-19T04:40:30.974091-03:00,6
2025-11-19T04:55:55.476884-03:00,3
2025-11-19T05:30:34.114608-03:00,1
2025-11-19T05:54:13.674836-03:00,2
2025-11-19T06:24:07.631725-03:00,19
2025-11-19T06:43:24.639444-03:00,19
2025-11-19T06:56:18.067926-03:00,19
2025-11-19T07:26:42.650972-03:00,2
2025-11-19T07:47:11.013050-03:00,3
2025-11-19T07:58:00.987992-03:00,2
2025-11-19T08:23:55.595644-03:00,4
2025-11-19T08:38:59.728092-03:00,4
2025-11-19T08:49:58.708258-03:00,5
2025-11-19T09:17:12.773622-03:00,3
2025-11-19T10:03:53.142476-03:00,3
2025-11-19T10:41:42.428253-03:00,6
2025-11-19T10:56:54.291937-03:00,5
2025-11-19T11:25:31.112859-03:00,5
2025-11-19T11:45:29.799667-03:00,5
2025-11-19T11:57:08.908616-03:00,5
2025-11-19T12:27:02.601214-03:00,6
2025-11-19T12:41:49.539073-03:00,11
2025-11-19T12:56:21.470857-03:00,8
2025-11-19T13:31:57.445826-03:00,10
2025-11-19T13:54:34.933722-03:00,5
2025-11-19T14:19:39.439453-03:00,10
2025-11-19T14:35:22.213475-03:00,12
2025-11-19T14:46:36.290527-03:00,15
2025-11-19T14:57:18.267433-03:00,13
2025-11-19T15:37:36.471965-03:00,14
2025-11-19T15:52:37.597096-03:00,18
2025-11-19T16:17:10.040390-03:00,20
2025-11-19T16:29:57.460937-03:00,19
2025-11-19T16:41:44.504268-03:00,19
2025-11-19T16:56:21.264198-03:00,17
2025-11-19T17:23:26.190793-03:00,20
2025-11-19T17:39:01.305882-03:00,20
2025-11-19T17:50:15.830329-03:00,22
2025-11-19T18:07:31.612143-03:00,16
2025-11-19T18:25:29.400335-03:00,19
2025-11-19T18:38:21.842376-03:00,20
2025-11-19T18:49:32.866754-03:00,20
2025-11-19T19:31:11.071836-03:00,14
2025-11-19T19:47:01.993724-03:00,17
2025-11-19T19:57:39.504108-03:00,21
2025-11-19T20:24:55.296546-03:00,14
2025-11-19T20:38:54.104301-03:00,14
2025-11-19T20:49:44.168697-03:00,10
2025-11-19T21:00:28.820290-03:00,10
2025-11-19T23:06:12.328653-03:00,11
2025-11-20T00:17:18.897177-03:00,9
2025-11-20T00:51:50.839876-03:00,9
2025-11-20T01:24:05.334345-03:00,4
2025-11-20T01:43:48.418015-03:00,4
2025-11-20T01:55:50.932043-03:00,4
2025-11-20T02:22:36.949041-03:00,6
2025-11-20T02:42:42.415440-03:00,6
2025-11-20T02:56:11.770106-03:00,5
2025-11-20T03:34:25.584390-03:00,5
2025-11-20T03:54:32.652492-03:00,4
2025-11-20T04:20:20.713208-03:00,4
2025-11-20T04:39:47.190252-03:00,4
2025-11-20T04:50:45.658753-03:00,4
2025-11-20T05:29:15.016767-03:00,3
2025-11-20T05:52:19.015103-03:00,21
2025-11-20T06:22:25.076530-03:00,3
2025-11-20T06:42:40.955529-03:00,2
2025-11-20T06:56:05.780963-03:00,2
2025-11-20T07:25:23.779691-03:00,2
2025-11-20T07:45:31.083578-03:00,4
2025-11-20T07:56:22.902183-03:00,7
2025-11-20T08:20:28.389771-03:00,4
2025-11-20T08:38:26.059064-03:00,5
2025-11-20T08:49:33.310762-03:00,6
2025-11-20T09:00:20.237644-03:00,8
2025-11-20T09:58:54.213864-03:00,7
2025-11-20T10:35:54.493872-03:00,10
2025-11-20T10:49:23.061775-03:00,6
2025-11-20T10:59:44.340547-03:00,9
2025-11-20T11:44:46.338350-03:00,3
2025-11-20T11:56:24.919466-03:00,3
2025-11-20T12:26:20.236739-03:00,7
2025-11-20T12:44:27.432986-03:00,5
2025-11-20T12:55:43.968584-03:00,9
2025-11-20T13:29:11.662210-03:00,13
2025-11-20T13:53:17.047347-03:00,12
2025-11-20T14:16:31.935526-03:00,12
2025-11-20T14:33:47.163388-03:00,12
2025-11-20T14:46:31.125932-03:00,9
2025-11-20T14:57:35.436484-03:00,12
2025-11-20T15:38:35.544472-03:00,11
2025-11-20T15:55:53.904941-03:00,8
2025-11-20T16:18:12.376450-03:00,6
2025-11-20T16:30:28.523449-03:00,9
2025-11-20T16:45:51.364057-03:00,12
2025-11-20T16:56:26.250950-03:00,11
2025-11-20T17:27:43.747725-03:00,9
2025-11-20T17:43:06.521496-03:00,5
2025-11-20T17:55:51.012215-03:00,5
2025-11-20T18:20:33.992464-03:00,8
2025-11-20T18:37:03.151313-03:00,1
2025-11-20T18:48:02.059033-03:00,1
2025-11-20T18:58:49.495799-03:00,1
2025-11-20T19:25:01.968547-03:00,4
2025-11-20T19:40:12.308243-03:00,4
2025-11-20T19:51:11.380594-03:00,5
2025-11-20T20:19:08.930447-03:00,9
2025-11-20T20:33:50.238070-03:00,9
2025-11-20T20:45:54.979402-03:00,6
2025-11-20T20:56:35.281006-03:00,6
2025-11-20T22:52:11.914541-03:00,2
2025-11-21T00:11:34.649739-03:00,3
2025-11-21T00:51:02.006544-03:00,4
2025-11-21T01:24:48.023606-03:00,13
2025-11-21T01:45:03.050015-03:00,1
2025-11-21T01:56:11.977802-03:00,1
2025-11-21T02:23:34.954513-03:00,4
2025-11-21T02:43:02.510653-03:00,1
2025-11-21T02:56:17.816554-03:00,1
2025-11-21T03:35:59.136066-03:00,3
2025-11-21T03:56:20.600548-03:00,2
2025-11-21T04:23:29.229561-03:00,13
2025-11-21T04:40:03.087425-03:00,1
2025-11-21T04:50:53.057251-03:00,1
2025-11-21T05:29:28.339835-03:00,13
2025-11-21T05:51:53.909561-03:00,1
2025-11-21T06:21:49.576029-03:00,1
2025-11-21T06:42:30.493338-03:00,1
2025-11-21T06:56:15.768798-03:00,13
2025-11-21T07:25:04.230423-03:00,2
2025-11-21T07:44:19.358390-03:00,13
2025-11-21T07:55:42.871612-03:00,1
2025-11-21T08:18:27.024282-03:00,1
2025-11-21T08:31:06.008096-03:00,2
2025-11-21T08:46:04.252730-03:00,1
2025-11-21T08:56:45.186399-03:00,1
2025-11-21T09:50:26.614492-03:00,4
2025-11-21T10:28:55.160462-03:00,2
2025-11-21T10:46:30.549261-03:00,3
2025-11-21T10:57:11.140899-03:00,3
2025-11-21T11:25:22.305462-03:00,3
2025-11-21T11:42:54.178567-03:00,2
2025-11-21T11:56:09.940291-03:00,2
2025-11-21T12:20:54.227855-03:00,2
2025-11-21T12:37:40.708627-03:00,10
2025-11-21T12:48:35.847011-03:00,10
2025-11-21T12:59:25.685016-03:00,3
2025-11-21T13:33:20.053766-03:00,10
2025-11-21T13:51:25.591114-03:00,12
2025-11-21T14:36:28.476930-03:00,15
2025-11-21T14:47:39.746335-03:00,10
2025-11-21T14:58:48.917984-03:00,13
2025-11-21T15:35:03.709194-03:00,11
2025-11-21T15:51:21.967417-03:00,16
2025-11-21T16:17:24.369547-03:00,14
2025-11-21T16:29:23.647609-03:00,13
2025-11-21T16:40:42.447044-03:00,13
2025-11-21T16:56:11.495215-03:00,17
2025-11-21T17:26:27.935600-03:00,17
2025-11-21T17:43:05.785431-03:00,14
2025-11-21T17:55:59.582151-03:00,13
2025-11-21T18:20:03.643702-03:00,13
2025-11-21T18:33:27.507251-03:00,13
2025-11-21T18:46:09.860463-03:00,15
2025-11-21T18:56:53.234466-03:00,11
2025-11-21T19:24:38.536195-03:00,14
2025-11-21T19:41:25.499116-03:00,14
2025-11-21T19:55:46.000992-03:00,14
2025-11-21T20:20:00.566623-03:00,14
2025-11-21T20:33:23.701323-03:00,12
2025-11-21T20:45:59.663536-03:00,12
2025-11-21T20:56:32.973822-03:00,12
2025-11-21T22:48:42.957230-03:00,9
2025-11-21T23:56:59.944019-03:00,9
2025-11-22T00:39:29.640434-03:00,7
2025-11-22T00:55:14.662442-03:00,7
2025-11-22T01:23:18.108352-03:00,8
2025-11-22T01:43:08.357633-03:00,7
2025-11-22T01:56:16.716845-03:00,4
2025-11-22T02:21:29.447491-03:00,5
2025-11-22T02:40:18.332925-03:00,6
2025-11-22T02:55:58.685205-03:00,6
2025-11-22T03:30:54.538868-03:00,6
2025-11-22T03:51:08.477640-03:00,3
2025-11-22T04:18:32.969243-03:00,3
2025-11-22T04:46:18.283281-03:00,2
2025-11-22T04:57:10.994937-03:00,4
2025-11-22T05:30:49.978383-03:00,2
2025-11-22T05:50:24.780491-03:00,2
2025-11-22T06:19:16.188728-03:00,2
2025-11-22T06:33:05.583230-03:00,2
2025-11-22T06:45:57.767067-03:00,1
2025-11-22T06:56:40.872770-03:00,1
2025-11-22T07:23:14.409355-03:00,1
2025-11-22T07:40:18.281682-03:00,1
2025-11-22T07:55:40.627308-03:00,4
2025-11-22T08:15:47.173732-03:00,3
2025-11-22T08:27:22.433535-03:00,4
2025-11-22T08:39:30.288111-03:00,4
2025-11-22T08:50:06.312424-03:00,5
2025-11-22T09:14:35.936811-03:00,5
2025-11-22T09:54:43.962718-03:00,4
2025-11-22T10:24:07.847298-03:00,2
2025-11-22T10:39:36.608453-03:00,2
2025-11-22T10:50:26.323398-03:00,1
2025-11-22T11:17:20.207625-03:00,7
2025-11-22T11:33:45.881383-03:00,6
2025-11-22T11:46:16.180748-03:00,7
2025-11-22T11:56:55.511318-03:00,6
2025-11-22T12:22:14.122309-03:00,8
2025-11-22T12:38:13.994947-03:00,13
2025-11-22T12:49:34.072468-03:00,13
2025-11-22T12:59:51.321910-03:00,12
2025-11-22T13:31:58.171936-03:00,12
2025-11-22T13:49:24.168642-03:00,10
2025-11-22T14:00:18.960266-03:00,9
2025-11-22T14:26:56.134737-03:00,14
2025-11-22T14:40:06.748616-03:00,11
2025-11-22T14:51:15.960140-03:00,11
2025-11-22T15:27:40.167132-03:00,17
2025-11-22T15:48:24.564528-03:00,17
2025-11-22T15:59:04.190569-03:00,15
2025-11-22T16:20:55.311946-03:00,21
2025-11-22T16:37:25.120417-03:00,16
2025-11-22T16:48:24.579041-03:00,16
2025-11-22T16:59:07.522348-03:00,13
2025-11-22T17:28:40.707201-03:00,18
2025-11-22T17:42:59.331696-03:00,17
2025-11-22T17:55:44.691657-03:00,17
2025-11-22T18:18:49.530762-03:00,22
2025-11-22T18:31:38.625320-03:00,16
2025-11-22T18:46:02.618055-03:00,17
2025-11-22T18:56:39.691349-03:00,18
2025-11-22T19:22:34.867227-03:00,15
2025-11-22T19:40:53.715554-03:00,15
2025-11-22T19:55:55.652799-03:00,13
2025-11-22T20:20:23.743804-03:00,15
2025-11-22T20:39:03.068732-03:00,11
2025-11-22T20:49:52.767067-03:00,11
2025-11-22T21:47:30.395070-03:00,13
2025-11-22T23:49:53.898729-03:00,10
2025-11-23T00:50:57.892949-03:00,6
2025-11-23T01:33:13.225608-03:00,8
2025-11-23T01:54:42.305213-03:00,7
2025-11-23T02:19:39.245323-03:00,4
2025-11-23T02:37:58.239974-03:00,3
2025-11-23T02:48:59.916622-03:00,4
2025-11-23T02:59:39.620135-03:00,7
2025-11-23T03:38:22.385875-03:00,5
2025-11-23T03:53:43.012548-03:00,5
2025-11-23T04:19:04.937329-03:00,4
2025-11-23T04:31:58.094491-03:00,8
2025-11-23T04:46:22.448424-03:00,4
2025-11-23T04:56:53.793405-03:00,6
2025-11-23T05:30:34.496503-03:00,3
2025-11-23T05:50:31.059051-03:00,2
2025-11-23T06:19:35.375514-03:00,21
2025-11-23T06:34:28.955668-03:00,2
2025-11-23T06:46:10.557081-03:00,6
2025-11-23T06:56:46.752552-03:00,1
2025-11-23T07:23:44.291259-03:00,2
2025-11-23T07:41:12.719596-03:00,2
2025-11-23T07:56:16.270309-03:00,4
2025-11-23T08:18:01.893783-03:00,2
2025-11-23T08:29:21.675513-03:00,1
2025-11-23T08:40:52.135757-03:00,1
2025-11-23T08:56:02.111318-03:00,4
2025-11-23T09:40:05.446930-03:00,2
2025-11-23T10:05:03.667906-03:00,1
2025-11-23T10:30:49.355643-03:00,4
2025-11-23T10:46:03.666553-03:00,1
2025-11-23T10:56:53.624620-03:00,8
2025-11-23T11:20:45.676900-03:00,13
2025-11-23T11:39:24.781335-03:00,11
2025-11-23T11:50:36.106241-03:00,11
2025-11-23T12:18:29.405143-03:00,13
2025-11-23T12:32:11.717539-03:00,11
2025-11-23T12:45:48.511393-03:00,16
2025-11-23T12:56:36.235555-03:00,15
2025-11-23T13:27:55.217853-03:00,17
2025-11-23T13:45:55.293406-03:00,15
2025-11-23T13:56:49.922120-03:00,14
2025-11-23T14:19:58.461560-03:00,17
2025-11-23T14:35:05.621418-03:00,14
2025-11-23T14:45:48.632378-03:00,15
2025-11-23T14:56:28.184638-03:00,15
2025-11-23T15:31:52.792645-03:00,17
2025-11-23T15:51:21.488775-03:00,13
2025-11-23T16:15:57.515965-03:00,12
2025-11-23T16:28:00.567154-03:00,14
2025-11-23T16:40:17.853085-03:00,13
2025-11-23T16:55:49.489635-03:00,14
2025-11-23T17:24:29.006805-03:00,15
2025-11-23T17:41:39.378441-03:00,15
2025-11-23T17:55:56.391356-03:00,16
2025-11-23T18:19:42.333201-03:00,15
2025-11-23T18:32:42.600911-03:00,11
2025-11-23T18:45:53.509729-03:00,12
2025-11-23T18:56:29.993284-03:00,16
2025-11-23T19:22:01.821985-03:00,10
2025-11-23T19:41:40.089379-03:00,10
2025-11-23T19:56:13.076188-03:00,8
2025-11-23T20:20:46.734212-03:00,11
2025-11-23T20:39:02.991676-03:00,11
2025-11-23T20:49:56.089247-03:00,13
2025-11-23T21:44:44.858010-03:00,12
2025-11-23T23:32:03.553045-03:00,9
2025-11-24T00:46:32.905555-03:00,6
2025-11-24T01:22:24.147941-03:00,5
2025-11-24T01:53:10.829333-03:00,7
2025-11-24T02:22:18.478368-03:00,8
2025-11-24T02:44:35.453072-03:00,9
2025-11-24T02:56:06.450119-03:00,8
2025-11-24T03:35:51.229111-03:00,7
2025-11-24T03:56:03.539471-03:00,7
2025-11-24T04:23:01.919849-03:00,8
2025-11-24T04:40:16.100414-03:00,6
2025-11-24T04:55:59.514246-03:00,6
2025-11-24T05:33:19.489208-03:00,6
2025-11-24T05:55:42.065654-03:00,6
2025-11-24T06:28:02.039194-03:00,4
2025-11-24T06:47:44.085745-03:00,6
2025-11-24T06:58:44.404146-03:00,4
2025-11-24T07:32:53.234656-03:00,4
2025-11-24T07:51:38.755069-03:00,3
2025-11-24T08:18:40.814343-03:00,2
2025-11-24T08:32:53.614088-03:00,3
2025-11-24T08:46:31.038138-03:00,5
2025-11-24T08:57:02.062272-03:00,3
2025-11-24T09:54:40.090210-03:00,6
2025-11-24T10:34:00.087427-03:00,8
2025-11-24T10:53:40.891843-03:00,6
2025-11-24T11:21:47.224114-03:00,9
2025-11-24T11:46:19.730641-03:00,8
2025-11-24T11:56:54.434823-03:00,5
2025-11-24T12:29:11.360272-03:00,8
2025-11-24T12:47:18.814111-03:00,8
2025-11-24T12:58:24.611378-03:00,6
2025-11-24T13:31:38.747115-03:00,12
2025-11-24T13:51:56.484104-03:00,11
2025-11-24T14:20:00.386182-03:00,12
2025-11-24T14:39:44.978354-03:00,13
2025-11-24T14:51:12.915576-03:00,12
2025-11-24T15:31:56.523693-03:00,15
2025-11-24T15:55:34.342266-03:00,12
2025-11-24T16:15:48.102058-03:00,16
2025-11-24T16:28:42.032227-03:00,13
2025-11-24T16:41:22.668743-03:00,13
2025-11-24T16:56:23.410112-03:00,11
2025-11-24T17:27:19.815311-03:00,16
2025-11-24T17:42:31.601823-03:00,17
2025-11-24T17:55:53.487306-03:00,10
2025-11-24T18:21:42.028231-03:00,14
2025-11-24T18:40:12.154800-03:00,13
2025-11-24T18:50:52.467080-03:00,13
2025-11-24T19:19:45.674864-03:00,13
2025-11-24T19:38:50.859210-03:00,20
2025-11-24T19:49:54.648803-03:00,12
2025-11-24T20:01:10.290303-03:00,13
2025-11-24T20:27:52.198443-03:00,10
2025-11-24T20:42:12.542233-03:00,12
2025-11-24T20:55:45.928831-03:00,12
2025-11-24T22:47:20.572981-03:00,11
2025-11-25T00:06:36.717976-03:00,8
2025-11-25T00:54:24.928998-03:00,11
2025-11-25T01:27:17.160833-03:00,9
2025-11-25T01:48:05.331272-03:00,6
2025-11-25T01:58:39.278843-03:00,9
2025-11-25T02:29:32.597758-03:00,8
2025-11-25T02:46:22.438911-03:00,8
2025-11-25T02:57:22.349010-03:00,8
2025-11-25T03:40:18.333473-03:00,4
2025-11-25T04:00:05.936380-03:00,5
2025-11-25T04:28:00.928350-03:00,4
2025-11-25T04:42:23.746418-03:00,3
2025-11-25T04:55:53.646319-03:00,6
2025-11-25T05:32:04.716311-03:00,4
2025-11-25T05:55:51.057569-03:00,4
2025-11-25T06:26:59.896032-03:00,1
2025-11-25T06:46:38.791110-03:00,2
2025-11-25T06:57:21.706747-03:00,5
2025-11-25T07:31:35.432382-03:00,4
2025-11-25T07:53:07.002477-03:00,5
2025-11-25T08:19:12.045536-03:00,1
2025-11-25T08:33:59.525967-03:00,1
2025-11-25T08:46:35.895901-03:00,3
2025-11-25T08:57:41.452912-03:00,4
2025-11-25T09:57:17.275555-03:00,1
2025-11-25T10:38:26.354802-03:00,4
2025-11-25T10:53:31.575717-03:00,6
2025-11-25T11:21:31.754481-03:00,8
2025-11-25T11:46:19.369605-03:00,9
2025-11-25T11:56:39.078760-03:00,9
2025-11-25T12:27:45.746516-03:00,12
2025-11-25T12:46:58.007326-03:00,12
2025-11-25T12:57:51.019889-03:00,11
2025-11-25T13:37:19.966487-03:00,15
2025-11-25T13:57:31.241205-03:00,11
2025-11-25T14:25:57.738424-03:00,15
2025-11-25T14:43:48.275686-03:00,15
2025-11-25T14:56:13.661167-03:00,11
2025-11-25T15:35:42.719797-03:00,11
2025-11-25T15:53:42.521010-03:00,13
2025-11-25T16:31:58.175900-03:00,14
2025-11-25T16:46:17.142291-03:00,11
2025-11-25T16:57:23.464403-03:00,17
2025-11-25T17:30:06.019230-03:00,17
2025-11-25T17:46:23.846006-03:00,14
2025-11-25T17:56:58.343756-03:00,15
2025-11-25T18:23:31.158418-03:00,19
2025-11-25T18:39:29.672249-03:00,16
2025-11-25T18:50:35.776222-03:00,16
2025-11-25T19:20:42.821440-03:00,13
2025-11-25T19:42:46.290412-03:00,14
2025-11-25T19:55:58.943048-03:00,15
2025-11-25T20:20:49.806381-03:00,10
2025-11-25T20:39:30.796100-03:00,14
2025-11-25T20:50:31.243459-03:00,12
2025-11-25T22:41:52.729952-03:00,6
2025-11-26T00:06:22.782388-03:00,6
2025-11-26T00:53:50.586878-03:00,8
2025-11-26T01:27:51.011116-03:00,8
2025-11-26T01:48:09.641039-03:00,8
2025-11-26T02:29:04.431217-03:00,8
2025-11-26T02:45:16.780067-03:00,9
2025-11-26T02:56:06.273161-03:00,8
2025-11-26T03:35:53.835201-03:00,8
2025-11-26T03:56:37.727030-03:00,7
2025-11-26T04:23:42.818017-03:00,5
2025-11-26T04:40:15.783984-03:00,5
2025-11-26T04:55:43.533342-03:00,4
2025-11-26T05:30:40.717268-03:00,4
2025-11-26T05:54:44.044986-03:00,4
2025-11-26T06:24:28.936089-03:00,4
2025-11-26T06:45:18.765328-03:00,3
2025-11-26T06:56:34.533543-03:00,3
2025-11-26T07:27:59.583829-03:00,3
2025-11-26T07:49:03.718005-03:00,4
2025-11-26T07:59:41.531107-03:00,3
2025-11-26T08:25:22.834424-03:00,4
2025-11-26T08:39:32.527746-03:00,4
2025-11-26T08:50:10.244688-03:00,4
2025-11-26T09:18:55.747405-03:00,7
2025-11-26T10:07:20.895101-03:00,5
2025-11-26T10:45:51.707962-03:00,7
2025-11-26T10:58:05.840273-03:00,8
2025-11-26T11:29:51.120777-03:00,8
2025-11-26T11:59:23.482034-03:00,6
2025-11-26T12:29:02.073474-03:00,8
2025-11-26T12:45:47.051997-03:00,5
2025-11-26T12:56:48.523016-03:00,10
2025-11-26T13:32:36.591289-03:00,5
2025-11-26T13:54:47.443126-03:00,7
2025-11-26T14:19:23.103791-03:00,9
2025-11-26T14:38:18.713916-03:00,14
2025-11-26T14:50:12.211055-03:00,14
2025-11-26T15:12:00.416229-03:00,10
2025-11-26T15:43:18.423446-03:00,14
2025-11-26T15:57:06.241270-03:00,7
2025-11-26T16:19:33.894752-03:00,13
2025-11-26T16:30:08.440699-03:00,9
2025-11-26T16:41:13.359272-03:00,9
2025-11-26T16:56:20.483975-03:00,13
2025-11-26T17:26:03.766550-03:00,10
2025-11-26T17:40:16.246091-03:00,10
2025-11-26T17:56:19.647482-03:00,10
2025-11-26T18:20:40.034911-03:00,6
2025-11-26T18:38:45.536884-03:00,11
2025-11-26T18:49:50.880937-03:00,11
2025-11-26T19:01:07.172599-03:00,9
2025-11-26T19:31:09.381851-03:00,14
2025-11-26T19:46:53.122128-03:00,12
2025-11-26T19:57:46.510170-03:00,15
2025-11-26T20:25:13.016582-03:00,13
2025-11-26T20:38:58.706655-03:00,13
2025-11-26T20:49:57.315942-03:00,7
2025-11-26T21:41:37.365315-03:00,9
2025-11-26T23:22:47.571141-03:00,6
2025-11-27T00:33:11.585063-03:00,6
2025-11-27T00:58:52.446493-03:00,6
2025-11-27T01:34:09.973064-03:00,6
2025-11-27T01:50:39.945620-03:00,6
2025-11-27T02:21:34.002938-03:00,7
2025-11-27T02:43:43.733364-03:00,5
2025-11-27T02:56:12.168041-03:00,5
2025-11-27T03:36:46.666609-03:00,4
2025-11-27T03:57:47.640948-03:00,2
2025-11-27T04:27:47.045058-03:00,2
2025-11-27T04:42:30.519407-03:00,15
2025-11-27T04:55:58.912326-03:00,15
2025-11-27T05:32:14.299148-03:00,4
2025-11-27T05:54:53.650038-03:00,2
2025-11-27T06:23:58.267031-03:00,1
2025-11-27T06:43:19.641761-03:00,1
2025-11-27T06:56:18.780891-03:00,1
2025-11-27T07:27:23.986546-03:00,1
2025-11-27T07:47:43.281513-03:00,15
2025-11-27T07:58:23.644284-03:00,2
2025-11-27T08:25:28.056409-03:00,3
2025-11-27T08:39:59.833234-03:00,3
2025-11-27T08:51:01.433311-03:00,2
2025-11-27T09:44:13.359057-03:00,3
2025-11-27T10:22:49.471601-03:00,4
2025-11-27T10:49:37.239821-03:00,4
2025-11-27T11:00:41.162479-03:00,5
2025-11-27T11:33:16.434355-03:00,7
2025-11-27T11:50:28.856545-03:00,6
2025-11-27T12:21:42.548715-03:00,6
2025-11-27T12:42:04.230756-03:00,11
2025-11-27T12:56:02.451109-03:00,11
2025-11-27T13:28:44.664349-03:00,10
2025-11-27T13:49:32.648216-03:00,14
2025-11-27T14:00:00.001503-03:00,9
2025-11-27T14:25:16.205481-03:00,9
2025-11-27T14:40:08.605749-03:00,9
2025-11-27T14:51:13.336718-03:00,13
2025-11-27T15:29:14.670611-03:00,7
2025-11-27T15:50:21.526288-03:00,12
2025-11-27T16:16:23.523102-03:00,17
2025-11-27T16:28:09.611786-03:00,15
2025-11-27T16:40:18.439640-03:00,15
2025-11-27T16:55:50.138684-03:00,13
2025-11-27T17:22:40.367079-03:00,11
2025-11-27T17:40:19.126427-03:00,15
2025-11-27T17:55:54.816637-03:00,8
2025-11-27T18:20:04.306742-03:00,10
2025-11-27T18:32:52.978246-03:00,16
2025-11-27T18:46:07.761058-03:00,14
2025-11-27T18:57:10.481755-03:00,13
2025-11-27T19:24:18.490833-03:00,10
2025-11-27T19:41:10.398903-03:00,10
2025-11-27T19:56:12.223919-03:00,11
2025-11-27T20:21:28.011711-03:00,9
2025-11-27T20:38:59.693303-03:00,11
2025-11-27T20:50:01.210348-03:00,13
2025-11-27T21:41:02.847038-03:00,14
2025-11-27T23:22:10.025637-03:00,8
2025-11-28T00:32:40.274897-03:00,10
2025-11-28T00:58:38.021705-03:00,8
2025-11-28T01:33:23.916641-03:00,7
2025-11-28T01:50:38.173267-03:00,7
2025-11-28T02:21:30.867987-03:00,9
2025-11-28T02:44:10.245976-03:00,8
2025-11-28T02:55:42.032061-03:00,8
2025-11-28T03:34:50.976103-03:00,7
2025-11-28T03:56:39.145585-03:00,7
2025-11-28T04:24:39.876307-03:00,7
2025-11-28T04:40:25.458822-03:00,6
2025-11-28T04:56:01.167236-03:00,8
2025-11-28T05:32:17.740204-03:00,5
2025-11-28T05:55:08.129420-03:00,5
2025-11-28T06:22:19.478901-03:00,7
2025-11-28T06:41:43.263031-03:00,6
2025-11-28T06:56:17.004200-03:00,5
2025-11-28T07:26:14.150680-03:00,6
2025-11-28T07:45:48.306722-03:00,6
2025-11-28T07:56:23.415146-03:00,6
2025-11-28T08:21:03.738622-03:00,7
2025-11-28T08:38:16.250530-03:00,5
2025-11-28T08:49:21.627654-03:00,5
2025-11-28T08:59:55.417978-03:00,6
2025-11-28T09:57:02.433943-03:00,9
2025-11-28T10:34:24.048308-03:00,6
2025-11-28T10:50:02.107308-03:00,7
2025-11-28T11:09:05.177853-03:00,8
2025-11-28T11:34:14.474300-03:00,3
2025-11-28T11:49:14.611029-03:00,5
2025-11-28T12:00:04.525525-03:00,4
2025-11-28T12:28:49.328550-03:00,6
2025-11-28T12:43:30.350431-03:00,8
2025-11-28T12:55:52.723886-03:00,7
2025-11-28T13:28:37.926161-03:00,3
2025-11-28T13:48:37.907249-03:00,9
2025-11-28T13:59:08.531988-03:00,10
2025-11-28T14:25:17.004201-03:00,7
2025-11-28T14:40:07.163621-03:00,7
2025-11-28T14:50:43.496424-03:00,8
2025-11-28T15:29:34.459058-03:00,10
2025-11-28T15:50:18.074666-03:00,14
2025-11-28T16:16:05.801387-03:00,12
2025-11-28T16:28:22.719411-03:00,12
2025-11-28T16:40:01.756155-03:00,12
2025-11-28T16:50:53.464856-03:00,15
2025-11-28T17:23:12.276704-03:00,17
2025-11-28T17:41:10.103625-03:00,23
2025-11-28T17:56:14.654796-03:00,19
2025-11-28T18:19:46.802174-03:00,18
2025-11-28T18:32:33.258253-03:00,20
2025-11-28T18:45:44.196533-03:00,18
2025-11-28T18:56:19.100454-03:00,21
2025-11-28T19:21:32.944579-03:00,17
2025-11-28T19:40:57.851787-03:00,17
2025-11-28T19:55:52.225639-03:00,13
2025-11-28T20:20:11.339529-03:00,14
2025-11-28T20:34:00.940638-03:00,16
2025-11-28T20:46:20.361594-03:00,13
2025-11-28T20:57:15.355801-03:00,9
2025-11-28T22:58:44.716030-03:00,9
2025-11-29T00:17:21.007541-03:00,9
2025-11-29T00:52:24.939351-03:00,8
2025-11-29T01:25:01.282670-03:00,6
2025-11-29T01:44:50.538087-03:00,7
2025-11-29T01:56:06.988741-03:00,4
2025-11-29T02:22:38.522179-03:00,7
2025-11-29T02:41:59.869174-03:00,7
2025-11-29T02:56:14.368063-03:00,6
2025-11-29T03:33:31.603902-03:00,6
2025-11-29T03:53:18.424842-03:00,5
2025-11-29T04:19:08.903813-03:00,5
2025-11-29T04:32:21.934289-03:00,5
2025-11-29T04:46:17.075387-03:00,4
2025-11-29T04:57:07.287557-03:00,4
2025-11-29T05:31:58.889309-03:00,4
2025-11-29T05:51:51.864290-03:00,3
2025-11-29T06:20:30.597873-03:00,2
2025-11-29T06:39:51.970287-03:00,2
2025-11-29T06:50:31.853711-03:00,2
2025-11-29T07:20:37.698220-03:00,2
2025-11-29T07:42:09.159143-03:00,2
2025-11-29T07:55:56.883693-03:00,1
2025-11-29T08:17:48.853693-03:00,1
2025-11-29T08:29:25.701310-03:00,1
2025-11-29T08:41:27.218757-03:00,1
2025-11-29T08:56:12.176041-03:00,3
2025-11-29T09:44:10.427224-03:00,2
2025-11-29T10:16:23.262879-03:00,2
2025-11-29T10:39:13.928042-03:00,1
2025-11-29T10:49:58.674967-03:00,4
2025-11-29T11:00:49.020441-03:00,2
2025-11-29T11:29:34.944482-03:00,5
2025-11-29T11:43:42.383648-03:00,4
2025-11-29T11:56:02.833898-03:00,8
2025-11-29T12:21:24.257438-03:00,10
2025-11-29T12:39:14.739199-03:00,8
2025-11-29T12:50:11.599956-03:00,9
2025-11-29T13:10:16.436260-03:00,5
2025-11-29T13:40:37.358933-03:00,12
2025-11-29T13:56:20.614298-03:00,14
2025-11-29T14:19:33.552527-03:00,11
2025-11-29T14:34:57.939174-03:00,13
2025-11-29T14:46:16.384129-03:00,13
2025-11-29T14:57:10.699746-03:00,13
2025-11-29T15:34:30.342045-03:00,13
2025-11-29T15:51:33.489839-03:00,13
2025-11-29T16:15:48.834564-03:00,13
2025-11-29T16:28:14.205079-03:00,13
2025-11-29T16:40:20.931099-03:00,13
2025-11-29T16:56:12.100416-03:00,13
2025-11-29T17:25:12.095392-03:00,13
2025-11-29T17:41:10.588142-03:00,13
2025-11-29T17:55:45.803490-03:00,13
2025-11-29T18:19:05.794179-03:00,13
2025-11-29T18:31:57.243793-03:00,13
2025-11-29T18:45:59.185719-03:00,13
2025-11-29T18:57:00.640499-03:00,13
2025-11-29T19:23:28.583170-03:00,13
2025-11-29T19:41:20.506731-03:00,13
2025-11-29T19:55:47.532739-03:00,13
2025-11-29T20:20:12.897728-03:00,13
2025-11-29T20:38:44.987229-03:00,13
2025-11-29T20:49:30.441464-03:00,13
2025-11-29T20:59:56.406098-03:00,13
2025-11-29T23:25:27.051748-03:00,13
2025-11-30T00:45:32.572612-03:00,13
2025-11-30T01:22:11.207159-03:00,13
2025-11-30T01:53:12.257130-03:00,13
2025-11-30T02:20:16.198025-03:00,13
2025-11-30T02:42:38.148048-03:00,13
2025-11-30T02:56:17.518967-03:00,13
2025-11-30T03:35:03.855693-03:00,13
2025-11-30T03:53:57.427533-03:00,13
2025-11-30T04:18:34.176313-03:00,13
2025-11-30T04:30:48.061183-03:00,13
2025-11-30T04:46:00.982098-03:00,13
2025-11-30T04:56:33.527540-03:00,13
2025-11-30T05:29:03.227603-03:00,13
2025-11-30T05:46:45.502029-03:00,13
2025-11-30T05:57:32.348418-03:00,13
2025-11-30T06:25:31.694815-03:00,13
2025-11-30T06:39:26.160764-03:00,13
2025-11-30T06:50:21.145356-03:00,13
2025-11-30T07:20:00.945439-03:00,13
2025-11-30T07:38:37.677006-03:00,13
2025-11-30T07:49:33.513856-03:00,13
2025-11-30T08:24:12.921361-03:00,13
2025-11-30T08:37:38.836967-03:00,13
2025-11-30T08:48:40.345278-03:00,13
2025-11-30T08:59:11.579429-03:00,13
2025-11-30T09:52:44.586613-03:00,13
2025-11-30T10:27:02.336089-03:00,13
2025-11-30T10:43:15.584869-03:00,13
2025-11-30T10:56:09.909996-03:00,13
2025-11-30T11:20:10.860709-03:00,13
2025-11-30T11:37:16.595147-03:00,13
2025-11-30T11:48:08.479078-03:00,13
2025-11-30T11:59:05.510842-03:00,13
2025-11-30T12:26:18.421218-03:00,13
2025-11-30T12:55:46.975656-03:00,13
2025-11-30T13:26:36.451369-03:00,13
2025-11-30T13:46:20.101388-03:00,13
2025-11-30T13:57:18.165335-03:00,13
2025-12-01T08:19:17.815421-03:00,9
2025-12-01T08:34:12.547109-03:00,5
2025-12-01T08:46:33.116684-03:00,3
2025-12-01T08:57:22.777937-03:00,3
2025-12-01T09:57:55.753841-03:00,6
2025-12-01T10:39:48.040605-03:00,3
2025-12-01T10:56:06.259527-03:00,3
2025-12-01T11:26:17.137807-03:00,2
2025-12-01T11:49:02.281834-03:00,6
2025-12-01T11:59:43.875374-03:00,6
2025-12-01T12:32:23.518041-03:00,7
2025-12-01T12:51:04.511787-03:00,11
2025-12-01T13:30:38.980241-03:00,4
2025-12-01T13:57:09.530328-03:00,9
2025-12-01T14:27:02.674744-03:00,10
2025-12-01T14:50:07.821605-03:00,8
2025-12-01T15:15:17.276185-03:00,16
2025-12-01T15:52:14.234200-03:00,10
2025-12-01T16:22:01.711641-03:00,11
2025-12-01T16:41:33.830926-03:00,16
2025-12-01T16:55:48.100372-03:00,14
2025-12-01T17:24:00.477506-03:00,16
2025-12-01T17:40:01.703082-03:00,16
2025-12-01T17:51:04.900346-03:00,21
2025-12-01T18:18:02.734891-03:00,18
2025-12-01T18:30:53.424476-03:00,19
2025-12-01T18:56:48.867635-03:00,21
2025-12-01T19:23:59.756430-03:00,18
2025-12-01T19:42:35.338636-03:00,21
2025-12-01T19:56:08.759431-03:00,19
2025-12-01T20:22:37.189923-03:00,13
2025-12-01T20:40:04.573234-03:00,13
2025-12-01T20:50:33.161743-03:00,11
2025-12-01T22:44:07.503367-03:00,6
2025-12-02T00:09:55.099455-03:00,5
2025-12-02T00:59:11.491040-03:00,7
2025-12-02T01:37:59.225684-03:00,6
2025-12-02T01:55:22.356328-03:00,3
2025-12-02T02:21:20.237667-03:00,5
2025-12-02T02:43:44.935188-03:00,4
2025-12-02T02:55:48.270534-03:00,6
2025-12-02T03:36:30.217072-03:00,5
2025-12-02T03:58:18.001418-03:00,8
2025-12-02T04:29:20.120958-03:00,9
2025-12-02T04:44:30.755206-03:00,10
2025-12-02T04:55:54.319775-03:00,11
2025-12-02T05:34:15.184456-03:00,8
2025-12-02T05:58:31.505513-03:00,9
2025-12-02T06:34:57.817413-03:00,8
2025-12-02T06:52:39.070588-03:00,6
2025-12-02T07:24:23.147847-03:00,2
2025-12-02T07:48:07.179426-03:00,1
2025-12-02T07:59:01.419398-03:00,2
2025-12-02T08:27:01.256773-03:00,1
2025-12-02T08:42:03.630228-03:00,1
2025-12-02T08:56:13.245154-03:00,1
2025-12-02T09:52:41.261595-03:00,4
2025-12-02T10:37:11.903463-03:00,4
2025-12-02T10:56:52.324843-03:00,4
2025-12-02T11:28:00.799572-03:00,2
2025-12-02T11:50:44.605327-03:00,4
2025-12-02T12:25:28.759710-03:00,4
2025-12-02T12:47:29.978181-03:00,5
2025-12-02T12:59:25.012929-03:00,11
2025-12-02T13:39:51.246139-03:00,8
2025-12-02T14:00:12.961625-03:00,10
2025-12-02T14:51:46.418078-03:00,10
2025-12-02T15:34:39.909085-03:00,13
2025-12-02T15:59:14.871868-03:00,9
2025-12-02T16:26:21.931265-03:00,15
2025-12-02T16:41:47.500047-03:00,15
2025-12-02T16:56:29.616699-03:00,17
2025-12-02T17:29:48.050205-03:00,15
2025-12-02T17:47:30.803690-03:00,11
2025-12-02T17:58:27.651971-03:00,14
2025-12-02T18:26:32.177431-03:00,14
2025-12-02T18:40:01.369402-03:00,17
2025-12-02T18:51:07.843664-03:00,17
2025-12-02T19:18:26.764953-03:00,10
2025-12-02T19:36:53.048700-03:00,16
2025-12-02T19:48:34.701788-03:00,15
2025-12-02T19:59:29.114374-03:00,12
2025-12-02T20:26:53.086845-03:00,14
2025-12-02T20:41:15.320015-03:00,14
2025-12-02T20:56:15.271955-03:00,12
2025-12-02T22:53:23.297049-03:00,7
2025-12-03T00:17:59.074499-03:00,6
2025-12-03T01:36:27.508605-03:00,4
2025-12-03T01:54:36.561183-03:00,2
2025-12-03T02:20:36.327834-03:00,4
2025-12-03T02:43:28.793504-03:00,1
2025-12-03T02:56:05.348646-03:00,1
2025-12-03T03:37:04.071621-03:00,19
2025-12-03T03:58:06.110414-03:00,1
2025-12-03T04:29:17.276262-03:00,2
2025-12-03T04:44:54.318945-03:00,2
2025-12-03T04:55:42.456468-03:00,1
2025-12-03T05:32:10.810616-03:00,1
2025-12-03T05:57:32.012934-03:00,19
2025-12-03T06:32:03.412039-03:00,1
2025-12-03T06:51:16.127307-03:00,19
2025-12-03T07:26:02.046475-03:00,19
2025-12-03T08:00:16.356123-03:00,19
2025-12-03T08:28:52.791510-03:00,4
2025-12-03T08:44:35.330039-03:00,5
2025-12-03T08:56:01.403062-03:00,5
2025-12-03T09:51:41.908817-03:00,2
2025-12-03T10:36:24.128708-03:00,4
2025-12-03T10:56:37.246091-03:00,3
2025-12-03T11:27:04.258299-03:00,5
2025-12-03T11:49:18.390930-03:00,5
2025-12-03T12:00:01.564407-03:00,4
2025-12-03T12:33:33.048299-03:00,8
2025-12-03T12:53:41.985808-03:00,6
2025-12-03T13:31:24.426230-03:00,9
2025-12-03T13:58:28.509968-03:00,9
2025-12-03T14:30:17.716556-03:00,7
2025-12-03T14:50:42.348945-03:00,12
2025-12-03T15:34:01.756380-03:00,15
2025-12-03T15:57:36.364226-03:00,16
2025-12-03T16:23:50.509693-03:00,13
2025-12-03T16:39:28.942381-03:00,13
2025-12-03T16:50:12.811191-03:00,14
2025-12-03T17:11:26.578842-03:00,13
2025-12-03T17:40:59.913587-03:00,14
2025-12-03T17:56:59.765165-03:00,16
2025-12-03T18:22:51.948241-03:00,16
2025-12-03T18:38:40.823667-03:00,16
2025-12-03T18:49:57.274169-03:00,16
2025-12-03T19:01:00.247515-03:00,18
2025-12-03T19:33:30.712400-03:00,16
2025-12-03T19:49:11.199320-03:00,13
2025-12-03T20:00:04.722282-03:00,17
2025-12-03T20:25:36.958905-03:00,16
2025-12-03T20:39:46.717156-03:00,16
2025-12-03T20:50:49.778945-03:00,16
2025-12-03T22:44:32.585886-03:00,8
2025-12-04T00:10:21.206117-03:00,7
2025-12-04T01:01:31.130699-03:00,7
2025-12-04T01:41:12.827396-03:00,7
2025-12-04T01:58:41.882335-03:00,7
2025-12-04T02:29:06.512725-03:00,10
2025-12-04T02:45:42.206639-03:00,9
2025-12-04T02:56:44.546617-03:00,9
2025-12-04T03:38:20.139948-03:00,6
2025-12-04T03:57:57.434646-03:00,8
2025-12-04T04:28:25.473327-03:00,8
2025-12-04T04:43:24.960641-03:00,6
2025-12-04T04:56:15.561031-03:00,5
2025-12-04T05:34:14.986634-03:00,1
2025-12-04T05:56:32.692630-03:00,1
2025-12-04T06:29:42.223111-03:00,4
2025-12-04T06:48:27.155267-03:00,4
2025-12-04T06:59:00.493046-03:00,3
2025-12-04T07:34:16.306444-03:00,2
2025-12-04T07:53:13.291990-03:00,2
2025-12-04T08:20:43.603719-03:00,21
2025-12-04T08:56:02.541100-03:00,3
2025-12-04T09:52:02.383514-03:00,3
2025-12-04T10:37:26.810873-03:00,2
2025-12-04T10:56:45.035424-03:00,6
2025-12-04T11:27:06.059161-03:00,9
2025-12-04T11:49:11.712520-03:00,11
2025-12-04T11:59:53.794473-03:00,7
2025-12-04T12:33:50.976955-03:00,12
2025-12-04T12:52:13.768388-03:00,15
2025-12-04T13:31:39.545034-03:00,10
2025-12-04T13:58:07.826044-03:00,16
2025-12-04T14:29:51.496660-03:00,19
2025-12-04T14:48:18.647649-03:00,19
2025-12-04T14:58:52.758508-03:00,17
2025-12-04T15:44:46.403803-03:00,19
2025-12-04T16:01:29.857009-03:00,22
2025-12-04T16:28:04.177536-03:00,19
2025-12-04T16:42:58.504472-03:00,15
2025-12-04T16:56:09.847534-03:00,21
2025-12-04T17:27:45.821470-03:00,18
2025-12-04T17:47:36.786491-03:00,24
2025-12-04T17:58:12.126711-03:00,25
2025-12-04T18:26:56.310648-03:00,20
2025-12-04T18:43:03.394248-03:00,20
2025-12-04T18:56:15.333304-03:00,17
2025-12-04T19:21:24.508409-03:00,17
2025-12-04T19:41:44.272508-03:00,17
2025-12-04T19:56:09.270319-03:00,17
2025-12-04T20:22:35.532796-03:00,16
2025-12-04T20:40:23.144821-03:00,16
2025-12-04T20:56:19.016331-03:00,13
2025-12-04T22:55:12.485610-03:00,11
2025-12-05T00:19:48.626097-03:00,9
2025-12-05T01:00:24.095236-03:00,6
2025-12-05T01:40:36.782903-03:00,4
2025-12-05T01:58:25.894060-03:00,5
2025-12-05T02:29:18.522211-03:00,6
2025-12-05T02:46:17.679576-03:00,4
2025-12-05T02:57:16.554768-03:00,4
2025-12-05T03:40:49.945220-03:00,7
2025-12-05T04:00:49.137628-03:00,5
2025-12-05T04:31:39.923380-03:00,5
2025-12-05T04:46:30.444691-03:00,5
2025-12-05T04:57:28.818454-03:00,6
2025-12-05T05:36:06.674562-03:00,6
2025-12-05T05:55:10.930731-03:00,6
2025-12-05T06:23:07.735430-03:00,7
2025-12-05T06:43:29.040753-03:00,5
2025-12-05T06:56:15.607256-03:00,5
2025-12-05T07:26:36.042570-03:00,5
2025-12-05T07:47:19.793447-03:00,4
2025-12-05T07:58:25.242526-03:00,2
2025-12-05T08:25:47.018683-03:00,2
2025-12-05T08:40:18.401645-03:00,2
2025-12-05T08:56:15.990016-03:00,1
2025-12-05T09:50:24.764682-03:00,1
2025-12-05T10:32:53.073692-03:00,2
2025-12-05T10:52:26.374336-03:00,1
2025-12-05T11:22:15.154112-03:00,4
2025-12-05T11:45:21.715942-03:00,8
2025-12-05T11:56:14.422810-03:00,8
2025-12-05T12:26:40.115289-03:00,10
2025-12-05T12:45:28.558951-03:00,9
2025-12-05T12:56:31.889354-03:00,9
2025-12-05T13:32:26.580498-03:00,14
2025-12-05T13:54:21.473449-03:00,9
2025-12-05T14:19:49.066433-03:00,15
2025-12-05T14:38:51.527995-03:00,14
2025-12-05T14:49:57.567142-03:00,14
2025-12-05T15:01:18.157511-03:00,12
2025-12-05T15:58:00.314283-03:00,9
2025-12-05T16:23:50.543908-03:00,12
2025-12-05T16:38:11.046904-03:00,14
2025-12-05T16:49:19.336416-03:00,14
2025-12-05T17:00:06.872146-03:00,12
2025-12-05T17:32:42.726518-03:00,10
2025-12-05T17:49:43.517021-03:00,17
2025-12-05T18:00:09.079204-03:00,12
2025-12-05T18:26:34.722747-03:00,15
2025-12-05T18:41:20.919209-03:00,14
2025-12-05T18:56:12.374207-03:00,13
2025-12-05T19:22:44.383876-03:00,13
2025-12-05T19:42:01.674214-03:00,19
2025-12-05T19:56:25.425149-03:00,12
2025-12-05T20:22:02.202702-03:00,17
2025-12-05T20:39:24.707500-03:00,17
2025-12-05T20:50:10.256783-03:00,17
2025-12-05T21:43:00.300936-03:00,9
2025-12-05T23:21:21.294132-03:00,11
2025-12-06T00:30:49.697890-03:00,8
2025-12-06T00:56:40.609049-03:00,8
2025-12-06T01:27:50.020206-03:00,6
2025-12-06T01:45:13.006632-03:00,10
2025-12-06T01:55:55.799605-03:00,10
2025-12-06T02:41:35.526017-03:00,5
2025-12-06T02:56:21.734597-03:00,5
2025-12-06T03:33:46.305163-03:00,4
2025-12-06T03:52:46.395708-03:00,2
2025-12-06T04:19:07.100099-03:00,2
2025-12-06T04:32:06.956783-03:00,3
2025-12-06T04:46:22.607337-03:00,5
2025-12-06T04:56:57.745281-03:00,4
2025-12-06T05:51:45.549895-03:00,3
2025-12-06T06:20:20.714389-03:00,4
2025-12-06T06:39:32.291923-03:00,4
2025-12-06T06:50:19.986312-03:00,4
2025-12-06T07:20:33.512014-03:00,6
2025-12-06T07:42:21.013311-03:00,7
2025-12-06T07:56:03.852285-03:00,5
2025-12-06T08:17:54.615849-03:00,7
2025-12-06T08:29:32.664747-03:00,7
2025-12-06T08:41:11.765867-03:00,7
2025-12-06T08:55:48.253753-03:00,5
2025-12-06T09:42:37.186548-03:00,3
2025-12-06T10:16:40.636483-03:00,3
2025-12-06T10:39:08.958846-03:00,5
2025-12-06T10:50:18.978764-03:00,5
2025-12-06T11:17:43.050515-03:00,7
2025-12-06T11:35:17.520982-03:00,7
2025-12-06T11:46:14.759112-03:00,7
2025-12-06T11:56:52.587431-03:00,8
2025-12-06T12:23:00.430704-03:00,4
2025-12-06T12:38:58.435668-03:00,6
2025-12-06T12:49:46.698980-03:00,6
2025-12-06T13:00:52.072757-03:00,8
2025-12-06T13:34:42.644998-03:00,8
2025-12-06T13:50:06.812705-03:00,7
2025-12-06T14:07:16.141633-03:00,8
2025-12-06T14:28:41.602352-03:00,6
2025-12-06T14:41:54.270325-03:00,6
2025-12-06T14:55:59.616304-03:00,10
2025-12-06T15:30:13.689730-03:00,16
2025-12-06T15:49:44.412317-03:00,12
2025-12-06T16:00:28.595739-03:00,12
2025-12-06T16:23:15.004006-03:00,11
2025-12-06T16:37:21.304002-03:00,9
2025-12-06T16:48:26.118443-03:00,9
2025-12-06T16:59:10.058865-03:00,13
2025-12-06T17:29:15.797963-03:00,8
2025-12-06T17:56:13.360043-03:00,7
2025-12-06T18:19:58.869042-03:00,7
2025-12-06T18:32:40.648411-03:00,6
2025-12-06T18:56:57.445571-03:00,5
2025-12-06T19:23:52.524988-03:00,4
2025-12-06T19:41:06.834181-03:00,10
2025-12-06T19:56:19.734617-03:00,9
2025-12-06T20:21:27.518048-03:00,7
2025-12-06T20:39:09.277796-03:00,4
2025-12-06T20:50:07.899589-03:00,4
2025-12-06T21:50:22.873066-03:00,2
2025-12-06T23:56:45.249301-03:00,4
2025-12-07T00:58:51.978741-03:00,5
2025-12-07T01:37:34.253508-03:00,8
2025-12-07T01:54:40.489601-03:00,8
2025-12-07T02:19:00.815553-03:00,9
2025-12-07T02:37:12.579044-03:00,6
2025-12-07T02:47:49.654451-03:00,6
2025-12-07T02:58:43.850867-03:00,7
2025-12-07T03:38:17.025420-03:00,7
2025-12-07T03:53:12.671071-03:00,8
2025-12-07T04:19:40.694936-03:00,11
2025-12-07T04:32:36.477971-03:00,10
2025-12-07T04:45:49.377448-03:00,12
2025-12-07T04:56:18.468905-03:00,10
2025-12-07T05:28:42.675284-03:00,9
2025-12-07T05:47:01.297392-03:00,9
2025-12-07T05:57:39.098944-03:00,8
2025-12-07T06:25:39.053302-03:00,9
2025-12-07T06:40:02.921535-03:00,6
2025-12-07T06:51:11.952102-03:00,6
2025-12-07T07:19:33.173232-03:00,6
2025-12-07T07:38:00.836118-03:00,3
2025-12-07T07:49:04.988642-03:00,6
2025-12-07T07:59:39.193586-03:00,2
2025-12-07T08:21:49.842793-03:00,1
2025-12-07T08:37:21.774693-03:00,2
2025-12-07T08:47:59.936216-03:00,1
2025-12-07T08:58:50.782383-03:00,1
2025-12-07T09:52:05.008901-03:00,3
2025-12-07T10:26:13.292745-03:00,3
2025-12-07T10:42:05.848741-03:00,5
2025-12-07T10:55:44.226036-03:00,2
2025-12-07T11:19:09.608276-03:00,1
2025-12-07T11:36:47.426202-03:00,4
2025-12-07T11:47:46.958545-03:00,3
2025-12-07T11:58:28.257556-03:00,3
2025-12-07T12:24:55.857974-03:00,4
2025-12-07T12:38:12.028414-03:00,7
2025-12-07T12:49:09.708820-03:00,7
2025-12-07T13:00:05.786523-03:00,9
2025-12-07T13:32:22.640208-03:00,12
2025-12-07T13:49:50.335002-03:00,11
2025-12-07T14:00:38.152290-03:00,8
2025-12-07T14:27:26.279096-03:00,8
2025-12-07T14:41:08.462914-03:00,11
2025-12-07T14:55:49.757432-03:00,9
2025-12-07T15:29:55.102950-03:00,11
2025-12-07T15:59:59.259220-03:00,9
2025-12-07T16:21:39.801881-03:00,10
2025-12-07T16:37:24.847307-03:00,10
2025-12-07T16:48:33.807482-03:00,10
2025-12-07T16:59:15.101537-03:00,11
2025-12-07T17:43:48.686603-03:00,12
2025-12-07T17:55:46.437083-03:00,10
2025-12-07T18:18:12.284821-03:00,9
2025-12-07T18:30:26.105433-03:00,10
2025-12-07T18:46:04.047068-03:00,10
2025-12-07T18:56:40.139244-03:00,11
2025-12-07T19:22:14.274882-03:00,10
2025-12-07T19:40:51.865836-03:00,10
2025-12-07T19:56:15.552911-03:00,12
2025-12-07T20:21:02.294606-03:00,14
2025-12-07T20:38:27.360968-03:00,15
2025-12-07T20:49:28.408086-03:00,17
2025-12-07T21:00:10.211497-03:00,11
2025-12-07T23:17:36.410710-03:00,7
2025-12-08T00:40:34.543584-03:00,7
2025-12-08T01:21:03.852426-03:00,9
2025-12-08T01:53:24.927618-03:00,6
2025-12-08T02:23:55.665074-03:00,7
2025-12-08T02:46:21.685994-03:00,5
2025-12-08T02:56:48.960987-03:00,4
2025-12-08T03:42:07.905824-03:00,2
2025-12-08T04:02:47.255032-03:00,4
2025-12-08T04:33:11.619529-03:00,2
2025-12-08T04:49:06.976993-03:00,2
2025-12-08T04:59:37.300746-03:00,3
2025-12-08T05:41:14.989842-03:00,2
2025-12-08T06:02:28.843067-03:00,1
2025-12-08T06:40:36.374900-03:00,3
2025-12-08T06:57:25.580508-03:00,1
2025-12-08T07:32:04.855930-03:00,17
2025-12-08T07:52:48.914195-03:00,17
2025-12-08T08:19:41.978674-03:00,3
2025-12-08T08:35:29.708837-03:00,1
2025-12-08T08:47:52.732269-03:00,1
2025-12-08T08:58:25.976337-03:00,1
2025-12-08T09:59:28.683263-03:00,7
2025-12-08T10:40:28.688840-03:00,5
2025-12-08T10:57:57.389371-03:00,5
2025-12-08T11:31:11.896418-03:00,1
2025-12-08T11:52:20.509194-03:00,3
2025-12-08T12:24:49.339108-03:00,4
2025-12-08T12:44:03.797352-03:00,3
2025-12-08T12:56:34.406872-03:00,4
2025-12-08T13:34:09.688563-03:00,3
2025-12-08T13:56:41.406615-03:00,6
2025-12-08T14:24:47.708605-03:00,9
2025-12-08T14:43:45.002929-03:00,14
2025-12-08T15:36:24.200660-03:00,10
2025-12-08T15:55:12.244701-03:00,12
2025-12-08T16:18:08.624897-03:00,12
2025-12-08T16:31:57.607418-03:00,13
2025-12-08T16:45:47.146522-03:00,21
2025-12-08T16:56:32.449124-03:00,12
2025-12-08T17:28:46.372988-03:00,17
2025-12-08T17:47:08.997257-03:00,19
2025-12-08T17:58:14.866173-03:00,23
2025-12-08T18:23:42.628703-03:00,13
2025-12-08T18:38:55.838474-03:00,13
2025-12-08T18:49:53.138032-03:00,13
2025-12-08T19:00:57.429999-03:00,18
2025-12-08T19:32:41.266602-03:00,21
2025-12-08T19:48:32.953100-03:00,17
2025-12-08T19:59:35.876999-03:00,17
2025-12-08T20:27:18.883582-03:00,17
2025-12-08T20:41:50.520817-03:00,17
2025-12-08T20:56:17.069672-03:00,14
2025-12-08T22:55:13.369313-03:00,9
2025-12-09T00:19:28.843577-03:00,13
2025-12-09T00:59:39.223101-03:00,10
2025-12-09T01:36:23.796698-03:00,10
2025-12-09T01:54:02.819509-03:00,8
2025-12-09T02:21:27.969510-03:00,8
2025-12-09T02:44:18.748621-03:00,11
2025-12-09T02:56:23.280607-03:00,11
2025-12-09T03:38:23.022221-03:00,9
2025-12-09T03:58:51.445051-03:00,7
2025-12-09T04:29:40.577948-03:00,7
2025-12-09T04:44:37.142655-03:00,5
2025-12-09T04:56:27.799761-03:00,6
2025-12-09T05:35:30.679344-03:00,6
2025-12-09T05:57:28.562610-03:00,6
2025-12-09T06:31:02.217234-03:00,3
2025-12-09T06:50:34.991716-03:00,5
2025-12-09T07:26:16.799745-03:00,3
2025-12-09T07:49:34.570069-03:00,2
2025-12-09T08:00:00.166076-03:00,3
2025-12-09T08:27:46.789075-03:00,1
2025-12-09T08:43:08.673420-03:00,19
2025-12-09T08:56:06.540133-03:00,3
2025-12-09T09:52:14.221029-03:00,4
2025-12-09T10:36:35.847267-03:00,6
2025-12-09T10:56:01.023789-03:00,4
2025-12-09T11:26:17.536263-03:00,6
2025-12-09T11:49:13.584938-03:00,7
2025-12-09T11:59:53.263247-03:00,6
2025-12-09T12:33:41.614723-03:00,9
2025-12-09T12:49:22.647305-03:00,10
2025-12-09T13:00:03.864567-03:00,11
2025-12-09T13:41:15.610374-03:00,12
2025-12-09T14:01:39.893532-03:00,16
2025-12-09T14:33:38.557470-03:00,14
2025-12-09T14:49:59.172829-03:00,15
2025-12-09T15:12:11.703023-03:00,14
2025-12-09T15:46:17.761221-03:00,12
2025-12-09T15:59:14.922425-03:00,14
2025-12-09T16:21:26.935169-03:00,17
2025-12-09T16:38:58.308302-03:00,14
2025-12-09T16:50:11.399436-03:00,15
2025-12-09T17:09:55.853795-03:00,17
2025-12-09T17:31:56.393758-03:00,17
2025-12-09T17:46:29.661111-03:00,18
2025-12-09T17:57:23.232597-03:00,19
2025-12-09T18:24:17.672855-03:00,16
2025-12-09T18:40:11.086545-03:00,17
2025-12-09T18:51:14.551230-03:00,17
2025-12-09T19:20:58.885590-03:00,16
2025-12-09T19:41:47.017908-03:00,14
2025-12-09T19:55:53.460926-03:00,11
2025-12-09T20:22:15.203850-03:00,12
2025-12-09T20:38:57.882732-03:00,12
2025-12-09T20:49:58.251910-03:00,10
2025-12-09T21:43:58.855680-03:00,12
2025-12-09T23:30:21.131752-03:00,13
2025-12-10T00:46:11.774202-03:00,11
2025-12-10T01:21:09.928692-03:00,9
2025-12-10T01:53:21.478839-03:00,7
2025-12-10T02:22:54.042530-03:00,6
2025-12-10T02:56:38.653093-03:00,5
2025-12-10T03:39:54.468685-03:00,7
2025-12-10T04:00:14.341010-03:00,7
2025-12-10T04:31:46.923711-03:00,6
2025-12-10T04:48:54.907144-03:00,6
2025-12-10T04:59:28.508253-03:00,7
2025-12-10T05:39:13.942510-03:00,8
2025-12-10T05:58:37.728244-03:00,8
2025-12-10T06:36:17.699383-03:00,7
2025-12-10T06:51:36.250405-03:00,8
2025-12-10T07:26:18.281747-03:00,7
2025-12-10T07:50:32.163957-03:00,8
2025-12-10T08:19:57.161260-03:00,9
2025-12-10T08:36:26.020897-03:00,7
2025-12-10T08:48:35.478927-03:00,6
2025-12-10T08:59:30.833003-03:00,7
2025-12-10T10:02:13.516743-03:00,8
2025-12-10T10:47:16.334665-03:00,6
2025-12-10T11:01:03.339215-03:00,11
2025-12-10T11:37:24.470174-03:00,9
2025-12-10T11:56:27.491533-03:00,11
2025-12-10T12:30:13.502249-03:00,10
2025-12-10T12:47:46.081812-03:00,10
2025-12-10T12:59:47.719735-03:00,12
2025-12-10T13:38:28.639306-03:00,10
2025-12-10T13:58:33.119269-03:00,15
2025-12-10T14:31:15.430677-03:00,16
2025-12-10T14:51:44.754134-03:00,15
2025-12-10T15:32:25.386020-03:00,12
2025-12-10T15:56:28.258484-03:00,12
2025-12-10T16:21:37.796284-03:00,18
2025-12-10T16:40:11.554860-03:00,22
2025-12-10T16:51:16.737093-03:00,22
2025-12-10T17:26:38.752156-03:00,20
2025-12-10T17:48:30.704281-03:00,21
2025-12-10T18:00:19.089828-03:00,16
2025-12-10T18:33:13.136810-03:00,20
2025-12-10T18:49:02.811380-03:00,17
2025-12-10T18:59:59.357622-03:00,14
2025-12-10T19:29:37.102664-03:00,15
2025-12-10T19:47:18.905712-03:00,20
2025-12-10T19:57:54.500690-03:00,16
2025-12-10T20:25:28.966614-03:00,16
2025-12-10T20:39:59.884886-03:00,15
2025-12-10T20:50:48.652631-03:00,15
2025-12-10T22:47:38.406922-03:00,10
2025-12-11T00:16:00.013597-03:00,10
2025-12-11T01:06:22.195763-03:00,7
2025-12-11T01:47:08.926455-03:00,6
2025-12-11T02:02:00.872069-03:00,7
2025-12-11T02:36:36.255353-03:00,8
2025-12-11T02:52:17.833078-03:00,7
2025-12-11T03:35:55.160403-03:00,8
2025-12-11T03:59:52.658657-03:00,8
2025-12-11T04:31:55.016948-03:00,4
2025-12-11T04:49:19.863933-03:00,4
2025-12-11T05:00:16.929829-03:00,4
2025-12-11T05:40:27.099812-03:00,3
2025-12-11T06:01:54.414248-03:00,5
2025-12-11T06:37:06.443334-03:00,6
2025-12-11T06:53:02.709183-03:00,4
2025-12-11T07:26:53.516984-03:00,4
2025-12-11T07:49:55.326284-03:00,3
2025-12-11T08:01:10.388164-03:00,3
2025-12-11T08:29:23.205220-03:00,7
2025-12-11T08:45:00.653938-03:00,7
2025-12-11T08:55:48.734383-03:00,7
2025-12-11T09:52:51.793183-03:00,3
2025-12-11T10:39:51.991762-03:00,3
2025-12-11T10:59:31.069194-03:00,1
2025-12-11T11:31:27.175653-03:00,2
2025-12-11T11:52:24.396584-03:00,4
2025-12-11T12:26:55.769334-03:00,2
2025-12-11T12:49:36.908467-03:00,8
2025-12-11T13:01:21.651887-03:00,8
2025-12-11T13:47:51.058988-03:00,7
2025-12-11T14:21:01.556576-03:00,8
2025-12-11T14:48:43.777201-03:00,7
2025-12-11T15:00:13.261221-03:00,12
2025-12-11T15:44:13.800510-03:00,11
2025-12-11T16:02:00.355137-03:00,11
2025-12-11T16:29:27.135607-03:00,9
2025-12-11T16:44:15.942428-03:00,12
2025-12-11T17:28:18.626122-03:00,11
2025-12-11T17:44:47.999627-03:00,12
2025-12-11T17:56:00.695180-03:00,15
2025-12-11T18:25:44.787782-03:00,11
2025-12-11T18:41:55.237690-03:00,13
2025-12-11T18:56:19.113289-03:00,11
2025-12-11T19:24:37.934711-03:00,14
2025-12-11T19:44:12.518638-03:00,12
2025-12-11T19:55:42.071609-03:00,10
2025-12-11T20:21:47.397601-03:00,10
2025-12-11T20:41:17.334614-03:00,13
2025-12-11T20:56:17.563585-03:00,9
2025-12-11T22:58:00.929974-03:00,10
2025-12-12T00:37:33.619445-03:00,4
2025-12-12T01:19:49.704379-03:00,5
2025-12-12T01:49:13.316548-03:00,7
2025-12-12T02:10:49.730428-03:00,6
2025-12-12T02:40:53.234781-03:00,4
2025-12-12T02:55:59.830392-03:00,4
2025-12-12T03:37:50.115318-03:00,5
2025-12-12T03:59:43.732757-03:00,6
2025-12-12T04:31:06.804558-03:00,6
2025-12-12T04:48:41.616795-03:00,6
2025-12-12T04:59:27.204212-03:00,4
2025-12-12T05:40:06.894281-03:00,6
2025-12-12T05:59:29.302402-03:00,2
2025-12-12T06:33:48.197292-03:00,2
2025-12-12T06:51:36.988765-03:00,2
2025-12-12T07:25:16.217928-03:00,4
2025-12-12T07:47:59.075669-03:00,3
2025-12-12T07:59:07.685476-03:00,4
2025-12-12T08:27:46.230540-03:00,3
2025-12-12T08:43:22.710839-03:00,4
2025-12-12T08:56:19.107642-03:00,5
2025-12-12T09:52:25.302303-03:00,2
2025-12-12T10:34:54.216021-03:00,3
2025-12-12T10:54:46.732598-03:00,2
2025-12-12T11:20:32.421196-03:00,1
2025-12-12T11:41:38.192736-03:00,1
2025-12-12T11:55:49.509463-03:00,2
2025-12-12T12:25:50.238288-03:00,2
2025-12-12T12:45:05.808836-03:00,2
2025-12-12T12:56:45.854772-03:00,7
2025-12-12T13:32:06.139260-03:00,8
2025-12-12T13:51:56.236512-03:00,13
2025-12-12T14:20:24.848629-03:00,12
2025-12-12T14:43:26.513119-03:00,7
2025-12-12T14:56:19.126653-03:00,7
2025-12-12T15:36:52.432212-03:00,13
2025-12-12T15:57:11.582410-03:00,12
2025-12-12T16:22:01.790507-03:00,11
2025-12-12T16:38:58.282215-03:00,10
2025-12-12T16:50:02.410428-03:00,10
2025-12-12T17:09:59.438739-03:00,10
2025-12-12T17:35:46.050788-03:00,12
2025-12-12T17:51:07.786876-03:00,16
2025-12-12T18:19:50.763263-03:00,16
2025-12-12T18:35:32.948789-03:00,11
2025-12-12T18:46:17.484810-03:00,18
2025-12-12T18:56:55.470850-03:00,18
2025-12-12T19:25:21.674212-03:00,18
2025-12-12T19:44:05.385410-03:00,17
2025-12-12T19:56:14.301340-03:00,17
2025-12-12T20:22:44.488113-03:00,15
2025-12-12T20:40:42.618497-03:00,14
2025-12-12T20:56:12.660900-03:00,11
2025-12-12T22:50:46.079036-03:00,8
2025-12-13T00:16:26.367516-03:00,10
2025-12-13T00:56:28.059516-03:00,9
2025-12-13T01:29:55.678751-03:00,6
2025-12-13T01:48:39.965770-03:00,7
2025-12-13T01:59:44.432278-03:00,7
2025-12-13T02:30:54.649383-03:00,6
2025-12-13T02:49:09.410312-03:00,5
2025-12-13T02:59:41.234407-03:00,6
2025-12-13T03:40:55.881535-03:00,7
2025-12-13T03:58:47.492156-03:00,7
2025-12-13T04:28:20.636700-03:00,8
2025-12-13T04:41:20.768552-03:00,7
2025-12-13T04:55:50.969166-03:00,7
2025-12-13T05:28:08.986664-03:00,5
2025-12-13T05:48:52.824204-03:00,4
2025-12-13T05:59:18.872016-03:00,2
2025-12-13T06:27:33.600460-03:00,6
2025-12-13T06:42:15.874237-03:00,6
2025-12-13T06:55:55.068247-03:00,6
2025-12-13T07:22:44.101499-03:00,4
2025-12-13T07:42:25.382447-03:00,4
2025-12-13T07:56:19.877505-03:00,7
2025-12-13T08:18:57.665037-03:00,7
2025-12-13T08:30:27.211439-03:00,6
2025-12-13T08:45:45.275353-03:00,6
2025-12-13T08:56:25.677769-03:00,4
2025-12-13T10:18:02.382057-03:00,7
2025-12-13T10:40:05.972319-03:00,9
2025-12-13T10:51:01.549454-03:00,9
2025-12-13T11:18:38.971234-03:00,9
2025-12-13T11:37:24.528871-03:00,13
2025-12-13T11:48:56.243058-03:00,13
2025-12-13T11:59:26.574069-03:00,17
2025-12-13T12:26:45.953279-03:00,14
2025-12-13T12:55:44.732139-03:00,19
2025-12-13T13:27:16.499830-03:00,11
2025-12-13T13:47:58.371330-03:00,14
2025-12-13T13:59:01.655861-03:00,15
2025-12-13T14:24:29.429967-03:00,15
2025-12-13T14:39:14.285183-03:00,9
2025-12-13T14:50:04.760770-03:00,9
2025-12-13T15:11:55.545361-03:00,18
2025-12-13T15:42:52.143553-03:00,12
2025-12-13T15:56:02.316152-03:00,12
2025-12-13T16:17:37.336638-03:00,9
2025-12-13T16:28:40.517350-03:00,14
2025-12-13T16:40:32.618200-03:00,15
2025-12-13T16:55:52.352108-03:00,15
2025-12-13T17:24:21.496047-03:00,15
2025-12-13T17:41:23.435307-03:00,20
2025-12-13T17:56:11.710881-03:00,20
2025-12-13T18:20:10.369984-03:00,17
2025-12-13T18:33:08.022423-03:00,18
2025-12-13T18:46:21.437532-03:00,18
2025-12-13T18:57:00.116639-03:00,17
2025-12-13T19:24:04.758003-03:00,18
2025-12-13T19:41:55.978878-03:00,18
2025-12-13T19:56:08.134571-03:00,18
2025-12-13T20:21:06.008933-03:00,14
2025-12-13T20:39:16.786744-03:00,14
2025-12-13T20:50:07.328085-03:00,14
2025-12-13T21:50:15.904665-03:00,11
2025-12-13T23:58:09.761119-03:00,4
2025-12-14T01:03:29.164153-03:00,6
2025-12-14T01:45:37.244939-03:00,6
2025-12-14T02:00:46.962596-03:00,9
2025-12-14T02:33:20.055439-03:00,7
2025-12-14T02:48:48.889655-03:00,7
2025-12-14T02:59:55.566554-03:00,8
2025-12-14T03:40:39.957718-03:00,7
2025-12-14T03:59:02.117047-03:00,8
2025-12-14T04:26:22.763332-03:00,8
2025-12-14T04:40:08.389454-03:00,8
2025-12-14T04:50:52.301770-03:00,8
2025-12-14T05:27:20.136615-03:00,7
2025-12-14T05:48:46.911522-03:00,8
2025-12-14T05:59:29.753242-03:00,7
2025-12-14T06:28:23.541880-03:00,8
2025-12-14T06:43:19.283425-03:00,9
2025-12-14T06:56:11.220348-03:00,6
2025-12-14T07:23:34.124141-03:00,7
2025-12-14T07:43:04.276865-03:00,7
2025-12-14T07:55:55.435719-03:00,8
2025-12-14T08:18:28.196900-03:00,9
2025-12-14T08:31:16.721693-03:00,8
2025-12-14T08:45:52.354940-03:00,10
2025-12-14T09:48:40.539946-03:00,5
2025-12-14T10:18:43.901516-03:00,5
2025-12-14T10:40:31.350194-03:00,5
2025-12-14T10:55:48.018273-03:00,4
2025-12-14T11:20:13.910395-03:00,4
2025-12-14T11:38:01.038933-03:00,9
2025-12-14T11:48:59.624075-03:00,9
2025-12-14T11:59:31.250724-03:00,11
2025-12-14T12:26:59.090772-03:00,12
2025-12-14T12:41:51.572032-03:00,10
2025-12-14T12:56:24.503126-03:00,10
2025-12-14T13:28:23.810787-03:00,10
2025-12-14T13:48:19.116185-03:00,9
2025-12-14T13:58:53.241168-03:00,7
2025-12-14T14:24:22.512621-03:00,12
2025-12-14T14:40:35.363900-03:00,11
2025-12-14T14:56:13.795053-03:00,11
2025-12-14T15:32:50.275568-03:00,15
2025-12-14T15:52:50.016649-03:00,10
2025-12-14T16:16:35.176902-03:00,11
2025-12-14T16:29:14.780238-03:00,10
2025-12-14T16:40:53.984790-03:00,7
2025-12-14T16:56:01.469467-03:00,8
2025-12-14T17:25:23.218404-03:00,6
2025-12-14T17:56:23.438151-03:00,7
2025-12-14T18:21:25.434087-03:00,1
2025-12-14T18:38:48.379548-03:00,7
2025-12-14T18:49:48.404530-03:00,7
2025-12-14T19:00:49.315056-03:00,1
2025-12-14T19:30:44.442343-03:00,2
2025-12-14T19:47:05.395770-03:00,6
2025-12-14T19:57:31.373735-03:00,5
2025-12-14T20:24:35.562324-03:00,5
2025-12-14T20:39:31.495762-03:00,10
2025-12-14T20:50:31.993172-03:00,10
2025-12-14T22:50:36.848705-03:00,10
2025-12-15T00:42:41.433982-03:00,7
2025-12-15T01:29:30.776569-03:00,5
2025-12-15T01:59:29.970770-03:00,5
2025-12-15T02:34:53.239306-03:00,1
2025-12-15T02:52:28.100324-03:00,3
2025-12-15T03:37:10.774180-03:00,2
2025-12-15T04:01:02.777951-03:00,1
2025-12-15T04:34:34.021286-03:00,3
2025-12-15T04:49:59.387915-03:00,3
2025-12-15T05:16:01.647961-03:00,2
2025-12-15T05:49:57.874751-03:00,2
2025-12-15T06:18:55.448867-03:00,4
2025-12-15T06:49:51.564630-03:00,3
2025-12-15T07:12:47.331050-03:00,1
2025-12-15T07:47:30.897341-03:00,4
2025-12-15T08:00:32.815909-03:00,3
2025-12-15T08:30:17.698758-03:00,4
2025-12-15T08:48:15.259841-03:00,1
2025-12-15T08:59:21.265066-03:00,9
2025-12-15T10:04:30.182955-03:00,1
2025-12-15T10:49:42.206812-03:00,4
2025-12-15T11:13:13.491939-03:00,2
2025-12-15T11:47:44.456895-03:00,3
2025-12-15T12:12:52.342423-03:00,5
2025-12-15T12:42:50.027712-03:00,7
2025-12-15T13:00:08.556153-03:00,8
2025-12-15T13:43:41.076675-03:00,10
2025-12-15T14:13:01.258718-03:00,7
2025-12-15T14:43:01.209907-03:00,9
2025-12-15T14:57:50.024691-03:00,18
2025-12-15T15:42:42.215039-03:00,13
2025-12-15T16:01:57.390202-03:00,16
2025-12-15T16:29:46.793831-03:00,11
2025-12-15T16:43:32.109584-03:00,14
2025-12-15T16:56:16.493638-03:00,11
2025-12-15T17:29:00.853762-03:00,12
2025-12-15T17:48:55.392122-03:00,11
2025-12-15T17:59:39.934906-03:00,12
2025-12-15T18:28:35.993463-03:00,15
2025-12-15T18:44:51.054746-03:00,11
2025-12-15T18:56:13.650095-03:00,11
2025-12-15T19:23:59.782388-03:00,12
2025-12-15T19:44:44.263056-03:00,10
2025-12-15T19:55:49.800100-03:00,13
2025-12-15T20:22:56.463287-03:00,10
2025-12-15T20:41:19.726546-03:00,10
2025-12-15T20:56:05.447760-03:00,10
2025-12-15T22:56:40.925236-03:00,11
2025-12-16T00:37:29.376394-03:00,9
2025-12-16T01:20:38.317108-03:00,9
2025-12-16T01:55:20.998411-03:00,6
2025-12-16T02:23:58.008798-03:00,1
2025-12-16T02:46:43.662800-03:00,3
2025-12-16T02:57:51.726122-03:00,3
2025-12-16T03:45:41.113862-03:00,4
2025-12-16T04:02:44.450066-03:00,4
2025-12-16T04:33:12.751657-03:00,16
2025-12-16T04:49:03.402937-03:00,2
2025-12-16T04:59:58.316672-03:00,1
2025-12-16T05:42:15.269583-03:00,4
2025-12-16T06:02:45.276002-03:00,5
2025-12-16T06:37:49.746112-03:00,16
2025-12-16T06:54:27.183230-03:00,1
2025-12-16T07:26:49.757173-03:00,2
2025-12-16T07:50:35.735519-03:00,16
2025-12-16T08:21:00.719083-03:00,4
2025-12-16T08:41:30.972573-03:00,2
2025-12-16T08:56:14.435351-03:00,5
2025-12-16T09:53:46.260381-03:00,2
2025-12-16T10:39:20.076712-03:00,7
2025-12-16T10:59:15.370072-03:00,2
2025-12-16T11:35:07.909703-03:00,3
2025-12-16T11:56:07.677226-03:00,2
2025-12-16T12:28:02.083217-03:00,7
2025-12-16T12:46:50.997650-03:00,2
2025-12-16T12:58:48.236877-03:00,5
2025-12-16T13:40:03.702835-03:00,7
2025-12-16T14:01:35.396209-03:00,11
2025-12-16T14:36:44.719013-03:00,12
2025-12-16T14:53:14.654598-03:00,7
2025-12-16T15:33:56.753123-03:00,13
2025-12-16T15:58:33.666713-03:00,10
2025-12-16T16:25:59.631856-03:00,8
2025-12-16T16:40:56.334886-03:00,8
2025-12-16T16:56:09.795903-03:00,11
2025-12-16T17:28:57.563268-03:00,14
2025-12-16T17:47:49.841731-03:00,12
2025-12-16T17:59:03.180638-03:00,12
2025-12-16T18:29:06.677894-03:00,9
2025-12-16T18:44:47.260450-03:00,16
2025-12-16T18:56:09.049472-03:00,17
2025-12-16T19:22:06.681686-03:00,19
2025-12-16T19:43:08.254862-03:00,14
2025-12-16T19:56:20.643780-03:00,15
2025-12-16T20:23:28.404646-03:00,15
2025-12-16T20:40:50.070168-03:00,15
2025-12-16T20:55:51.646422-03:00,15
2025-12-17T00:12:02.783629-03:00,9
2025-12-17T01:03:23.591683-03:00,6
2025-12-17T01:44:00.576581-03:00,5
2025-12-17T02:02:01.466284-03:00,6
2025-12-17T02:36:09.448873-03:00,3
2025-12-17T02:51:51.155378-03:00,1
2025-12-17T03:35:02.631062-03:00,3
2025-12-17T03:58:52.878294-03:00,3
2025-12-17T04:30:18.208947-03:00,21
2025-12-17T04:49:07.703829-03:00,21
2025-12-17T05:00:06.277415-03:00,1
2025-12-17T05:40:45.023020-03:00,1
2025-12-17T06:02:55.621818-03:00,2
2025-12-17T06:38:32.111780-03:00,1
2025-12-17T06:54:14.579882-03:00,2
2025-12-17T07:26:21.769528-03:00,1
2025-12-17T07:49:59.513366-03:00,5
2025-12-17T08:01:27.283928-03:00,5
2025-12-17T08:30:11.826281-03:00,5
2025-12-17T08:45:34.192485-03:00,6
2025-12-17T08:56:35.530803-03:00,8
2025-12-17T09:55:14.789531-03:00,6
2025-12-17T10:34:08.449991-03:00,11
2025-12-17T10:54:31.983955-03:00,10
2025-12-17T11:24:05.776189-03:00,9
2025-12-17T11:50:30.779327-03:00,13
2025-12-17T12:25:14.315313-03:00,13
2025-12-17T12:47:18.998998-03:00,10
2025-12-17T13:00:02.067141-03:00,8
2025-12-17T13:40:51.380321-03:00,18
2025-12-17T14:11:49.266774-03:00,11
2025-12-17T14:41:55.977936-03:00,16
2025-12-17T14:56:56.282908-03:00,14
2025-12-17T15:40:24.909645-03:00,17
2025-12-17T16:02:01.714562-03:00,19
2025-12-17T16:28:50.642472-03:00,17
2025-12-17T16:42:58.988477-03:00,18
2025-12-17T16:56:13.921477-03:00,17
2025-12-17T17:29:14.443276-03:00,14
2025-12-17T17:48:10.681979-03:00,17
2025-12-17T17:58:40.949114-03:00,17
2025-12-17T18:29:16.201682-03:00,18
2025-12-17T18:44:38.420729-03:00,13
2025-12-17T18:55:44.446579-03:00,14
2025-12-17T19:22:46.097592-03:00,16
2025-12-17T19:44:48.704084-03:00,14
2025-12-17T19:56:06.676861-03:00,12
2025-12-17T20:22:51.446815-03:00,10
2025-12-17T20:41:40.095900-03:00,10
2025-12-17T20:56:18.936270-03:00,10
2025-12-17T22:54:36.678713-03:00,10
2025-12-18T00:21:36.179953-03:00,9
2025-12-18T01:07:04.463725-03:00,5
2025-12-18T01:45:37.982672-03:00,7
2025-12-18T02:01:10.230168-03:00,6
2025-12-18T02:36:18.442864-03:00,5
2025-12-18T02:52:40.995499-03:00,5
2025-12-18T03:35:14.209220-03:00,15
2025-12-18T03:58:53.514723-03:00,2
2025-12-18T04:29:57.868000-03:00,1
2025-12-18T04:44:55.032971-03:00,1
2025-12-18T04:56:15.406948-03:00,4
2025-12-18T05:34:30.375940-03:00,4
2025-12-18T05:58:24.248853-03:00,4
2025-12-18T06:35:10.543889-03:00,4
2025-12-18T06:53:30.737939-03:00,3
2025-12-18T07:25:19.227970-03:00,1
2025-12-18T07:48:04.244003-03:00,3
2025-12-18T07:58:47.035938-03:00,2
2025-12-18T08:27:22.633272-03:00,3
2025-12-18T08:43:46.282438-03:00,3
2025-12-18T08:56:17.222638-03:00,3
2025-12-18T09:52:16.182451-03:00,2
2025-12-18T10:37:02.370097-03:00,4
2025-12-18T10:57:53.864862-03:00,3
2025-12-18T11:31:47.471234-03:00,7
2025-12-18T11:54:07.616143-03:00,5
2025-12-18T12:25:04.445944-03:00,5
2025-12-18T12:46:28.598303-03:00,8
2025-12-18T12:58:37.675490-03:00,11
2025-12-18T13:40:15.460694-03:00,11
2025-12-18T14:04:01.395550-03:00,10
2025-12-18T14:35:53.919914-03:00,13
2025-12-18T14:52:32.510204-03:00,15
2025-12-18T15:33:23.335043-03:00,18
2025-12-18T15:58:33.199244-03:00,14
2025-12-18T16:23:01.785924-03:00,18
2025-12-18T16:38:36.754932-03:00,14
2025-12-18T16:49:43.213993-03:00,14
2025-12-18T17:00:22.609165-03:00,18
2025-12-18T17:31:13.728217-03:00,14
2025-12-18T17:49:41.168214-03:00,10
2025-12-18T18:00:41.284496-03:00,12
2025-12-18T18:26:40.490165-03:00,13
2025-12-18T18:41:25.413738-03:00,17
2025-12-18T18:56:10.591613-03:00,14
2025-12-18T19:23:47.318241-03:00,14
2025-12-18T19:44:04.302377-03:00,15
2025-12-18T19:55:52.885127-03:00,15
2025-12-18T20:22:46.716471-03:00,16
2025-12-18T20:40:55.158276-03:00,16
2025-12-18T20:56:16.421167-03:00,10
2025-12-18T22:57:25.660397-03:00,11
2025-12-19T00:37:44.336075-03:00,9
2025-12-19T01:19:49.632626-03:00,11
2025-12-19T01:50:08.104775-03:00,7
2025-12-19T02:12:17.057069-03:00,7
2025-12-19T02:40:33.710618-03:00,6
2025-12-19T02:56:05.287616-03:00,6
2025-12-19T03:36:47.419810-03:00,4
2025-12-19T03:58:06.563814-03:00,4
2025-12-19T04:28:56.089602-03:00,6
2025-12-19T04:44:09.145955-03:00,7
2025-12-19T04:55:44.330624-03:00,5
2025-12-19T05:32:41.417513-03:00,5
2025-12-19T05:57:17.169844-03:00,4
2025-12-19T06:30:58.183212-03:00,5
2025-12-19T06:51:16.638326-03:00,7
2025-12-19T07:24:30.638001-03:00,4
2025-12-19T07:47:50.087491-03:00,3
2025-12-19T07:58:29.159540-03:00,4
2025-12-19T08:25:51.260423-03:00,4
2025-12-19T08:40:38.220307-03:00,4
2025-12-19T08:55:50.186735-03:00,4
2025-12-19T09:48:15.274485-03:00,4
2025-12-19T10:24:59.535730-03:00,8
2025-12-19T10:50:25.843088-03:00,8
2025-12-19T11:22:43.033180-03:00,6
2025-12-19T11:46:43.874735-03:00,11
2025-12-19T11:57:54.362495-03:00,14
2025-12-19T12:31:13.307226-03:00,11
2025-12-19T12:50:58.452410-03:00,13
2025-12-19T13:28:10.644452-03:00,10
2025-12-19T13:52:43.595272-03:00,13
2025-12-19T14:19:39.959773-03:00,14
2025-12-19T14:35:04.131783-03:00,11
2025-12-19T14:46:25.999578-03:00,10
2025-12-19T14:57:14.703943-03:00,10
2025-12-19T15:38:18.830411-03:00,17
2025-12-19T15:57:41.681188-03:00,11
2025-12-19T16:22:47.744466-03:00,16
2025-12-19T16:38:40.582838-03:00,16
2025-12-19T16:49:46.583895-03:00,18
2025-12-19T17:00:17.056788-03:00,17
2025-12-19T17:50:50.331796-03:00,17
2025-12-19T18:19:47.350894-03:00,14
2025-12-19T18:47:15.348502-03:00,17
2025-12-19T18:57:54.687208-03:00,20
2025-12-19T19:27:45.255621-03:00,15
2025-12-19T19:45:23.094928-03:00,17
2025-12-19T20:22:04.657446-03:00,14
2025-12-19T20:40:15.618273-03:00,16
2025-12-19T20:55:59.477339-03:00,15
2025-12-19T22:48:40.035711-03:00,7
2025-12-20T00:06:54.133336-03:00,12
2025-12-20T00:54:46.453330-03:00,10
2025-12-20T01:27:21.587681-03:00,11
2025-12-20T01:48:28.143883-03:00,8
2025-12-20T01:59:05.318396-03:00,9
2025-12-20T02:29:49.519387-03:00,9
2025-12-20T02:58:56.309748-03:00,6
2025-12-20T03:40:58.825678-03:00,4
2025-12-20T03:58:22.004363-03:00,2
2025-12-20T04:24:59.280733-03:00,4
2025-12-20T04:38:47.710067-03:00,2
2025-12-20T04:49:44.100996-03:00,2
2025-12-20T05:00:28.099899-03:00,3
2025-12-20T05:36:50.076636-03:00,2
2025-12-20T05:53:21.407264-03:00,7
2025-12-20T06:21:14.602946-03:00,7
2025-12-20T06:40:16.952341-03:00,7
2025-12-20T06:56:00.029991-03:00,8
2025-12-20T07:23:12.169667-03:00,11
2025-12-20T07:43:07.265469-03:00,7
2025-12-20T07:55:49.026397-03:00,8
2025-12-20T08:17:57.724261-03:00,6
2025-12-20T08:30:20.929035-03:00,6
2025-12-20T08:45:53.533931-03:00,8
2025-12-20T08:56:50.170029-03:00,5
2025-12-20T09:49:12.422127-03:00,4
2025-12-20T10:18:36.535056-03:00,5
2025-12-20T10:40:42.341216-03:00,6
2025-12-20T10:55:52.870320-03:00,8
2025-12-20T11:20:25.816379-03:00,6
2025-12-20T11:41:15.667942-03:00,8
2025-12-20T11:56:09.730960-03:00,9
2025-12-20T12:22:06.251523-03:00,12
2025-12-20T12:40:27.933165-03:00,9
2025-12-20T12:55:47.675061-03:00,11
2025-12-20T13:26:51.534568-03:00,13
2025-12-20T13:46:36.913516-03:00,7
2025-12-20T13:57:13.346961-03:00,6
2025-12-20T14:21:10.104557-03:00,11
2025-12-20T14:39:32.953886-03:00,8
2025-12-20T14:50:40.240740-03:00,8
2025-12-20T15:28:02.068616-03:00,14
2025-12-20T15:48:32.474324-03:00,5
2025-12-20T15:59:14.171734-03:00,15
2025-12-20T16:22:15.804891-03:00,16
2025-12-20T16:37:08.253814-03:00,18
2025-12-20T16:48:00.363523-03:00,18
2025-12-20T16:58:30.830571-03:00,20
2025-12-20T17:28:42.191083-03:00,14
2025-12-20T17:43:29.795888-03:00,13
2025-12-20T17:56:10.158571-03:00,17
2025-12-20T18:19:55.190654-03:00,17
2025-12-20T18:32:29.227232-03:00,15
2025-12-20T18:46:16.382879-03:00,16
2025-12-20T18:56:47.031596-03:00,11
2025-12-20T19:23:06.470995-03:00,18
2025-12-20T19:41:42.525583-03:00,14
2025-12-20T19:56:02.222169-03:00,11
2025-12-20T20:21:04.505133-03:00,13
2025-12-20T20:39:14.945336-03:00,14
2025-12-20T20:50:25.371035-03:00,14
2025-12-20T22:52:55.826581-03:00,4
2025-12-21T00:39:22.740294-03:00,8
2025-12-21T01:23:58.783026-03:00,6
2025-12-21T01:54:15.473503-03:00,7
2025-12-21T02:21:26.868696-03:00,9
2025-12-21T02:44:26.133113-03:00,5
2025-12-21T02:55:49.008148-03:00,5
2025-12-21T03:34:22.038977-03:00,5
2025-12-21T03:55:47.830670-03:00,5
2025-12-21T04:21:20.377415-03:00,6
2025-12-21T04:39:34.266812-03:00,8
2025-12-21T05:12:18.056664-03:00,6
2025-12-21T05:42:24.813413-03:00,3
2025-12-21T05:57:12.534321-03:00,3
2025-12-21T06:26:56.861509-03:00,2
2025-12-21T06:42:36.645774-03:00,3
2025-12-21T06:56:10.633050-03:00,1
2025-12-21T07:24:26.386125-03:00,1
2025-12-21T07:43:45.499593-03:00,2
2025-12-21T07:56:10.845412-03:00,15
2025-12-21T08:19:19.419285-03:00,1
2025-12-21T08:31:22.102319-03:00,15
2025-12-21T08:46:04.828090-03:00,1
2025-12-21T08:56:44.868119-03:00,6
2025-12-21T09:49:16.251844-03:00,7
2025-12-21T10:19:28.333042-03:00,8
2025-12-21T10:41:24.735709-03:00,8
2025-12-21T10:56:16.546642-03:00,6
2025-12-21T11:21:42.795763-03:00,5
2025-12-21T11:41:29.989268-03:00,6
2025-12-21T11:56:13.656485-03:00,8
2025-12-21T12:22:31.376361-03:00,5
2025-12-21T12:40:17.763968-03:00,1
2025-12-21T13:27:47.025233-03:00,2
2025-12-21T13:48:01.447811-03:00,4
2025-12-21T13:58:30.197542-03:00,5
2025-12-21T14:24:30.344897-03:00,5
2025-12-21T14:40:44.191115-03:00,7
2025-12-21T14:56:16.262864-03:00,8
2025-12-21T15:32:50.483974-03:00,4
2025-12-21T15:52:56.741953-03:00,10
2025-12-21T16:16:36.728464-03:00,10
2025-12-21T16:29:21.397074-03:00,18
2025-12-21T16:41:29.475142-03:00,11
2025-12-21T16:55:44.178162-03:00,17
2025-12-21T17:24:28.689337-03:00,13
2025-12-21T17:42:51.563677-03:00,14
2025-12-21T17:55:52.759589-03:00,9
2025-12-21T18:20:22.344125-03:00,16
2025-12-21T18:39:08.768933-03:00,16
2025-12-21T18:50:07.272504-03:00,16
2025-12-21T19:08:52.179530-03:00,12
2025-12-21T19:33:37.342588-03:00,11
2025-12-21T19:48:17.066136-03:00,12
2025-12-21T19:59:11.570412-03:00,15
2025-12-21T20:26:22.085086-03:00,16
2025-12-21T20:41:26.792444-03:00,12
2025-12-21T20:55:53.638670-03:00,10
2025-12-21T22:58:40.294378-03:00,6
2025-12-22T00:47:52.098372-03:00,6
2025-12-22T01:30:28.480634-03:00,6
2025-12-22T02:00:32.091018-03:00,8
2025-12-22T02:36:58.539297-03:00,7
2025-12-22T02:52:10.806709-03:00,6
2025-12-22T03:36:52.806706-03:00,6
2025-12-22T04:00:37.229456-03:00,6
2025-12-22T04:33:28.846539-03:00,8
2025-12-22T04:49:22.449758-03:00,8
2025-12-22T05:00:08.496621-03:00,8
2025-12-22T05:41:27.656975-03:00,6
2025-12-22T06:02:17.124423-03:00,6
2025-12-22T06:41:22.685411-03:00,6
2025-12-22T06:57:53.304415-03:00,6
2025-12-22T07:31:44.007040-03:00,6
2025-12-22T07:52:01.501050-03:00,5
2025-12-22T08:19:44.450330-03:00,4
2025-12-22T08:34:46.952633-03:00,3
2025-12-22T08:46:35.373400-03:00,3
2025-12-22T08:57:00.465359-03:00,5
2025-12-22T09:55:10.695794-03:00,4
2025-12-22T10:34:50.443733-03:00,6
2025-12-22T10:53:52.237062-03:00,3
2025-12-22T11:22:24.053589-03:00,9
2025-12-22T11:45:24.807654-03:00,7
2025-12-22T11:56:39.173760-03:00,1
2025-12-22T12:27:42.872649-03:00,4
2025-12-22T12:46:13.374049-03:00,5
2025-12-22T12:56:55.449212-03:00,5
2025-12-22T13:33:33.867347-03:00,6
2025-12-22T13:55:26.372185-03:00,6
2025-12-22T14:20:07.426436-03:00,8
2025-12-22T14:39:39.782674-03:00,4
2025-12-22T14:50:50.582528-03:00,4
2025-12-22T15:32:55.401013-03:00,12
2025-12-22T15:57:14.744728-03:00,16
2025-12-22T16:22:18.391087-03:00,12
2025-12-22T16:38:36.353330-03:00,19
2025-12-22T16:49:46.713163-03:00,19
2025-12-22T17:00:50.199150-03:00,17
2025-12-22T17:33:56.027454-03:00,18
2025-12-22T17:50:56.360543-03:00,21
2025-12-22T18:19:28.495872-03:00,19
2025-12-22T18:36:03.547664-03:00,17
2025-12-22T18:47:36.492065-03:00,17
2025-12-22T18:58:21.906059-03:00,12
2025-12-22T19:29:16.587569-03:00,15
2025-12-22T19:47:02.705565-03:00,15
2025-12-22T19:57:43.074108-03:00,14
2025-12-22T20:26:47.059554-03:00,12
2025-12-22T20:42:25.796117-03:00,12
2025-12-22T20:56:27.498560-03:00,20
2025-12-22T23:00:57.492802-03:00,9
2025-12-23T00:42:16.087580-03:00,4
2025-12-23T01:25:16.355211-03:00,9
2025-12-23T01:56:06.920197-03:00,7
2025-12-23T02:27:37.481042-03:00,4
2025-12-23T02:49:14.166339-03:00,4
2025-12-23T02:59:51.314052-03:00,3
2025-12-23T03:47:49.769600-03:00,16
2025-12-23T04:13:02.732891-03:00,16
2025-12-23T04:39:11.270592-03:00,16
2025-12-23T04:51:46.884583-03:00,16
2025-12-23T05:31:38.644904-03:00,1
2025-12-23T05:57:44.492374-03:00,4
2025-12-23T06:33:32.095558-03:00,2
2025-12-23T06:52:07.609231-03:00,1
2025-12-23T07:25:35.451013-03:00,4
2025-12-23T07:48:16.732152-03:00,4
2025-12-23T07:59:17.100798-03:00,3
2025-12-23T08:27:14.965493-03:00,3
2025-12-23T08:43:13.945668-03:00,4
2025-12-23T08:56:17.181171-03:00,2
2025-12-23T09:52:51.659884-03:00,4
2025-12-23T10:36:14.446381-03:00,4
2025-12-23T10:55:49.706512-03:00,5
2025-12-23T11:24:11.386857-03:00,7
2025-12-23T11:46:48.660803-03:00,8
2025-12-23T11:57:51.755178-03:00,7
2025-12-23T12:31:03.924151-03:00,9
2025-12-23T12:51:07.958056-03:00,5
2025-12-23T13:29:14.920623-03:00,9
2025-12-23T13:54:26.623562-03:00,6
2025-12-23T14:21:32.025946-03:00,8
2025-12-23T14:44:11.245873-03:00,15
2025-12-23T14:56:18.648810-03:00,9
2025-12-23T15:36:36.536136-03:00,11
2025-12-23T15:58:05.694262-03:00,9
2025-12-23T16:23:46.984829-03:00,10
2025-12-23T16:38:52.054196-03:00,13
2025-12-23T16:49:47.952532-03:00,13
2025-12-23T17:00:23.647480-03:00,16
2025-12-23T17:33:29.350820-03:00,15
2025-12-23T17:50:01.749770-03:00,17
2025-12-23T18:08:39.968768-03:00,15
2025-12-23T18:30:29.577602-03:00,17
2025-12-23T18:46:54.800250-03:00,19
2025-12-23T18:57:35.802261-03:00,17
2025-12-23T19:27:09.429426-03:00,17
2025-12-23T19:45:02.054643-03:00,20
2025-12-23T19:55:40.927418-03:00,19
2025-12-23T20:21:18.311433-03:00,22
2025-12-23T20:40:38.553525-03:00,13
2025-12-23T20:56:09.945472-03:00,14
2025-12-23T22:55:58.488052-03:00,7
2025-12-24T00:26:20.917579-03:00,9
2025-12-24T01:10:30.767310-03:00,9
2025-12-24T01:50:45.808685-03:00,5
2025-12-24T02:25:25.196909-03:00,5
2025-12-24T02:58:32.454004-03:00,6
2025-12-24T03:47:25.338133-03:00,4
2025-12-24T04:13:06.765903-03:00,4
2025-12-24T04:39:15.745036-03:00,4
2025-12-24T04:51:54.095889-03:00,4
2025-12-24T05:31:22.234599-03:00,6
2025-12-24T05:57:22.163152-03:00,5
2025-12-24T06:31:07.020826-03:00,7
2025-12-24T06:50:00.816311-03:00,4
2025-12-24T07:10:25.449389-03:00,4
2025-12-24T07:41:30.956051-03:00,2
2025-12-24T07:56:08.145391-03:00,2
2025-12-24T08:21:51.040972-03:00,2
2025-12-24T08:40:07.660175-03:00,2
2025-12-24T08:51:16.596265-03:00,2
2025-12-24T09:45:11.287622-03:00,4
2025-12-24T10:23:14.689518-03:00,3
2025-12-24T10:48:52.302168-03:00,5
2025-12-24T10:59:29.207171-03:00,4
2025-12-24T11:29:26.017486-03:00,5
2025-12-24T11:46:57.254558-03:00,7
2025-12-24T11:57:45.193284-03:00,9
2025-12-24T12:29:22.410402-03:00,11
2025-12-24T12:45:40.240713-03:00,15
2025-12-24T12:56:28.313669-03:00,9
2025-12-24T13:31:01.065033-03:00,12
2025-12-24T13:53:14.311931-03:00,15
2025-12-24T14:18:30.615564-03:00,7
2025-12-24T14:37:20.172753-03:00,6
2025-12-24T14:48:47.958719-03:00,6
2025-12-24T14:59:22.960307-03:00,6
2025-12-24T15:40:41.734832-03:00,13
2025-12-24T15:59:05.785727-03:00,13
2025-12-24T16:23:12.307780-03:00,11
2025-12-24T16:48:50.692139-03:00,13
2025-12-24T16:59:46.934538-03:00,13
2025-12-24T17:31:56.362182-03:00,12
2025-12-24T17:49:43.480567-03:00,15
2025-12-24T18:00:21.694870-03:00,13
2025-12-24T18:28:39.463949-03:00,21
2025-12-24T18:43:09.426776-03:00,13
2025-12-24T18:56:06.543281-03:00,14
2025-12-24T19:23:14.593100-03:00,15
2025-12-24T19:44:01.060482-03:00,13
2025-12-24T19:56:13.849084-03:00,16
2025-12-24T20:22:41.526348-03:00,12
2025-12-24T20:40:49.602539-03:00,12
2025-12-24T20:55:49.657967-03:00,13
2025-12-24T22:54:35.552159-03:00,4
2025-12-25T00:27:49.408285-03:00,4
2025-12-25T01:22:10.291510-03:00,6
2025-12-25T01:56:03.051085-03:00,9
2025-12-25T02:27:34.299455-03:00,10
2025-12-25T02:48:32.899389-03:00,11
2025-12-25T02:59:26.703344-03:00,10
2025-12-25T03:46:21.254079-03:00,7
2025-12-25T04:02:13.792612-03:00,4
2025-12-25T04:31:44.169127-03:00,2
2025-12-25T04:47:26.090892-03:00,1
2025-12-25T04:58:24.922636-03:00,2
2025-12-25T05:38:14.583616-03:00,3
2025-12-25T05:56:45.725189-03:00,18
2025-12-25T06:28:48.350889-03:00,5
2025-12-25T06:46:27.052348-03:00,3
2025-12-25T06:57:01.033638-03:00,1
2025-12-25T07:28:55.388201-03:00,3
2025-12-25T07:48:03.917427-03:00,2
2025-12-25T07:58:39.093666-03:00,2
2025-12-25T08:25:13.290822-03:00,2
2025-12-25T08:39:32.217974-03:00,2
2025-12-25T08:50:27.320261-03:00,2
2025-12-25T09:43:50.736318-03:00,4
2025-12-25T10:23:07.151718-03:00,5
2025-12-25T10:48:48.014239-03:00,4
2025-12-25T11:29:51.411370-03:00,2
2025-12-25T11:47:01.816870-03:00,4
2025-12-25T11:58:05.976301-03:00,4
2025-12-25T12:28:39.876171-03:00,11
2025-12-25T12:44:34.473017-03:00,7
2025-12-25T13:31:01.310848-03:00,4
2025-12-25T13:54:06.685033-03:00,8
2025-12-25T14:19:09.910965-03:00,8
2025-12-25T14:37:54.902320-03:00,12
2025-12-25T14:49:34.352620-03:00,8
2025-12-25T15:00:36.610067-03:00,13
2025-12-25T15:43:48.362571-03:00,8
2025-12-25T15:59:18.100119-03:00,12
2025-12-25T16:23:39.933175-03:00,13
2025-12-25T16:38:29.900357-03:00,13
2025-12-25T17:00:15.349219-03:00,15
2025-12-25T17:32:19.697042-03:00,15
2025-12-25T17:50:36.078468-03:00,20
2025-12-25T18:19:45.714244-03:00,17
2025-12-25T18:36:24.794593-03:00,17
2025-12-25T18:47:25.312193-03:00,17
2025-12-25T18:58:27.838606-03:00,14
2025-12-25T19:28:21.453688-03:00,18
2025-12-25T19:45:45.206780-03:00,17
2025-12-25T19:56:33.190462-03:00,16
2025-12-25T20:23:53.562765-03:00,17
2025-12-25T20:56:03.023741-03:00,11
2025-12-25T22:55:30.568859-03:00,9
2025-12-26T00:26:11.416307-03:00,10
2025-12-26T01:10:01.968185-03:00,7
2025-12-26T01:47:31.773814-03:00,10
2025-12-26T02:01:50.489180-03:00,6
2025-12-26T02:35:25.441880-03:00,10
2025-12-26T02:51:09.287431-03:00,10
2025-12-26T03:34:32.990882-03:00,12
2025-12-26T03:58:28.318254-03:00,11
2025-12-26T04:29:21.306412-03:00,8
2025-12-26T04:44:19.959993-03:00,9
2025-12-26T04:55:56.083625-03:00,10
2025-12-26T05:32:23.819810-03:00,8
2025-12-26T05:55:23.274638-03:00,6
2025-12-26T06:24:21.365002-03:00,9
2025-12-26T06:44:07.663971-03:00,7
2025-12-26T06:56:01.397703-03:00,6
2025-12-26T07:25:53.427849-03:00,9
2025-12-26T07:46:42.731273-03:00,11
2025-12-26T07:57:12.609314-03:00,9
2025-12-26T08:24:01.798418-03:00,4
2025-12-26T08:39:50.325531-03:00,4
2025-12-26T08:50:47.123130-03:00,6
2025-12-26T09:43:55.462662-03:00,8
2025-12-26T10:23:43.130275-03:00,9
2025-12-26T10:49:40.019654-03:00,7
2025-12-26T11:00:42.910243-03:00,9
2025-12-26T11:33:31.190838-03:00,11
2025-12-26T11:50:53.510113-03:00,9
2025-12-26T12:22:30.033260-03:00,11
2025-12-26T12:42:45.638549-03:00,10
2025-12-26T12:56:36.308947-03:00,11
2025-12-26T13:30:09.379341-03:00,12
2025-12-26T13:49:48.238052-03:00,14
2025-12-26T14:00:45.519731-03:00,11
2025-12-26T14:30:25.603865-03:00,12
2025-12-26T15:39:14.880084-03:00,15
2025-12-26T15:55:59.801619-03:00,9
2025-12-26T16:18:28.890136-03:00,11
2025-12-26T16:30:44.887656-03:00,16
2025-12-26T16:45:58.901030-03:00,18
2025-12-26T16:56:29.435958-03:00,17
2025-12-26T17:26:36.962935-03:00,13
2025-12-26T17:43:29.964279-03:00,20
2025-12-26T17:55:55.545943-03:00,15
2025-12-26T18:20:40.948800-03:00,17
2025-12-26T18:39:37.211681-03:00,18
2025-12-26T18:50:26.515208-03:00,18
2025-12-26T19:21:21.078293-03:00,21
2025-12-26T19:43:42.337490-03:00,12
2025-12-26T19:55:52.891012-03:00,16
2025-12-26T20:22:17.610464-03:00,15
2025-12-26T20:41:01.650972-03:00,16
2025-12-26T20:56:11.508721-03:00,15
2025-12-26T22:55:02.432183-03:00,8
2025-12-27T00:23:53.360769-03:00,9
2025-12-27T01:06:39.953591-03:00,5
2025-12-27T01:43:55.571019-03:00,4
2025-12-27T02:00:19.541237-03:00,4
2025-12-27T02:35:02.257100-03:00,2
2025-12-27T02:50:01.863468-03:00,4
2025-12-27T03:13:58.963219-03:00,3
2025-12-27T03:48:17.236144-03:00,17
2025-12-27T04:01:07.568496-03:00,17
2025-12-27T04:28:51.612985-03:00,2
2025-12-27T04:42:48.696371-03:00,3
2025-12-27T04:56:20.205918-03:00,1
2025-12-27T05:31:52.907858-03:00,3
2025-12-27T05:54:02.094895-03:00,17
2025-12-27T06:21:45.276186-03:00,17
2025-12-27T06:41:49.392424-03:00,17
2025-12-27T06:56:06.019620-03:00,17
2025-12-27T07:23:52.833468-03:00,1
2025-12-27T07:43:41.280909-03:00,17
2025-12-27T07:56:06.467921-03:00,17
2025-12-27T08:19:22.840812-03:00,2
2025-12-27T08:31:30.639883-03:00,2
2025-12-27T08:45:51.939724-03:00,4
2025-12-27T08:56:37.274494-03:00,2
2025-12-27T09:49:50.095967-03:00,2
2025-12-27T10:20:58.054091-03:00,1
2025-12-27T10:45:12.851543-03:00,3
2025-12-27T10:56:14.282828-03:00,2
2025-12-27T11:22:00.028257-03:00,3
2025-12-27T11:42:01.338499-03:00,5
2025-12-27T11:56:00.805610-03:00,7
2025-12-27T12:22:01.068743-03:00,9
2025-12-27T12:40:27.306859-03:00,12
2025-12-27T12:56:16.421570-03:00,8
2025-12-27T13:29:05.949813-03:00,12
2025-12-27T13:49:31.457245-03:00,13
2025-12-27T14:00:04.806401-03:00,11
2025-12-27T14:25:54.615231-03:00,11
2025-12-27T14:41:34.214273-03:00,12
2025-12-27T14:55:47.725437-03:00,11
2025-12-27T15:31:50.135782-03:00,12
2025-12-27T15:53:38.696082-03:00,10
2025-12-27T16:16:33.130182-03:00,12
2025-12-27T16:29:54.051277-03:00,11
2025-12-27T16:41:45.920949-03:00,13
2025-12-27T17:25:17.516879-03:00,15
2025-12-27T17:43:03.927121-03:00,18
2025-12-27T17:56:00.066411-03:00,18
2025-12-27T18:20:42.127527-03:00,19
2025-12-27T18:39:56.596833-03:00,14
2025-12-27T18:50:57.700313-03:00,14
2025-12-27T19:20:02.240298-03:00,20
2025-12-27T19:39:38.167764-03:00,13
2025-12-27T19:50:56.159107-03:00,13
2025-12-27T20:20:08.254935-03:00,13
2025-12-27T20:36:02.463087-03:00,15
2025-12-27T20:47:52.583731-03:00,15
2025-12-27T20:58:36.315147-03:00,16
2025-12-27T23:32:23.190688-03:00,8
2025-12-28T01:00:39.621224-03:00,4
2025-12-28T02:25:47.798106-03:00,5
2025-12-28T02:47:32.026070-03:00,7
2025-12-28T02:58:37.826293-03:00,6
2025-12-28T03:42:09.525921-03:00,4
2025-12-28T04:00:17.098470-03:00,5
2025-12-28T04:30:20.777635-03:00,4
2025-12-28T04:46:27.760460-03:00,3
2025-12-28T04:57:19.173399-03:00,4
2025-12-28T05:34:43.967945-03:00,4
2025-12-28T05:53:27.239409-03:00,5
2025-12-28T06:21:32.950340-03:00,3
2025-12-28T06:42:16.012512-03:00,6
2025-12-28T06:56:17.264216-03:00,4
2025-12-28T07:25:07.454066-03:00,3
2025-12-28T07:44:21.122403-03:00,4
2025-12-28T07:55:56.030713-03:00,5
2025-12-28T08:20:00.595986-03:00,3
2025-12-28T08:33:23.838776-03:00,3
2025-12-28T08:46:19.892617-03:00,4
2025-12-28T08:57:09.835960-03:00,3
2025-12-28T09:53:22.099734-03:00,2
2025-12-28T10:29:54.195759-03:00,3
2025-12-28T10:48:24.079239-03:00,1
2025-12-28T10:59:03.868140-03:00,2
2025-12-28T11:27:56.619529-03:00,3
2025-12-28T11:45:32.251460-03:00,8
2025-12-28T11:56:17.687547-03:00,8
2025-12-28T12:23:39.346616-03:00,1
2025-12-28T12:40:47.445085-03:00,3
2025-12-28T12:56:13.289785-03:00,9
2025-12-28T13:29:18.407208-03:00,14
2025-12-28T13:50:09.805084-03:00,7
2025-12-28T14:08:12.346524-03:00,13
2025-12-28T14:31:39.766671-03:00,12
2025-12-28T14:47:25.199878-03:00,12
2025-12-28T14:58:03.212935-03:00,16
2025-12-28T15:38:53.773261-03:00,15
2025-12-28T15:56:03.035488-03:00,18
2025-12-28T16:18:33.798780-03:00,15
2025-12-28T16:30:44.362348-03:00,17
2025-12-28T16:45:47.252844-03:00,17
2025-12-28T16:56:22.376219-03:00,18
2025-12-28T17:27:31.099212-03:00,15
2025-12-28T17:45:36.188120-03:00,16
2025-12-28T17:56:07.733907-03:00,13
2025-12-28T18:21:55.054378-03:00,16
2025-12-28T18:40:17.054627-03:00,15
2025-12-28T18:56:09.926364-03:00,14
2025-12-28T19:23:19.159431-03:00,14
2025-12-28T19:44:02.964282-03:00,12
2025-12-28T19:56:15.299901-03:00,13
2025-12-28T20:22:53.340664-03:00,14
2025-12-28T20:41:07.472126-03:00,12
2025-12-28T20:56:03.122483-03:00,12
2025-12-28T23:05:28.336226-03:00,6
2025-12-29T00:55:45.167140-03:00,6
2025-12-29T01:51:50.926641-03:00,5
2025-12-29T02:29:13.119289-03:00,2
2025-12-29T02:53:05.894945-03:00,2
2025-12-29T03:37:18.448492-03:00,6
2025-12-29T04:02:13.308438-03:00,5
2025-12-29T04:35:44.838266-03:00,5
2025-12-29T04:50:22.266514-03:00,5
2025-12-29T05:33:45.022447-03:00,2
2025-12-29T05:58:56.849076-03:00,8
2025-12-29T06:39:27.457129-03:00,6
2025-12-29T06:56:24.358776-03:00,1
2025-12-29T07:28:11.200376-03:00,1
2025-12-29T07:50:18.432191-03:00,2
2025-12-29T08:20:07.043345-03:00,2
2025-12-29T08:37:30.176872-03:00,3
2025-12-29T08:49:29.755285-03:00,3
2025-12-29T08:59:58.830279-03:00,2
2025-12-29T10:02:59.761968-03:00,3
2025-12-29T10:47:39.656233-03:00,5
2025-12-29T11:00:21.870608-03:00,4
2025-12-29T11:35:50.573256-03:00,3
2025-12-29T11:53:19.227561-03:00,5
2025-12-29T12:24:10.747023-03:00,9
2025-12-29T12:45:40.593451-03:00,12
2025-12-29T12:57:17.307060-03:00,7
2025-12-29T13:33:54.417779-03:00,11
2025-12-29T13:54:35.525041-03:00,10
2025-12-29T14:19:41.007865-03:00,8
2025-12-29T14:39:28.763850-03:00,12
2025-12-29T14:51:15.594972-03:00,12
2025-12-29T15:32:25.502025-03:00,17
2025-12-29T15:55:53.488676-03:00,12
2025-12-29T16:18:56.383498-03:00,14
2025-12-29T16:31:16.401044-03:00,13
2025-12-29T16:45:54.351977-03:00,19
2025-12-29T16:56:48.489580-03:00,14
2025-12-29T17:29:45.270517-03:00,18
2025-12-29T17:48:03.625654-03:00,16
2025-12-29T17:59:00.236178-03:00,17
2025-12-29T18:26:41.810248-03:00,13
2025-12-29T18:42:17.651087-03:00,17
2025-12-29T18:55:52.115932-03:00,16
2025-12-29T19:22:22.791301-03:00,16
2025-12-29T19:43:30.357253-03:00,17
2025-12-29T19:55:57.868864-03:00,18
2025-12-29T20:41:26.696803-03:00,14
2025-12-29T20:56:14.053875-03:00,11
2025-12-29T22:59:16.284756-03:00,10
2025-12-30T00:42:50.121824-03:00,4
2025-12-30T01:26:56.858424-03:00,7
2025-12-30T01:58:48.441518-03:00,7
2025-12-30T02:32:48.822933-03:00,6
2025-12-30T02:50:55.942722-03:00,8
2025-12-30T03:35:15.652057-03:00,7
2025-12-30T03:58:51.245586-03:00,5
2025-12-30T04:30:22.085461-03:00,6
2025-12-30T04:48:50.009251-03:00,6
2025-12-30T04:59:20.760766-03:00,5
2025-12-30T05:39:43.313316-03:00,3
2025-12-30T05:59:08.431780-03:00,3
2025-12-30T06:33:56.103600-03:00,1
2025-12-30T06:51:45.691918-03:00,21
2025-12-30T07:25:04.070102-03:00,5
2025-12-30T07:48:32.189678-03:00,3
2025-12-30T07:58:59.358143-03:00,1
2025-12-30T08:27:11.457638-03:00,1
2025-12-30T08:42:59.917071-03:00,1
2025-12-30T08:56:16.723592-03:00,2
2025-12-30T09:53:04.000411-03:00,3
2025-12-30T10:36:57.764941-03:00,3
2025-12-30T10:56:17.478562-03:00,3
2025-12-30T11:25:34.864387-03:00,4
2025-12-30T11:47:04.039839-03:00,7
2025-12-30T11:58:42.228209-03:00,6
2025-12-30T12:31:20.686392-03:00,9
2025-12-30T12:51:27.365085-03:00,9
2025-12-30T13:29:06.748036-03:00,11
2025-12-30T13:53:47.499901-03:00,8
2025-12-30T14:21:37.304052-03:00,12
2025-12-30T14:44:43.108340-03:00,13
2025-12-30T14:56:27.784321-03:00,8
2025-12-30T15:37:26.890876-03:00,17
2025-12-30T15:58:29.464429-03:00,16
2025-12-30T16:23:01.575644-03:00,11
2025-12-30T16:38:44.269065-03:00,14
2025-12-30T16:49:21.503959-03:00,14
2025-12-30T17:00:24.493430-03:00,14
2025-12-30T17:34:24.377401-03:00,12
2025-12-30T17:50:55.295843-03:00,13
2025-12-30T18:20:34.185484-03:00,14
2025-12-30T18:41:31.333093-03:00,15
2025-12-30T18:55:53.460106-03:00,14
2025-12-30T19:22:10.946850-03:00,16
2025-12-30T19:43:55.223864-03:00,18
2025-12-30T19:56:03.617481-03:00,17
2025-12-30T20:22:00.803745-03:00,11
2025-12-30T20:40:57.775747-03:00,16
2025-12-30T20:56:05.134380-03:00,13
2025-12-30T22:58:11.107743-03:00,8
2025-12-31T00:41:25.937876-03:00,6
2025-12-31T01:26:01.531674-03:00,4
2025-12-31T01:57:51.455836-03:00,2
2025-12-31T02:33:00.642147-03:00,4
2025-12-31T02:52:56.692208-03:00,4
2025-12-31T03:35:57.395842-03:00,3
2025-12-31T04:00:10.792927-03:00,1
2025-12-31T04:49:48.125812-03:00,2
2025-12-31T05:43:31.988781-03:00,3
2025-12-31T06:02:12.871695-03:00,2
2025-12-31T06:36:25.396537-03:00,18
2025-12-31T06:51:57.542943-03:00,3
2025-12-31T07:23:27.516984-03:00,3
2025-12-31T07:46:26.637566-03:00,1
2025-12-31T07:57:13.534893-03:00,2
2025-12-31T08:24:56.049840-03:00,3
2025-12-31T08:39:55.095287-03:00,3
2025-12-31T08:50:47.756854-03:00,2
2025-12-31T09:45:51.318132-03:00,1
2025-12-31T10:24:00.647310-03:00,4
2025-12-31T10:49:58.708108-03:00,2
2025-12-31T11:09:23.663280-03:00,2
2025-12-31T11:35:15.395075-03:00,4
2025-12-31T11:50:27.733948-03:00,8
2025-12-31T12:22:22.354110-03:00,5
2025-12-31T12:43:00.497963-03:00,7
2025-12-31T12:56:02.846242-03:00,9
2025-12-31T13:30:16.886131-03:00,8
2025-12-31T13:54:21.184746-03:00,12
2025-12-31T14:19:27.833611-03:00,11
2025-12-31T14:38:08.483645-03:00,13
2025-12-31T14:49:22.683847-03:00,13
2025-12-31T15:00:26.254341-03:00,15
2025-12-31T15:44:19.511603-03:00,16
2025-12-31T15:59:27.258173-03:00,19
2025-12-31T16:24:02.176316-03:00,20
2025-12-31T16:38:38.317589-03:00,18
2025-12-31T16:49:45.951471-03:00,18
2025-12-31T17:33:29.029879-03:00,17
2025-12-31T17:50:30.058955-03:00,17
2025-12-31T18:19:37.805238-03:00,20
2025-12-31T18:36:23.173384-03:00,21
2025-12-31T18:47:29.686708-03:00,18
2025-12-31T18:58:37.111776-03:00,21
2025-12-31T19:46:51.109863-03:00,16
2025-12-31T19:57:42.008240-03:00,11
2025-12-31T20:27:16.322812-03:00,12
2025-12-31T20:43:01.620133-03:00,16
2025-12-31T20:56:17.609881-03:00,8
2025-12-31T23:10:59.608439-03:00,11
2026-01-01T00:58:29.152365-03:00,6
2026-01-01T01:52:57.609533-03:00,5
2026-01-01T02:28:29.284408-03:00,5
2026-01-01T02:51:28.352086-03:00,2
2026-01-01T03:35:50.623263-03:00,4
2026-01-01T03:59:32.382120-03:00,6
2026-01-01T04:31:04.422139-03:00,4
2026-01-01T04:48:22.078001-03:00,5
2026-01-01T04:59:02.737776-03:00,5
2026-01-01T05:38:53.926430-03:00,2
2026-01-01T05:58:18.933344-03:00,3
2026-01-01T06:33:15.251070-03:00,2
2026-01-01T06:50:31.160834-03:00,2
2026-01-01T07:24:07.524594-03:00,3
2026-01-01T07:47:13.297389-03:00,2
2026-01-01T07:57:53.217745-03:00,2
2026-01-01T08:25:50.762153-03:00,1
2026-01-01T08:40:48.155813-03:00,1
2026-01-01T08:56:10.128551-03:00,1
2026-01-01T09:51:12.089536-03:00,1
2026-01-01T10:34:23.076598-03:00,4
2026-01-01T10:52:55.974639-03:00,1
2026-01-01T11:21:09.285665-03:00,5
2026-01-01T11:44:15.920475-03:00,4
2026-01-01T12:25:58.308687-03:00,9
2026-01-01T12:43:27.352468-03:00,11
2026-01-01T12:56:35.386328-03:00,10
2026-01-01T13:33:12.516659-03:00,14
2026-01-01T13:55:35.644793-03:00,17
2026-01-01T14:20:49.772573-03:00,14
2026-01-01T14:42:58.539670-03:00,20
2026-01-01T14:56:01.978048-03:00,15
2026-01-01T15:34:31.526516-03:00,24
2026-01-01T15:56:25.394161-03:00,23
2026-01-01T16:20:11.536424-03:00,18
2026-01-01T16:33:42.170887-03:00,22
2026-01-01T16:46:24.747018-03:00,18
2026-01-01T16:56:58.316655-03:00,14
2026-01-01T17:30:27.556389-03:00,17
2026-01-01T17:51:05.662430-03:00,16
2026-01-01T18:20:09.919808-03:00,19
2026-01-01T18:37:11.210577-03:00,15
2026-01-01T18:48:50.429576-03:00,15
2026-01-01T18:59:24.868911-03:00,11
2026-01-01T19:29:55.680745-03:00,10
2026-01-01T19:47:20.794974-03:00,13
2026-01-01T19:58:24.327441-03:00,17
2026-01-01T20:27:33.254808-03:00,13
2026-01-01T20:43:34.372984-03:00,13
2026-01-01T20:56:15.520479-03:00,12
2026-01-01T23:01:23.643435-03:00,11
2026-01-02T00:46:53.477181-03:00,5
2026-01-02T01:29:48.103961-03:00,6
2026-01-02T02:00:05.228209-03:00,5
2026-01-02T02:35:23.781310-03:00,5
2026-01-02T02:52:57.236160-03:00,5
2026-01-02T03:35:22.922592-03:00,4
2026-01-02T04:00:27.019248-03:00,3
2026-01-02T04:34:11.547885-03:00,3
2026-01-02T04:49:17.310367-03:00,4
2026-01-02T04:59:59.736355-03:00,5
2026-01-02T05:39:38.299881-03:00,4
2026-01-02T05:58:44.055597-03:00,4
2026-01-02T06:33:09.487758-03:00,4
2026-01-02T06:51:42.998570-03:00,3
2026-01-02T07:23:29.988383-03:00,4
2026-01-02T07:45:58.254306-03:00,5
2026-01-02T07:56:34.634988-03:00,5
2026-01-02T08:22:26.183763-03:00,4
2026-01-02T08:39:22.540559-03:00,4
2026-01-02T08:50:21.391616-03:00,4
2026-01-02T09:43:49.112994-03:00,2
2026-01-02T10:23:37.596215-03:00,4
2026-01-02T10:50:05.699522-03:00,4
2026-01-02T11:09:43.784222-03:00,4
2026-01-02T11:36:20.898317-03:00,4
2026-01-02T12:23:17.545198-03:00,9
2026-01-02T12:44:20.121412-03:00,13
2026-01-02T12:56:36.732261-03:00,14
2026-01-02T13:31:57.861230-03:00,15
2026-01-02T13:54:42.758132-03:00,15
2026-01-02T14:19:14.125567-03:00,10
2026-01-02T14:38:32.592002-03:00,15
2026-01-02T14:50:37.980337-03:00,15
2026-01-02T15:31:37.550177-03:00,14
2026-01-02T15:55:26.475119-03:00,15
2026-01-02T16:15:05.977640-03:00,18
2026-01-02T16:27:35.857841-03:00,14
2026-01-02T16:41:34.616097-03:00,14
2026-01-02T16:56:13.200617-03:00,22
2026-01-02T17:26:54.911344-03:00,21
2026-01-02T17:45:52.834929-03:00,15
2026-01-02T17:56:30.203701-03:00,16
2026-01-02T18:19:34.194548-03:00,15
2026-01-02T18:32:22.546414-03:00,16
2026-01-02T18:46:27.928276-03:00,15
2026-01-02T18:56:59.634284-03:00,15
2026-01-02T19:26:27.184622-03:00,13
2026-01-02T19:46:23.183141-03:00,14
2026-01-02T19:57:13.552725-03:00,10
2026-01-02T20:25:12.246633-03:00,15
2026-01-02T20:40:27.157928-03:00,13
2026-01-02T20:56:02.536164-03:00,11
2026-01-02T22:52:55.123184-03:00,12
2026-01-03T00:23:18.935753-03:00,7
2026-01-03T01:06:42.204540-03:00,8
2026-01-03T01:43:31.394598-03:00,7
2026-01-03T02:00:17.509807-03:00,6
2026-01-03T02:34:59.877328-03:00,4
2026-01-03T02:50:44.438861-03:00,4
2026-01-03T03:33:13.477900-03:00,6
2026-01-03T03:56:48.987398-03:00,6
2026-01-03T04:23:55.649032-03:00,5
2026-01-03T04:39:38.969095-03:00,5
2026-01-03T04:50:34.882587-03:00,5
2026-01-03T05:28:53.045102-03:00,4
2026-01-03T05:51:45.779505-03:00,4
2026-01-03T06:21:30.775239-03:00,5
2026-01-03T06:42:00.267271-03:00,5
2026-01-03T06:56:12.418449-03:00,3
2026-01-03T07:24:56.940995-03:00,4
2026-01-03T07:44:50.815463-03:00,4
2026-01-03T07:55:58.520722-03:00,4
2026-01-03T08:19:14.325205-03:00,4
2026-01-03T08:32:23.131152-03:00,5
2026-01-03T08:46:20.147985-03:00,6
2026-01-03T08:57:10.764724-03:00,7
2026-01-03T09:52:47.588671-03:00,8
2026-01-03T10:29:37.197409-03:00,10
2026-01-03T10:47:18.581568-03:00,10
2026-01-03T10:58:18.443396-03:00,11
2026-01-03T11:27:15.678624-03:00,9
2026-01-03T11:44:08.049401-03:00,13
2026-01-03T11:56:10.225380-03:00,10
2026-01-03T12:23:20.840525-03:00,13
2026-01-03T12:41:19.367880-03:00,15
2026-01-03T12:56:14.990920-03:00,10
2026-01-03T13:29:49.031025-03:00,10
2026-01-03T13:50:00.046005-03:00,12
2026-01-03T14:07:27.190403-03:00,14
2026-01-03T14:30:41.101764-03:00,15
2026-01-03T14:46:40.488445-03:00,15
2026-01-03T14:57:33.126471-03:00,12
2026-01-03T15:37:35.112581-03:00,15
2026-01-03T15:54:55.487888-03:00,14
2026-01-03T16:16:22.072667-03:00,14
2026-01-03T16:29:57.557934-03:00,13
2026-01-03T16:42:11.399176-03:00,14
2026-01-03T16:55:44.003281-03:00,14
2026-01-03T17:25:20.792043-03:00,14
2026-01-03T17:43:57.911179-03:00,15
2026-01-03T17:56:23.434921-03:00,15
2026-01-03T18:22:06.560389-03:00,14
2026-01-03T18:39:57.689888-03:00,12
2026-01-03T18:50:42.566470-03:00,12
2026-01-03T19:20:20.862633-03:00,13
2026-01-03T19:43:46.766945-03:00,9
2026-01-03T19:56:13.457664-03:00,11
2026-01-03T20:22:44.877031-03:00,12
2026-01-03T20:40:45.517639-03:00,13
2026-01-03T20:55:49.987316-03:00,12
2026-01-03T23:06:49.818616-03:00,9
2026-01-04T00:57:23.776699-03:00,8
2026-01-04T01:53:01.047773-03:00,6
2026-01-04T02:27:00.473906-03:00,6
2026-01-04T02:49:38.543547-03:00,5
2026-01-04T02:59:59.205152-03:00,5
2026-01-04T03:44:58.225246-03:00,5
2026-01-04T04:01:06.219902-03:00,5
2026-01-04T04:31:37.515368-03:00,6
2026-01-04T04:47:44.957440-03:00,7
2026-01-04T05:38:07.362932-03:00,7
2026-01-04T05:54:54.263867-03:00,7
2026-01-04T06:20:37.490207-03:00,6
2026-01-04T06:40:55.670912-03:00,6
2026-01-04T06:56:10.719924-03:00,7
2026-01-04T07:24:22.946838-03:00,9
2026-01-04T07:44:18.921534-03:00,8
2026-01-04T08:19:30.250510-03:00,7
2026-01-04T08:32:26.959702-03:00,6
2026-01-04T08:46:01.093244-03:00,5
2026-01-04T08:56:38.364189-03:00,8
2026-01-04T09:50:52.301992-03:00,9
2026-01-04T10:30:19.508575-03:00,10
2026-01-04T10:49:50.068919-03:00,12
2026-01-04T11:01:03.087985-03:00,10
2026-01-04T11:30:52.955804-03:00,12
2026-01-04T11:47:36.055565-03:00,12
2026-01-04T11:58:16.782107-03:00,11
2026-01-04T12:27:13.622240-03:00,11
2026-01-04T12:42:42.849880-03:00,16
2026-01-04T12:56:18.529729-03:00,11
2026-01-04T13:29:38.086903-03:00,11
2026-01-04T13:50:18.881791-03:00,14
2026-01-04T14:18:35.530222-03:00,15
2026-01-04T14:38:04.929079-03:00,13
2026-01-04T14:49:32.136057-03:00,13
2026-01-04T15:00:03.124847-03:00,13
2026-01-04T15:39:54.288307-03:00,12
2026-01-04T15:56:17.229863-03:00,14
2026-01-04T16:19:16.111819-03:00,16
2026-01-04T16:31:20.834010-03:00,11
2026-01-04T16:45:51.374489-03:00,17
2026-01-04T16:56:28.108042-03:00,15
2026-01-04T17:28:05.884366-03:00,13
2026-01-04T17:46:09.202464-03:00,16
2026-01-04T17:57:10.801559-03:00,14
2026-01-04T18:40:22.029173-03:00,13
2026-01-04T18:56:11.481634-03:00,12
2026-01-04T19:23:46.096269-03:00,14
2026-01-04T19:44:12.513284-03:00,14
2026-01-04T19:55:59.429898-03:00,14
2026-01-04T20:22:38.187394-03:00,13
2026-01-04T20:41:20.626716-03:00,11
2026-01-04T20:55:59.484685-03:00,12
2026-01-04T23:06:49.557916-03:00,10
2026-01-05T01:02:23.364703-03:00,4
2026-01-05T02:03:22.026031-03:00,2
2026-01-05T02:48:59.151138-03:00,3
2026-01-05T03:19:50.088752-03:00,5
2026-01-05T03:59:46.887671-03:00,6
2026-01-05T04:36:19.782858-03:00,8
2026-01-05T04:53:17.665152-03:00,5
2026-01-05T05:35:34.199602-03:00,4
2026-01-05T06:00:28.137540-03:00,4
2026-01-05T06:45:55.286546-03:00,9
2026-01-05T07:00:18.828609-03:00,7
2026-01-05T07:43:11.713697-03:00,6
2026-01-05T07:59:36.743698-03:00,3
2026-01-05T08:28:36.498821-03:00,4
2026-01-05T08:44:38.473070-03:00,4
2026-01-05T08:56:18.884276-03:00,5
2026-01-05T09:55:43.842157-03:00,4
2026-01-05T10:42:19.632578-03:00,4
2026-01-05T11:01:50.726339-03:00,8
2026-01-05T11:40:25.258057-03:00,7
2026-01-05T12:00:28.514785-03:00,5
2026-01-05T12:36:20.009533-03:00,7
2026-01-05T12:53:37.777525-03:00,11
2026-01-05T13:28:45.587687-03:00,8
2026-01-05T13:53:54.559387-03:00,9
2026-01-05T14:24:16.465231-03:00,10
2026-01-05T14:46:54.443510-03:00,13
2026-01-05T14:57:59.293761-03:00,7
2026-01-05T15:44:34.336567-03:00,7
2026-01-05T16:02:32.020289-03:00,9
2026-01-05T16:29:30.846151-03:00,6
2026-01-05T16:44:02.956969-03:00,9
2026-01-05T16:56:12.469295-03:00,10
2026-01-05T17:30:05.004137-03:00,11
2026-01-05T17:49:40.224108-03:00,13
2026-01-05T18:00:25.978332-03:00,13
2026-01-05T18:32:09.285776-03:00,11
2026-01-05T18:49:42.190426-03:00,12
2026-01-05T19:00:32.304557-03:00,11
2026-01-05T19:35:07.195122-03:00,11
2026-01-05T19:51:58.300051-03:00,11
2026-01-05T20:21:31.445332-03:00,13
2026-01-05T20:42:17.444780-03:00,11
2026-01-05T20:56:18.383910-03:00,10
2026-01-05T23:01:50.549307-03:00,9
2026-01-06T00:45:13.546763-03:00,6
2026-01-06T01:28:07.726617-03:00,5
2026-01-06T01:59:12.494605-03:00,7
2026-01-06T02:34:42.947611-03:00,8
2026-01-06T02:52:52.312848-03:00,9
2026-01-06T03:36:31.775900-03:00,7
2026-01-06T04:02:09.879541-03:00,7
2026-01-06T04:36:19.375315-03:00,6
2026-01-06T04:51:15.478179-03:00,6
2026-01-06T05:33:05.704967-03:00,7
2026-01-06T05:59:04.763112-03:00,9
2026-01-06T06:35:44.239690-03:00,7
2026-01-06T06:53:13.301893-03:00,4
2026-01-06T07:25:17.502074-03:00,3
2026-01-06T07:50:07.074317-03:00,2
2026-01-06T08:09:08.122313-03:00,3
2026-01-06T08:30:31.153468-03:00,6
2026-01-06T08:47:36.182190-03:00,5
2026-01-06T08:58:07.678887-03:00,5
2026-01-06T10:01:18.926853-03:00,8
2026-01-06T10:47:38.436974-03:00,5
2026-01-06T11:00:49.062797-03:00,1
2026-01-06T11:37:32.508874-03:00,3
2026-01-06T11:56:07.647115-03:00,3
2026-01-06T12:27:26.347388-03:00,7
2026-01-06T12:47:58.604264-03:00,6
2026-01-06T12:59:42.679049-03:00,6
2026-01-06T13:40:42.117379-03:00,6
2026-01-06T14:11:41.474812-03:00,9
2026-01-06T14:42:28.522336-03:00,13
2026-01-06T14:57:54.145545-03:00,9
2026-01-06T15:59:46.649138-03:00,11
2026-01-06T16:25:11.319441-03:00,11
2026-01-06T16:40:08.954930-03:00,12
2026-01-06T17:25:54.675996-03:00,9
2026-01-06T17:46:12.438214-03:00,11
2026-01-06T17:57:10.773554-03:00,14
2026-01-06T18:27:18.608288-03:00,15
2026-01-06T18:44:49.057528-03:00,11
2026-01-06T18:55:51.898950-03:00,11
2026-01-06T19:24:40.677407-03:00,17
2026-01-06T19:46:57.119402-03:00,13
2026-01-06T19:57:29.208447-03:00,14
2026-01-06T20:27:43.551843-03:00,12
2026-01-06T20:42:55.679670-03:00,14
2026-01-06T20:55:59.468493-03:00,12
2026-01-06T22:57:46.510376-03:00,6
2026-01-07T00:43:45.979313-03:00,8
2026-01-07T01:28:41.627637-03:00,4
2026-01-07T02:00:10.343854-03:00,6
2026-01-07T02:35:25.144719-03:00,17
2026-01-07T02:52:44.455308-03:00,5
2026-01-07T03:36:11.377267-03:00,1
2026-01-07T04:00:41.245413-03:00,1
2026-01-07T04:35:44.230353-03:00,17
2026-01-07T04:51:13.487979-03:00,1
2026-01-07T05:32:50.027046-03:00,2
2026-01-07T05:59:50.401363-03:00,2
2026-01-07T06:37:20.162169-03:00,2
2026-01-07T06:54:39.871312-03:00,1
2026-01-07T07:26:35.091926-03:00,2
2026-01-07T07:50:18.939340-03:00,1
2026-01-07T08:21:34.938724-03:00,1
2026-01-07T08:41:55.528279-03:00,2
2026-01-07T08:56:16.999097-03:00,2
2026-01-07T09:54:31.454314-03:00,2
2026-01-07T10:40:11.472209-03:00,2
2026-01-07T11:00:17.611548-03:00,2
2026-01-07T11:38:11.950594-03:00,5
2026-01-07T11:57:04.225636-03:00,4
2026-01-07T12:32:18.198896-03:00,7
2026-01-07T12:54:12.269862-03:00,5
2026-01-07T13:32:40.575510-03:00,10
2026-01-07T14:00:12.770060-03:00,10
2026-01-07T14:35:27.476108-03:00,12
2026-01-07T14:54:01.994784-03:00,10
2026-01-07T15:35:23.951025-03:00,12
2026-01-07T15:59:47.342491-03:00,17
2026-01-07T16:27:45.580877-03:00,16
2026-01-07T16:43:45.460305-03:00,21
2026-01-07T16:55:59.378579-03:00,16
2026-01-07T17:29:14.915158-03:00,18
2026-01-07T17:51:15.876472-03:00,20
2026-01-07T18:21:22.429687-03:00,19
2026-01-07T18:42:50.128176-03:00,23
2026-01-07T18:55:50.948681-03:00,18
2026-01-07T19:24:07.843808-03:00,17
2026-01-07T19:45:55.267788-03:00,15
2026-01-07T19:57:15.418887-03:00,15
2026-01-07T20:27:29.255764-03:00,17
2026-01-07T20:43:49.070309-03:00,13
2026-01-07T22:57:40.710423-03:00,11
2026-01-08T00:43:46.646383-03:00,9
2026-01-08T01:27:32.212807-03:00,11
2026-01-08T01:58:34.333340-03:00,6
2026-01-08T02:34:18.478724-03:00,6
2026-01-08T02:53:11.780058-03:00,5
2026-01-08T03:36:18.400371-03:00,5
2026-01-08T04:00:14.461539-03:00,4
2026-01-08T04:34:37.177525-03:00,7
2026-01-08T04:50:23.854381-03:00,6
2026-01-08T05:32:38.482236-03:00,4
2026-01-08T05:59:35.654412-03:00,4
2026-01-08T06:37:18.232572-03:00,3
2026-01-08T06:55:23.773358-03:00,6
2026-01-08T07:26:50.547608-03:00,5
2026-01-08T07:51:36.993606-03:00,6
2026-01-08T08:22:10.663580-03:00,7
2026-01-08T08:42:28.591207-03:00,4
2026-01-08T08:55:48.437330-03:00,8
2026-01-08T09:52:35.135418-03:00,6
2026-01-08T11:02:19.453316-03:00,6
2026-01-08T11:41:01.658335-03:00,5
2026-01-08T12:01:19.440812-03:00,3
2026-01-08T12:38:05.439665-03:00,8
2026-01-08T12:56:54.096772-03:00,7
2026-01-08T13:37:38.040366-03:00,6
2026-01-08T14:02:05.214911-03:00,7
2026-01-08T14:40:38.728805-03:00,11
2026-01-08T14:58:51.890530-03:00,9
2026-01-08T15:40:24.859332-03:00,10
2026-01-08T16:01:27.991368-03:00,6
2026-01-08T16:29:31.080311-03:00,16
2026-01-08T16:43:50.571491-03:00,16
2026-01-08T16:56:05.853152-03:00,16
2026-01-08T17:29:41.027050-03:00,9
2026-01-08T17:49:43.997634-03:00,11
2026-01-08T18:00:12.274707-03:00,11
2026-01-08T18:31:18.113175-03:00,11
2026-01-08T18:49:55.204169-03:00,10
2026-01-08T19:01:20.528638-03:00,11
2026-01-08T19:35:33.969646-03:00,10
2026-01-08T19:52:09.571081-03:00,9
2026-01-08T20:19:26.045310-03:00,16
2026-01-08T20:35:15.001537-03:00,10
2026-01-08T20:47:43.134977-03:00,11
2026-01-08T20:58:30.078746-03:00,10
2026-01-08T23:23:36.904764-03:00,2
2026-01-09T00:50:21.070042-03:00,1
2026-01-09T01:41:10.345759-03:00,1
2026-01-09T02:13:10.389670-03:00,3
2026-01-09T02:44:46.342468-03:00,6
2026-01-09T02:57:42.189912-03:00,5
2026-01-09T03:46:50.642699-03:00,6
2026-01-09T04:14:12.266707-03:00,4
2026-01-09T04:41:00.428684-03:00,2
2026-01-09T04:55:57.724247-03:00,16
2026-01-09T05:35:18.899532-03:00,3
2026-01-09T05:59:11.042872-03:00,1
2026-01-09T06:37:00.498388-03:00,2
2026-01-09T06:55:39.360787-03:00,16
2026-01-09T07:26:44.411530-03:00,3
2026-01-09T07:50:01.282276-03:00,3
2026-01-09T08:09:38.334170-03:00,2
2026-01-09T08:31:43.579245-03:00,16
2026-01-09T08:47:58.522002-03:00,1
2026-01-09T08:58:45.061436-03:00,2
2026-01-09T10:47:59.990806-03:00,4
2026-01-09T11:01:08.517173-03:00,4
2026-01-09T11:38:12.366103-03:00,1
2026-01-09T11:56:11.824816-03:00,4
2026-01-09T12:28:39.890295-03:00,4
2026-01-09T12:49:14.755630-03:00,7
2026-01-09T13:00:19.805716-03:00,8
2026-01-09T13:44:23.206417-03:00,8
2026-01-09T14:11:19.636125-03:00,4
2026-01-09T14:41:47.093875-03:00,8
2026-01-09T14:57:07.146173-03:00,11
2026-01-09T15:41:10.127199-03:00,17
2026-01-09T16:01:53.379846-03:00,13
2026-01-09T16:29:11.974289-03:00,19
2026-01-09T16:43:28.215953-03:00,16
2026-01-09T16:56:16.325038-03:00,11
2026-01-09T17:29:20.161224-03:00,13
2026-01-09T17:48:31.202567-03:00,15
2026-01-09T17:59:11.385402-03:00,13
2026-01-09T18:29:35.191114-03:00,21
2026-01-09T18:45:15.573131-03:00,20
2026-01-09T18:55:45.158577-03:00,21
2026-01-09T19:23:56.799508-03:00,15
2026-01-09T19:45:38.295311-03:00,19
2026-01-09T19:56:32.317799-03:00,14
2026-01-09T20:25:04.721803-03:00,13
2026-01-09T20:42:00.276469-03:00,21
2026-01-09T20:56:04.375668-03:00,13
2026-01-09T22:56:06.077287-03:00,7
2026-01-10T00:27:16.945748-03:00,8
2026-01-10T01:09:01.988528-03:00,6
2026-01-10T01:46:52.295286-03:00,6
2026-01-10T02:01:04.874695-03:00,7
2026-01-10T02:34:28.624232-03:00,7
2026-01-10T02:49:44.228520-03:00,6
2026-01-10T03:00:17.195918-03:00,5
2026-01-10T03:45:44.825733-03:00,5
2026-01-10T03:59:57.506611-03:00,4
2026-01-10T04:27:20.985735-03:00,3
2026-01-10T04:41:23.336144-03:00,3
2026-01-10T04:55:58.714757-03:00,5
2026-01-10T05:30:45.449114-03:00,2
2026-01-10T05:54:01.143553-03:00,4
2026-01-10T06:21:57.604128-03:00,5
2026-01-10T06:42:03.186783-03:00,1
2026-01-10T06:56:02.836461-03:00,21
2026-01-10T07:24:25.781100-03:00,3
2026-01-10T07:56:21.720766-03:00,2
2026-01-10T08:20:29.822995-03:00,1
2026-01-10T08:39:03.454740-03:00,1
2026-01-10T08:49:59.230046-03:00,1
2026-01-10T09:15:44.072420-03:00,2
2026-01-10T10:01:58.539352-03:00,3
2026-01-10T10:37:52.446217-03:00,2
2026-01-10T10:51:16.016661-03:00,3
2026-01-10T11:19:57.199177-03:00,2
2026-01-10T11:39:36.446188-03:00,3
2026-01-10T11:51:51.931910-03:00,3
2026-01-10T12:20:43.002416-03:00,3
2026-01-10T12:41:08.440105-03:00,1
2026-01-10T12:56:10.193046-03:00,6
2026-01-10T13:29:33.114986-03:00,8
2026-01-10T13:50:11.010173-03:00,10
2026-01-10T14:08:09.482566-03:00,9
2026-01-10T14:31:19.696455-03:00,9
2026-01-10T14:47:00.056871-03:00,12
2026-01-10T14:57:30.943974-03:00,13
2026-01-10T15:38:17.520680-03:00,17
2026-01-10T15:55:51.871889-03:00,11
2026-01-10T16:18:01.771170-03:00,20
2026-01-10T16:31:04.758264-03:00,18
2026-01-10T16:46:06.384764-03:00,18
2026-01-10T16:56:39.082944-03:00,17
2026-01-10T17:27:29.174044-03:00,18
2026-01-10T17:44:39.425828-03:00,17
2026-01-10T17:55:56.805768-03:00,21
2026-01-10T18:21:01.318923-03:00,16
2026-01-10T18:39:50.008433-03:00,25
2026-01-10T18:50:50.303035-03:00,25
2026-01-10T19:20:45.891229-03:00,27
2026-01-10T19:43:40.691500-03:00,20
2026-01-10T19:55:57.691200-03:00,14
2026-01-10T20:41:08.441552-03:00,13
2026-01-10T20:55:50.724979-03:00,13
2026-01-10T23:06:59.383450-03:00,13
2026-01-11T00:56:37.540537-03:00,6
2026-01-11T01:51:19.585464-03:00,5
2026-01-11T02:26:24.777459-03:00,6
2026-01-11T02:48:44.213935-03:00,6
2026-01-11T02:59:39.123318-03:00,8
2026-01-11T03:45:19.905543-03:00,7
2026-01-11T04:30:55.595051-03:00,3
2026-01-11T04:47:17.921142-03:00,1
2026-01-11T04:58:19.311450-03:00,26
2026-01-11T05:36:44.968139-03:00,3
2026-01-11T05:54:32.581222-03:00,3
2026-01-11T06:22:15.441746-03:00,26
2026-01-11T06:42:50.049101-03:00,2
2026-01-11T06:56:01.767484-03:00,1
2026-01-11T07:24:49.205143-03:00,1
2026-01-11T07:45:15.261790-03:00,1
2026-01-11T07:56:17.778977-03:00,2
2026-01-11T08:20:21.723265-03:00,26
2026-01-11T08:39:20.774894-03:00,2
2026-01-11T08:50:14.892764-03:00,1
2026-01-11T09:43:02.912958-03:00,4
2026-01-11T10:21:07.954528-03:00,3
2026-01-11T10:47:15.056132-03:00,2
2026-01-11T10:57:52.574050-03:00,8
2026-01-11T11:27:01.597855-03:00,5
2026-01-11T11:45:05.213989-03:00,3
2026-01-11T11:56:11.518725-03:00,4
2026-01-11T12:24:03.707453-03:00,6
2026-01-11T12:41:41.700943-03:00,9
2026-01-11T12:56:04.880644-03:00,13
2026-01-11T13:28:55.054473-03:00,12
2026-01-11T14:08:01.320740-03:00,8
2026-01-11T14:31:05.902615-03:00,11
2026-01-11T14:47:31.686959-03:00,12
2026-01-11T14:58:23.256376-03:00,13
2026-01-11T15:39:21.664708-03:00,15
2026-01-11T15:56:03.169429-03:00,17
2026-01-11T16:18:36.153091-03:00,18
2026-01-11T16:30:52.301617-03:00,17
2026-01-11T16:46:01.892284-03:00,15
2026-01-11T16:56:44.534056-03:00,19
2026-01-11T17:28:38.530526-03:00,17
2026-01-11T17:57:06.978535-03:00,18
2026-01-11T18:23:56.500983-03:00,14
2026-01-11T18:39:58.548732-03:00,17
2026-01-11T18:51:07.322758-03:00,17
2026-01-11T19:20:51.594778-03:00,20
2026-01-11T19:44:01.170824-03:00,14
2026-01-11T19:56:26.980064-03:00,9
2026-01-11T20:23:17.880988-03:00,12
2026-01-11T20:41:11.395074-03:00,11
2026-01-11T20:56:11.043137-03:00,12
2026-01-11T23:06:12.693293-03:00,14
2026-01-12T00:56:24.686540-03:00,8
2026-01-12T01:53:39.329707-03:00,7
2026-01-12T02:30:57.665150-03:00,8
2026-01-12T02:56:18.158073-03:00,6
2026-01-12T03:42:32.513858-03:00,4
2026-01-12T04:16:25.177136-03:00,17
2026-01-12T04:42:58.029237-03:00,3
2026-01-12T05:41:12.805437-03:00,1
2026-01-12T06:17:46.116680-03:00,6
2026-01-12T06:49:29.066679-03:00,4
2026-01-12T07:12:45.412042-03:00,2
2026-01-12T07:46:14.090381-03:00,1
2026-01-12T08:00:02.349866-03:00,6
2026-01-12T08:29:32.812114-03:00,3
2026-01-12T08:45:23.450258-03:00,2
2026-01-12T08:56:28.984912-03:00,3
2026-01-12T09:57:23.878397-03:00,2
2026-01-12T10:47:29.370172-03:00,6
2026-01-12T11:13:04.045629-03:00,1
2026-01-12T11:48:30.865494-03:00,4
2026-01-12T12:13:07.497312-03:00,9
2026-01-12T12:45:02.557778-03:00,7
2026-01-12T13:00:48.921506-03:00,11
2026-01-12T13:42:55.611255-03:00,17
2026-01-12T14:12:14.451672-03:00,19
2026-01-12T14:41:10.745107-03:00,18
2026-01-12T14:56:18.317833-03:00,17
2026-01-12T15:38:40.180063-03:00,20
2026-01-12T16:01:27.087694-03:00,20
2026-01-12T16:29:38.119615-03:00,19
2026-01-12T16:44:27.462167-03:00,18
2026-01-12T16:56:13.392685-03:00,19
2026-01-12T17:29:18.916721-03:00,19
2026-01-12T17:49:33.308637-03:00,18
2026-01-12T18:00:12.690266-03:00,14
2026-01-12T18:30:50.418897-03:00,16
2026-01-12T18:49:32.568050-03:00,16
2026-01-12T19:00:08.840049-03:00,16
2026-01-12T19:28:50.195740-03:00,14
2026-01-12T19:46:41.388564-03:00,14
2026-01-12T19:57:12.984833-03:00,14
2026-01-12T20:22:20.058624-03:00,14
2026-01-12T20:39:46.060143-03:00,12
2026-01-12T20:50:39.140931-03:00,12
2026-01-12T22:47:49.711349-03:00,8
2026-01-13T00:19:28.634267-03:00,8
2026-01-13T01:12:24.608804-03:00,7
2026-01-13T01:55:01.343904-03:00,8
2026-01-13T02:26:41.760883-03:00,4
2026-01-13T02:49:23.107127-03:00,3
2026-01-13T03:00:17.596998-03:00,3
2026-01-13T03:50:18.398583-03:00,4
2026-01-13T04:25:56.593790-03:00,4
2026-01-13T04:45:37.548764-03:00,2
2026-01-13T04:56:10.355481-03:00,3
2026-01-13T05:35:59.818715-03:00,18
2026-01-13T06:00:41.170697-03:00,4
2026-01-13T06:39:29.676463-03:00,4
2026-01-13T06:56:34.064051-03:00,1
2026-01-13T07:29:57.187862-03:00,2
2026-01-13T07:52:51.621973-03:00,18
2026-01-13T08:21:16.019017-03:00,1
2026-01-13T08:42:50.140184-03:00,2
2026-01-13T08:56:17.307192-03:00,4
2026-01-13T09:56:17.996699-03:00,2
2026-01-13T10:44:27.889105-03:00,3
2026-01-13T11:02:46.929517-03:00,4
2026-01-13T11:41:22.055078-03:00,5
2026-01-13T12:01:39.801010-03:00,9
2026-01-13T12:38:57.608919-03:00,13
2026-01-13T12:57:51.255350-03:00,5
2026-01-13T13:41:56.647066-03:00,13
2026-01-13T14:14:35.120745-03:00,17
2026-01-13T14:59:41.334907-03:00,17
2026-01-13T15:44:46.251315-03:00,10
2026-01-13T16:02:18.307650-03:00,12
2026-01-13T16:29:41.562338-03:00,9
2026-01-13T16:42:21.826340-03:00,13
2026-01-13T16:55:46.109597-03:00,18
2026-01-13T17:28:52.347714-03:00,17
2026-01-13T17:49:53.995884-03:00,16
2026-01-13T18:01:01.302730-03:00,16
2026-01-13T18:32:56.046400-03:00,16
2026-01-13T18:50:38.018350-03:00,13
2026-01-13T19:23:44.500847-03:00,15
2026-01-13T19:47:26.599720-03:00,10
2026-01-13T19:58:23.233005-03:00,15
2026-01-13T20:26:56.292714-03:00,11
2026-01-13T20:42:50.822854-03:00,11
2026-01-13T20:56:11.379159-03:00,12
2026-01-13T23:05:26.966733-03:00,5
2026-01-14T00:53:51.308818-03:00,7
2026-01-14T01:48:03.486228-03:00,6
2026-01-14T02:13:38.135521-03:00,6
2026-01-14T02:43:43.478659-03:00,2
2026-01-14T02:58:24.612099-03:00,4
2026-01-14T03:48:57.370776-03:00,1
2026-01-14T04:13:47.790219-03:00,20
2026-01-14T04:41:32.324884-03:00,4
2026-01-14T04:56:10.731370-03:00,2
2026-01-14T05:36:09.825240-03:00,1
2026-01-14T06:00:37.006422-03:00,5
2026-01-14T06:41:08.165468-03:00,3
2026-01-14T06:59:29.801402-03:00,3
2026-01-14T07:36:49.585779-03:00,2
2026-01-14T07:56:49.174091-03:00,1
2026-01-14T08:26:54.051864-03:00,4
2026-01-14T08:44:48.204007-03:00,4
2026-01-14T08:55:53.999564-03:00,3
2026-01-14T09:54:19.004617-03:00,8
2026-01-14T10:41:06.860882-03:00,6
2026-01-14T11:02:32.753304-03:00,10
2026-01-14T11:41:02.037001-03:00,11
2026-01-14T12:01:59.461989-03:00,9
2026-01-14T12:39:22.839149-03:00,13
2026-01-14T12:55:48.562139-03:00,14
2026-01-14T13:34:19.315080-03:00,14
2026-01-14T14:00:52.168931-03:00,13
2026-01-14T14:40:47.394488-03:00,18
2026-01-14T14:59:08.310995-03:00,22
2026-01-14T15:47:11.669677-03:00,17
2026-01-14T16:02:28.510933-03:00,20
2026-01-14T16:29:42.653951-03:00,17
2026-01-14T16:43:59.031529-03:00,19
2026-01-14T16:55:56.672765-03:00,17
2026-01-14T17:25:28.435380-03:00,17
2026-01-14T17:45:21.112129-03:00,18
2026-01-14T17:57:44.713445-03:00,12
2026-01-14T18:30:00.237564-03:00,13
2026-01-14T18:47:53.607182-03:00,18
2026-01-14T18:59:04.224987-03:00,14
2026-01-14T19:32:15.455566-03:00,15
2026-01-14T19:52:50.296692-03:00,14
2026-01-14T20:19:05.755122-03:00,14
2026-01-14T20:33:04.481998-03:00,13
2026-01-14T20:47:44.938253-03:00,13
2026-01-14T20:58:40.126573-03:00,14
2026-01-14T23:22:59.448418-03:00,9
2026-01-15T00:52:53.396994-03:00,6
2026-01-15T01:41:38.579575-03:00,7
2026-01-15T02:14:51.980749-03:00,7
2026-01-15T02:44:42.234427-03:00,6
2026-01-15T02:57:37.036128-03:00,6
2026-01-15T03:46:04.134184-03:00,5
2026-01-15T04:13:50.143519-03:00,6
2026-01-15T04:40:42.102095-03:00,4
2026-01-15T04:56:11.215000-03:00,4
2026-01-15T05:36:11.986404-03:00,6
2026-01-15T05:59:31.358834-03:00,4
2026-01-15T06:36:44.838838-03:00,4
2026-01-15T06:54:48.464243-03:00,3
2026-01-15T07:26:59.544703-03:00,4
2026-01-15T07:51:14.209176-03:00,3
2026-01-15T08:21:13.054839-03:00,3
2026-01-15T08:42:43.306576-03:00,3
2026-01-15T08:55:58.920847-03:00,3
2026-01-15T09:53:10.223777-03:00,3
2026-01-15T10:40:43.341715-03:00,8
2026-01-15T11:02:02.250410-03:00,5
2026-01-15T11:38:20.414472-03:00,7
2026-01-15T11:57:20.723878-03:00,4
2026-01-15T12:33:35.318693-03:00,9
2026-01-15T12:59:49.648936-03:00,6
2026-01-15T13:47:55.345688-03:00,9
2026-01-15T14:21:11.307442-03:00,9
2026-01-15T14:57:41.112902-03:00,11
2026-01-15T15:48:57.511853-03:00,6
2026-01-15T16:15:05.134608-03:00,15
2026-01-15T16:40:39.675146-03:00,10
2026-01-15T16:57:26.384710-03:00,18
2026-01-15T17:34:16.174003-03:00,17
2026-01-15T17:53:52.424786-03:00,8
2026-01-15T18:23:08.844120-03:00,17
2026-01-15T18:43:40.504246-03:00,15
2026-01-15T18:56:14.654606-03:00,17
2026-01-15T19:26:09.982222-03:00,16
2026-01-15T19:47:34.819850-03:00,16
2026-01-15T19:58:24.154757-03:00,17
2026-01-15T20:29:16.976207-03:00,13
2026-01-15T20:45:01.521391-03:00,10
2026-01-15T20:56:09.033472-03:00,15
2026-01-15T23:01:39.246355-03:00,5
2026-01-16T00:46:02.133980-03:00,6
2026-01-16T01:28:29.251007-03:00,5
2026-01-16T01:58:41.619189-03:00,5
2026-01-16T02:34:36.473892-03:00,1
2026-01-16T02:52:42.985956-03:00,3
2026-01-16T03:36:20.948015-03:00,3
2026-01-16T04:00:25.574871-03:00,3
2026-01-16T04:34:50.654840-03:00,4
2026-01-16T04:50:24.040926-03:00,4
2026-01-16T05:32:18.388847-03:00,2
2026-01-16T05:58:07.339500-03:00,5
2026-01-16T06:53:01.667122-03:00,1
2026-01-16T07:26:14.657399-03:00,1
2026-01-16T07:50:06.618062-03:00,1
2026-01-16T08:09:55.239878-03:00,1
2026-01-16T08:31:58.280791-03:00,1
2026-01-16T08:49:02.025369-03:00,16
2026-01-16T08:59:33.631361-03:00,2
2026-01-16T10:47:47.136004-03:00,2
2026-01-16T11:01:28.005803-03:00,5
2026-01-16T11:38:06.795858-03:00,4
2026-01-16T11:56:50.495301-03:00,6
2026-01-16T12:30:06.049112-03:00,4
2026-01-16T12:49:30.704101-03:00,9
2026-01-16T13:00:52.119647-03:00,8
2026-01-16T13:45:23.786220-03:00,12
2026-01-16T14:12:45.598329-03:00,11
2026-01-16T14:43:10.001149-03:00,11
2026-01-16T15:42:32.689578-03:00,18
2026-01-16T16:02:16.144729-03:00,13
2026-01-16T16:27:28.215075-03:00,16
2026-01-16T16:40:45.388084-03:00,17
2026-01-16T16:55:59.245679-03:00,15
2026-01-16T17:25:40.527275-03:00,10
2026-01-16T17:44:09.736917-03:00,14
2026-01-16T17:56:17.831597-03:00,13
2026-01-16T18:25:59.997907-03:00,19
2026-01-16T18:43:35.154532-03:00,15
2026-01-16T18:55:46.386779-03:00,17
2026-01-16T19:23:46.287016-03:00,13
2026-01-16T19:46:14.303213-03:00,17
2026-01-16T19:56:41.149698-03:00,14
2026-01-16T20:25:34.709100-03:00,14
2026-01-16T20:42:41.204978-03:00,12
2026-01-16T20:56:20.804780-03:00,15
2026-01-16T22:57:59.125831-03:00,8
2026-01-17T00:36:26.230518-03:00,6
2026-01-17T01:17:18.993042-03:00,6
2026-01-17T01:47:38.246157-03:00,4
2026-01-17T02:01:12.915564-03:00,6
2026-01-17T02:33:44.270511-03:00,2
2026-01-17T02:49:32.692438-03:00,2
2026-01-17T03:00:32.414185-03:00,4
2026-01-17T03:45:40.761913-03:00,3
2026-01-17T03:59:55.396479-03:00,3
2026-01-17T04:27:38.857676-03:00,2
2026-01-17T04:41:49.330962-03:00,1
2026-01-17T04:56:07.820575-03:00,4
2026-01-17T05:30:39.812459-03:00,2
2026-01-17T05:53:26.576979-03:00,3
2026-01-17T06:21:43.504872-03:00,2
2026-01-17T06:41:33.788417-03:00,2
2026-01-17T06:55:56.467848-03:00,2
2026-01-17T07:24:15.378476-03:00,1
2026-01-17T07:44:36.311065-03:00,1
2026-01-17T07:55:52.331965-03:00,18
2026-01-17T08:19:16.845958-03:00,18
2026-01-17T08:32:36.555944-03:00,2
2026-01-17T08:46:09.351918-03:00,7
2026-01-17T08:57:03.827477-03:00,2
2026-01-17T09:51:52.586542-03:00,2
2026-01-17T10:29:18.170204-03:00,4
2026-01-17T10:47:05.645314-03:00,2
2026-01-17T10:57:39.475855-03:00,3
2026-01-17T11:26:29.285824-03:00,6
2026-01-17T11:43:43.663251-03:00,4
2026-01-17T11:56:08.939827-03:00,1
2026-01-17T12:23:17.480159-03:00,2
2026-01-17T12:41:38.975236-03:00,3
2026-01-17T13:27:53.996729-03:00,6
2026-01-17T13:47:38.474263-03:00,5
2026-01-17T13:58:40.859866-03:00,6
2026-01-17T14:25:05.326095-03:00,8
2026-01-17T14:40:42.954636-03:00,10
2026-01-17T14:55:49.761478-03:00,11
2026-01-17T15:32:21.153476-03:00,17
2026-01-17T15:54:25.582680-03:00,14
2026-01-17T16:16:24.770817-03:00,14
2026-01-17T16:29:29.280087-03:00,18
2026-01-17T16:41:56.903465-03:00,10
2026-01-17T16:56:11.581839-03:00,14
2026-01-17T17:26:34.097710-03:00,20
2026-01-17T17:44:18.828452-03:00,21
2026-01-17T17:56:03.432945-03:00,17
2026-01-17T18:21:22.056577-03:00,15
2026-01-17T18:40:01.909083-03:00,14
2026-01-17T18:50:55.195676-03:00,14
2026-01-17T19:20:46.002478-03:00,18
2026-01-17T19:43:37.945832-03:00,13
2026-01-17T19:55:42.591227-03:00,14
2026-01-17T20:21:48.938173-03:00,11
2026-01-17T20:40:48.639816-03:00,11
2026-01-17T20:55:57.672179-03:00,11
2026-01-17T23:06:39.974524-03:00,6
2026-01-18T00:52:28.553679-03:00,11
2026-01-18T01:42:34.328731-03:00,8
2026-01-18T02:11:59.752251-03:00,7
2026-01-18T02:41:53.098028-03:00,7
2026-01-18T02:56:13.578046-03:00,7
2026-01-18T03:36:46.289426-03:00,7
2026-01-18T03:57:23.848491-03:00,9
2026-01-18T04:26:16.580595-03:00,7
2026-01-18T04:41:26.669484-03:00,6
2026-01-18T04:56:05.566953-03:00,1
2026-01-18T05:31:05.373720-03:00,2
2026-01-18T05:53:29.088450-03:00,3
2026-01-18T06:22:15.180824-03:00,3
2026-01-18T06:42:25.856522-03:00,1
2026-01-18T06:55:52.481155-03:00,1
2026-01-18T07:25:03.932246-03:00,1
2026-01-18T07:45:01.471944-03:00,1
2026-01-18T07:56:10.317418-03:00,3
2026-01-18T08:32:06.152530-03:00,2
2026-01-18T08:45:46.556670-03:00,1
2026-01-18T08:56:38.660875-03:00,2
2026-01-18T09:50:28.771616-03:00,2
2026-01-18T10:29:11.860696-03:00,5
2026-01-18T10:47:50.110419-03:00,5
2026-01-18T10:58:35.098954-03:00,6
2026-01-18T11:26:59.078143-03:00,6
2026-01-18T11:43:47.382714-03:00,6
2026-01-18T11:55:46.817742-03:00,6
2026-01-18T12:22:31.252141-03:00,8
2026-01-18T12:41:11.150530-03:00,10
2026-01-18T12:56:13.367682-03:00,11
2026-01-18T13:29:17.285017-03:00,11
2026-01-18T13:50:22.437396-03:00,11
2026-01-18T14:18:33.617473-03:00,13
2026-01-18T14:37:23.639469-03:00,9
2026-01-18T14:49:18.187936-03:00,9
2026-01-18T15:00:02.532212-03:00,17
2026-01-18T15:39:12.047777-03:00,17
2026-01-18T15:55:11.930537-03:00,17
2026-01-18T16:16:43.439391-03:00,17
2026-01-18T16:30:18.016017-03:00,17
2026-01-18T16:56:15.247691-03:00,19
2026-01-18T17:26:50.134434-03:00,17
2026-01-18T17:44:56.411248-03:00,18
2026-01-18T18:22:04.187169-03:00,14
2026-01-18T18:39:49.910919-03:00,13
2026-01-18T18:50:18.381448-03:00,13
2026-01-18T19:20:51.912265-03:00,16
2026-01-18T19:43:48.995195-03:00,15
2026-01-18T19:56:14.447596-03:00,14
2026-01-18T20:23:27.231307-03:00,12
2026-01-18T20:41:18.695603-03:00,12
2026-01-18T20:56:14.055911-03:00,11
2026-01-18T23:08:06.005429-03:00,12
2026-01-19T00:57:57.724946-03:00,10
2026-01-19T02:36:56.283063-03:00,6
2026-01-19T03:52:27.406644-03:00,3
2026-01-19T04:30:16.829356-03:00,7
2026-01-19T04:51:42.702977-03:00,5
2026-01-19T05:35:22.023813-03:00,3
2026-01-19T06:02:10.470802-03:00,3
2026-01-19T06:48:15.016452-03:00,4
2026-01-19T07:14:19.864491-03:00,1
2026-01-19T07:49:55.883970-03:00,2
2026-01-19T08:11:36.399472-03:00,2
2026-01-19T08:38:52.155994-03:00,1
2026-01-19T08:52:50.251096-03:00,4
2026-01-19T09:53:02.677893-03:00,3
2026-01-19T10:47:21.328547-03:00,5
2026-01-19T11:15:27.624506-03:00,8
2026-01-19T11:49:05.022766-03:00,3
2026-01-19T12:13:36.648252-03:00,10
2026-01-19T12:59:56.686788-03:00,9
2026-01-19T13:41:27.219578-03:00,9
2026-01-19T14:11:39.766438-03:00,13
2026-01-19T14:42:42.361542-03:00,13
2026-01-19T14:57:33.348570-03:00,17
2026-01-19T15:41:49.898943-03:00,14
2026-01-19T16:02:00.215177-03:00,14
2026-01-19T16:28:36.676866-03:00,14
2026-01-19T16:43:27.734742-03:00,13
2026-01-19T16:56:14.226025-03:00,18
2026-01-19T17:29:01.187935-03:00,19
2026-01-19T17:48:04.640165-03:00,15
2026-01-19T17:59:09.902688-03:00,17
2026-01-19T18:28:34.394020-03:00,16
2026-01-19T18:44:47.361276-03:00,16
2026-01-19T18:55:52.417039-03:00,19
2026-01-19T19:25:00.166822-03:00,16
2026-01-19T19:46:30.154242-03:00,15
2026-01-19T19:57:22.215079-03:00,14
2026-01-19T20:27:52.282729-03:00,15
2026-01-19T20:44:44.335560-03:00,10
2026-01-19T20:56:00.457240-03:00,11
2026-01-19T23:00:18.047759-03:00,10
2026-01-20T00:50:54.681148-03:00,7
2026-01-20T01:46:58.045497-03:00,6
2026-01-20T02:18:17.075565-03:00,6
2026-01-20T02:48:21.095044-03:00,8
2026-01-20T03:00:59.500403-03:00,4
2026-01-20T03:53:52.290761-03:00,4
2026-01-20T04:29:24.007941-03:00,4
2026-01-20T04:50:48.565964-03:00,6
2026-01-20T05:34:29.541490-03:00,5
2026-01-20T06:02:31.888308-03:00,5
2026-01-20T06:45:58.475070-03:00,4
2026-01-20T07:01:32.384435-03:00,5
2026-01-20T07:46:06.466540-03:00,4
2026-01-20T08:02:20.405464-03:00,4
2026-01-20T08:34:05.716893-03:00,4
2026-01-20T08:51:44.647699-03:00,5
2026-01-20T09:53:30.260307-03:00,4
2026-01-20T10:48:51.703379-03:00,9
2026-01-20T11:19:01.964408-03:00,9
2026-01-20T11:54:07.901474-03:00,13
2026-01-20T12:32:21.365124-03:00,9
2026-01-20T12:59:58.197026-03:00,14
2026-01-20T13:47:26.602490-03:00,13
2026-01-20T14:17:08.303342-03:00,13
2026-01-20T14:49:31.735594-03:00,10
2026-01-20T15:17:23.732333-03:00,17
2026-01-20T16:17:03.035249-03:00,15
2026-01-20T17:30:08.717969-03:00,15
2026-01-20T17:56:28.680535-03:00,16
2026-01-20T18:26:23.951179-03:00,15
2026-01-20T18:43:51.587584-03:00,14
2026-01-20T18:56:16.509660-03:00,16
2026-01-20T19:26:50.201094-03:00,14
2026-01-20T19:45:41.629300-03:00,13
2026-01-20T19:56:19.732909-03:00,11
2026-01-20T20:27:06.746257-03:00,10
2026-01-20T20:46:05.738951-03:00,9
2026-01-20T20:56:32.090911-03:00,10
2026-01-20T23:08:04.107877-03:00,10
2026-01-21T00:50:45.834850-03:00,2
2026-01-21T01:46:11.279811-03:00,4
2026-01-21T02:17:47.504998-03:00,2
2026-01-21T02:48:03.696997-03:00,16
2026-01-21T03:00:46.710537-03:00,3
2026-01-21T03:54:09.678363-03:00,6
2026-01-21T04:51:55.407895-03:00,4
2026-01-21T05:34:10.464351-03:00,5
2026-01-21T06:00:48.795291-03:00,6
2026-01-21T06:45:25.312572-03:00,4
2026-01-21T07:01:26.518479-03:00,2
2026-01-21T07:47:43.447814-03:00,16
2026-01-21T08:41:11.562647-03:00,2
2026-01-21T08:57:18.001425-03:00,1
2026-01-21T10:04:18.163456-03:00,6
2026-01-21T10:53:56.889937-03:00,12
2026-01-21T11:32:26.682211-03:00,11
2026-01-21T12:00:47.587128-03:00,14
2026-01-21T12:47:02.623394-03:00,14
2026-01-21T13:18:48.962883-03:00,13
2026-01-21T14:32:16.400887-03:00,8
2026-01-21T15:22:26.609930-03:00,15
2026-01-21T16:38:15.909974-03:00,13
2026-01-21T17:00:19.414212-03:00,14
2026-01-21T17:42:26.350673-03:00,15
2026-01-21T18:15:21.480018-03:00,14
2026-01-21T18:46:22.612920-03:00,13
2026-01-21T19:00:45.491786-03:00,15
2026-01-21T19:43:11.001392-03:00,12
2026-01-21T20:01:26.055635-03:00,12
2026-01-21T20:36:22.875248-03:00,15
2026-01-21T20:53:58.659426-03:00,14
2026-01-21T22:54:56.972991-03:00,9
2026-01-22T00:49:06.493374-03:00,7
2026-01-22T01:37:56.458786-03:00,6
2026-01-22T02:05:57.378831-03:00,5
2026-01-22T02:45:26.745128-03:00,7
2026-01-22T03:00:05.043186-03:00,5
2026-01-22T03:50:09.361797-03:00,5
2026-01-22T04:17:14.601600-03:00,7
2026-01-22T04:44:38.900351-03:00,6
2026-01-22T04:57:40.718143-03:00,5
2026-01-22T05:43:20.479460-03:00,6
2026-01-22T06:18:07.673649-03:00,7
2026-01-22T06:49:59.824708-03:00,5
2026-01-22T07:14:49.369898-03:00,5
2026-01-22T07:49:11.938464-03:00,4
2026-01-22T08:12:49.205409-03:00,1
2026-01-22T08:40:02.494538-03:00,20
2026-01-22T08:54:26.803518-03:00,1
2026-01-22T09:53:11.365984-03:00,3
2026-01-22T10:48:24.631621-03:00,4
2026-01-22T11:19:06.157480-03:00,4
2026-01-22T11:52:58.413581-03:00,5
2026-01-22T12:32:47.241436-03:00,7
2026-01-22T12:59:08.305361-03:00,4
2026-01-22T13:46:43.064200-03:00,6
2026-01-22T14:17:20.481683-03:00,12
2026-01-22T14:49:10.323853-03:00,9
2026-01-22T15:14:10.083119-03:00,9
2026-01-22T15:54:28.672279-03:00,9
2026-01-22T16:26:01.193592-03:00,10
2026-01-22T16:45:22.435282-03:00,11
2026-01-22T16:57:08.094976-03:00,13
2026-01-22T17:35:46.160970-03:00,13
2026-01-22T17:56:02.554162-03:00,12
2026-01-22T18:27:05.794973-03:00,17
2026-01-22T18:48:06.433996-03:00,12
2026-01-22T18:59:31.210601-03:00,17
2026-01-22T19:33:59.512180-03:00,12
2026-01-22T19:54:09.650635-03:00,11
2026-01-22T20:23:03.948515-03:00,13
2026-01-22T20:56:16.343820-03:00,13
2026-01-22T23:01:29.404475-03:00,9
2026-01-23T00:48:59.196662-03:00,7
2026-01-23T01:32:39.559642-03:00,7
2026-01-23T02:03:23.568553-03:00,5
2026-01-23T02:42:50.729272-03:00,5
2026-01-23T02:58:38.785967-03:00,7
2026-01-23T04:15:12.412371-03:00,4
2026-01-23T04:41:23.671829-03:00,5
2026-01-23T04:56:40.384204-03:00,4
2026-01-23T05:37:08.021786-03:00,4
2026-01-23T06:00:22.668270-03:00,4
2026-01-23T06:42:32.405057-03:00,4
2026-01-23T06:59:10.683582-03:00,2
2026-01-23T07:36:22.457186-03:00,2
2026-01-23T07:56:46.417139-03:00,5
2026-01-23T08:26:11.249530-03:00,4
2026-01-23T08:44:12.284244-03:00,4
2026-01-23T08:56:53.769191-03:00,1
2026-01-23T09:59:59.770087-03:00,1
2026-01-23T10:49:56.736952-03:00,2
2026-01-23T11:13:58.444734-03:00,4
2026-01-23T11:47:09.349640-03:00,8
2026-01-23T12:12:18.750056-03:00,7
2026-01-23T12:44:09.130753-03:00,5
2026-01-23T13:01:08.149947-03:00,13
2026-01-23T13:47:41.973192-03:00,14
2026-01-23T14:15:32.539219-03:00,13
2026-01-23T14:41:51.901836-03:00,13
2026-01-23T14:57:36.606253-03:00,6
2026-01-23T15:46:08.386772-03:00,14
2026-01-23T16:13:10.462690-03:00,13
2026-01-23T16:36:10.695711-03:00,10
2026-01-23T16:48:35.166588-03:00,17
2026-01-23T16:59:40.072647-03:00,16
2026-01-23T17:36:06.135770-03:00,19
2026-01-23T17:54:25.929627-03:00,13
2026-01-23T18:22:56.155387-03:00,13
2026-01-23T18:43:24.081498-03:00,11
2026-01-23T18:55:43.496642-03:00,12
2026-01-23T19:20:25.974773-03:00,17
2026-01-23T19:44:33.009268-03:00,15
2026-01-23T19:56:13.177549-03:00,14
2026-01-23T20:25:24.726961-03:00,15
2026-01-23T20:43:47.504477-03:00,11
2026-01-23T22:54:42.213097-03:00,14
2026-01-24T00:27:45.487724-03:00,9
2026-01-24T01:11:38.710840-03:00,8
2026-01-24T01:49:32.379945-03:00,8
2026-01-24T02:11:11.276883-03:00,7
2026-01-24T02:52:39.409967-03:00,6
2026-01-24T03:33:50.044414-03:00,6
2026-01-24T03:57:41.256687-03:00,6
2026-01-24T04:26:31.516054-03:00,6
2026-01-24T04:41:09.172847-03:00,8
2026-01-24T04:56:07.928656-03:00,7
2026-01-24T05:31:53.018088-03:00,6
2026-01-24T05:54:26.016696-03:00,6
2026-01-24T06:22:09.654061-03:00,8
2026-01-24T06:42:25.188769-03:00,6
2026-01-24T06:56:08.432512-03:00,4
2026-01-24T07:25:34.053918-03:00,6
2026-01-24T07:45:50.948425-03:00,5
2026-01-24T07:56:28.007105-03:00,4
2026-01-24T08:21:37.028805-03:00,6
2026-01-24T08:39:36.785450-03:00,5
2026-01-24T08:50:33.528524-03:00,5
2026-01-24T09:43:08.211351-03:00,6
2026-01-24T10:21:45.441431-03:00,5
2026-01-24T10:47:50.790397-03:00,6
2026-01-24T10:58:31.067321-03:00,6
2026-01-24T11:28:30.690914-03:00,7
2026-01-24T11:46:11.483263-03:00,6
2026-01-24T11:56:45.476539-03:00,7
2026-01-24T12:25:38.778312-03:00,9
2026-01-24T12:42:18.414063-03:00,9
2026-01-24T12:56:14.677988-03:00,4
2026-01-24T13:29:47.738701-03:00,7
2026-01-24T13:51:18.512463-03:00,9
2026-01-24T14:18:46.281310-03:00,10
2026-01-24T14:37:58.448071-03:00,8
2026-01-24T14:49:51.155241-03:00,8
2026-01-24T15:00:58.328993-03:00,14
2026-01-24T15:44:59.066084-03:00,13
2026-01-24T15:59:57.558759-03:00,19
2026-01-24T16:24:26.913263-03:00,13
2026-01-24T16:38:22.526568-03:00,13
2026-01-24T16:49:11.279491-03:00,13
2026-01-24T16:59:50.725733-03:00,15
2026-01-24T17:31:10.993661-03:00,13
2026-01-24T17:49:22.450969-03:00,10
2026-01-24T18:00:07.002827-03:00,18
2026-01-24T18:27:01.145921-03:00,15
2026-01-24T18:42:10.785931-03:00,9
2026-01-24T18:56:10.011420-03:00,17
2026-01-24T19:23:37.794549-03:00,10
2026-01-24T19:43:48.180884-03:00,18
2026-01-24T19:55:49.192839-03:00,15
2026-01-24T20:22:37.195691-03:00,13
2026-01-24T20:41:18.039947-03:00,13
2026-01-24T20:56:08.413120-03:00,10
2026-01-24T23:11:52.892602-03:00,12
2026-01-25T01:01:56.721863-03:00,8
2026-01-25T01:58:05.350571-03:00,7
2026-01-25T02:35:03.509060-03:00,5
2026-01-25T02:54:17.724766-03:00,6
2026-01-25T03:34:33.533203-03:00,4
2026-01-25T03:58:40.827663-03:00,4
2026-01-25T04:29:08.058220-03:00,6
2026-01-25T04:44:27.247831-03:00,5
2026-01-25T04:55:41.525286-03:00,6
2026-01-25T05:30:52.920710-03:00,5
2026-01-25T05:54:28.625277-03:00,6
2026-01-25T06:23:27.532168-03:00,4
2026-01-25T06:43:57.290447-03:00,5
2026-01-25T06:56:20.042677-03:00,4
2026-01-25T07:26:38.756054-03:00,6
2026-01-25T07:47:50.193442-03:00,6
2026-01-25T07:58:26.294012-03:00,7
2026-01-25T08:25:08.397649-03:00,5
2026-01-25T08:39:47.595466-03:00,5
2026-01-25T08:50:29.748879-03:00,5
2026-01-25T09:45:16.028078-03:00,4
2026-01-25T10:23:30.182709-03:00,4
2026-01-25T10:49:47.079165-03:00,5
2026-01-25T11:00:21.154699-03:00,6
2026-01-25T11:32:41.943496-03:00,7
2026-01-25T11:50:19.459466-03:00,8
2026-01-25T12:21:58.866896-03:00,12
2026-01-25T12:42:21.314573-03:00,12
2026-01-25T12:56:24.850358-03:00,10
2026-01-25T13:31:15.678790-03:00,14
2026-01-25T13:53:59.777439-03:00,15
2026-01-25T14:18:51.778848-03:00,15
2026-01-25T14:38:33.685765-03:00,12
2026-01-25T14:50:54.402784-03:00,12
2026-01-25T15:31:43.790800-03:00,17
2026-01-25T15:56:15.517516-03:00,15
2026-01-25T16:20:16.708217-03:00,13
2026-01-25T16:38:50.642279-03:00,15
2026-01-25T16:49:39.391212-03:00,15
2026-01-25T17:00:32.108815-03:00,15
2026-01-25T17:35:14.436918-03:00,17
2026-01-25T17:51:29.350566-03:00,13
2026-01-25T18:20:23.736486-03:00,11
2026-01-25T18:41:19.952770-03:00,12
2026-01-25T18:55:51.588410-03:00,13
2026-01-25T19:23:28.539293-03:00,10
2026-01-25T19:56:30.046602-03:00,11
2026-01-25T20:25:06.258119-03:00,8
2026-01-25T20:42:27.652300-03:00,8
2026-01-25T20:56:07.832354-03:00,4
2026-01-25T23:11:19.638712-03:00,7
2026-01-26T01:05:36.330885-03:00,9
2026-01-26T02:01:28.771677-03:00,6
2026-01-26T02:46:31.019983-03:00,6
2026-01-26T03:01:12.146724-03:00,7
2026-01-26T03:54:17.762319-03:00,9
2026-01-26T04:29:02.272960-03:00,6
2026-01-26T04:50:00.344869-03:00,6
2026-01-26T05:16:00.444959-03:00,4
2026-01-26T05:52:36.786209-03:00,6
2026-01-26T06:35:46.251162-03:00,4
2026-01-26T06:59:09.849604-03:00,4
2026-01-26T07:37:55.621678-03:00,3
2026-01-26T07:58:14.889431-03:00,8
2026-01-26T08:28:53.258469-03:00,6
2026-01-26T08:45:42.312370-03:00,6
2026-01-26T08:56:16.328245-03:00,8
2026-01-26T09:57:23.097744-03:00,8
2026-01-26T10:49:44.647482-03:00,7
2026-01-26T11:17:00.610476-03:00,7
2026-01-26T11:50:23.644650-03:00,2
2026-01-26T12:30:42.366727-03:00,4
2026-01-26T12:57:32.213098-03:00,6
2026-01-26T13:43:24.684762-03:00,3
2026-01-26T14:16:41.540728-03:00,11
2026-01-26T14:48:54.126092-03:00,5
2026-01-26T15:01:20.339449-03:00,6
2026-01-26T15:53:00.169715-03:00,9
2026-01-26T16:24:45.983273-03:00,7
2026-01-26T16:44:20.750607-03:00,11
2026-01-26T16:57:15.553495-03:00,15
2026-01-26T17:34:56.828897-03:00,16
2026-01-26T17:55:17.883589-03:00,15
2026-01-26T18:26:05.644190-03:00,16
2026-01-26T18:48:22.429798-03:00,16
2026-01-26T18:59:31.476357-03:00,16
2026-01-26T19:33:23.457992-03:00,19
2026-01-26T19:53:30.614890-03:00,12
2026-01-26T20:23:55.377725-03:00,14
2026-01-26T20:45:41.961501-03:00,17
2026-01-26T20:57:50.774587-03:00,14
2026-01-26T23:30:52.760542-03:00,8
2026-01-27T01:00:35.554346-03:00,8
2026-01-27T01:55:06.165043-03:00,6
2026-01-27T02:28:06.598672-03:00,6
2026-01-27T02:52:15.994372-03:00,6
2026-01-27T03:37:38.754565-03:00,5
2026-01-27T04:03:27.916552-03:00,5
2026-01-27T04:38:03.480829-03:00,2
2026-01-27T04:54:27.719353-03:00,2
2026-01-27T05:35:24.438051-03:00,2
2026-01-27T06:02:18.346851-03:00,2
2026-01-27T06:46:43.636848-03:00,3
2026-01-27T07:02:13.100772-03:00,1
2026-01-27T07:47:20.292192-03:00,17
2026-01-27T08:12:19.218902-03:00,1
2026-01-27T08:39:59.717152-03:00,1
2026-01-27T08:55:28.012246-03:00,2
2026-01-27T09:54:50.457841-03:00,4
2026-01-27T10:49:45.075625-03:00,6
2026-01-27T11:19:04.164755-03:00,4
2026-01-27T11:54:41.410278-03:00,4
2026-01-27T12:31:51.708170-03:00,2
2026-01-27T12:56:04.923558-03:00,3
2026-01-27T13:35:00.952699-03:00,6
2026-01-27T14:01:33.957280-03:00,5
2026-01-27T14:42:57.750076-03:00,10
2026-01-27T15:01:28.278295-03:00,13
2026-01-27T15:56:08.492985-03:00,9
2026-01-27T16:29:43.571891-03:00,10
2026-01-27T16:50:08.165403-03:00,13
2026-01-27T17:11:29.435298-03:00,11
2026-01-27T17:42:05.068478-03:00,14
2026-01-27T17:59:00.463261-03:00,17
2026-01-27T18:27:36.413772-03:00,17
2026-01-27T18:45:21.272383-03:00,16
2026-01-27T18:56:32.518895-03:00,16
2026-01-27T19:27:08.176855-03:00,16
2026-01-27T19:59:15.357018-03:00,19
2026-01-27T20:31:38.622417-03:00,15
2026-01-27T20:51:37.817174-03:00,12
2026-01-27T22:53:42.948315-03:00,7
2026-01-28T00:46:20.735686-03:00,8
2026-01-28T01:34:35.221764-03:00,7
2026-01-28T02:03:53.589182-03:00,6
2026-01-28T02:43:17.581665-03:00,2
2026-01-28T02:59:57.017290-03:00,3
2026-01-28T03:51:08.046280-03:00,4
2026-01-28T04:27:30.601038-03:00,4
2026-01-28T04:48:56.371174-03:00,3
2026-01-28T05:00:04.622476-03:00,1
2026-01-28T05:47:29.280193-03:00,19
2026-01-28T06:20:09.729655-03:00,2
2026-01-28T06:52:11.089271-03:00,4
2026-01-28T07:30:44.340895-03:00,2
2026-01-28T07:59:11.252764-03:00,3
2026-01-28T08:31:21.953571-03:00,2
2026-01-28T08:51:44.112388-03:00,1
2026-01-28T09:53:50.191174-03:00,3
2026-01-28T10:50:21.137522-03:00,1
2026-01-28T11:32:00.890647-03:00,7
2026-01-28T12:01:13.974571-03:00,6
2026-01-28T12:48:20.073900-03:00,9
2026-01-28T13:19:12.213518-03:00,6
2026-01-28T14:01:35.109425-03:00,8
2026-01-28T14:47:09.151602-03:00,11
2026-01-28T15:18:33.680155-03:00,12
2026-01-28T15:56:38.902251-03:00,10
2026-01-28T16:34:08.813794-03:00,10
2026-01-28T16:54:38.712861-03:00,13
2026-01-28T17:33:31.344461-03:00,14
2026-01-28T18:01:07.659933-03:00,14
2026-01-28T18:42:35.199949-03:00,18
2026-01-28T19:02:10.225915-03:00,16
2026-01-28T19:44:45.826798-03:00,16
2026-01-28T20:02:34.092923-03:00,15
2026-01-28T20:37:18.571324-03:00,11
2026-01-28T20:55:25.086912-03:00,14
2026-01-28T23:09:29.902480-03:00,7
2026-01-29T01:14:33.662284-03:00,4
2026-01-29T02:14:24.745150-03:00,4
2026-01-29T03:01:43.134253-03:00,4
2026-01-29T04:04:25.899487-03:00,3
2026-01-29T04:52:11.236434-03:00,19
2026-01-29T05:41:34.911158-03:00,4
2026-01-29T06:27:18.001737-03:00,2
2026-01-29T07:06:49.458482-03:00,2
2026-01-29T07:56:35.455740-03:00,2
2026-01-29T08:35:20.834409-03:00,2
2026-01-29T08:57:38.319264-03:00,4
2026-01-29T10:15:20.783155-03:00,3
2026-01-29T11:06:34.581716-03:00,6
2026-01-29T11:57:00.464795-03:00,7
2026-01-29T12:41:12.366710-03:00,12
2026-01-29T13:24:02.997598-03:00,11
2026-01-29T14:06:29.039634-03:00,15
2026-01-29T14:52:46.804175-03:00,15
2026-01-29T15:50:34.943516-03:00,22
2026-01-29T16:30:56.795273-03:00,16
2026-01-29T16:57:18.343736-03:00,16
2026-01-29T17:39:04.892038-03:00,19
2026-01-29T17:59:10.978443-03:00,16
2026-01-29T18:36:50.124817-03:00,17
2026-01-29T18:57:24.298868-03:00,16
2026-01-29T19:35:41.744752-03:00,15
2026-01-29T19:59:21.153872-03:00,14
2026-01-29T20:35:28.717497-03:00,17
2026-01-29T20:55:38.538311-03:00,13
2026-01-29T23:12:36.107131-03:00,13
2026-01-30T01:18:34.788917-03:00,11
2026-01-30T02:28:23.286258-03:00,9
2026-01-30T03:08:04.655840-03:00,8
2026-01-30T04:07:10.367181-03:00,8
2026-01-30T04:52:37.766263-03:00,9
2026-01-30T05:40:38.256528-03:00,10
2026-01-30T07:02:47.826266-03:00,6
2026-01-30T07:52:41.954987-03:00,3
2026-01-30T08:29:36.915130-03:00,2
2026-01-30T08:53:46.531028-03:00,2
2026-01-30T09:58:41.835290-03:00,3
2026-01-30T10:59:32.804912-03:00,1
2026-01-30T11:46:16.991148-03:00,1
2026-01-30T12:19:51.577094-03:00,3
2026-01-30T12:54:55.614880-03:00,7
2026-01-30T13:41:18.715012-03:00,10
2026-01-30T14:22:07.653185-03:00,8
2026-01-30T14:59:01.139258-03:00,11
2026-01-30T15:57:10.933834-03:00,9
2026-01-30T16:37:32.417050-03:00,15
2026-01-30T16:57:23.657371-03:00,14
2026-01-30T17:38:33.285313-03:00,16
2026-01-30T18:01:36.348347-03:00,13
2026-01-30T18:38:18.714765-03:00,14
2026-01-30T18:54:12.531735-03:00,15
2026-01-30T19:27:27.747995-03:00,14
2026-01-30T19:55:07.417182-03:00,15
2026-01-30T20:26:56.390916-03:00,13
2026-01-30T23:03:45.734533-03:00,13
2026-01-31T01:11:26.451388-03:00,4
2026-01-31T02:09:58.717488-03:00,8
2026-01-31T02:53:27.391997-03:00,10
2026-01-31T03:41:27.725561-03:00,9
2026-01-31T04:17:37.502080-03:00,9
2026-01-31T04:44:32.325106-03:00,8
2026-01-31T04:57:52.497360-03:00,9
2026-01-31T05:40:35.359237-03:00,8
2026-01-31T06:13:38.021785-03:00,6
2026-01-31T06:45:38.456098-03:00,4
2026-01-31T06:59:47.479714-03:00,5
2026-01-31T07:36:07.907918-03:00,5
2026-01-31T07:56:40.905329-03:00,4
2026-01-31T08:25:18.265484-03:00,1
2026-01-31T08:44:04.326060-03:00,5
2026-01-31T08:57:00.493584-03:00,5
2026-01-31T10:00:54.333179-03:00,7
2026-01-31T10:49:07.895379-03:00,2
2026-01-31T11:11:40.525551-03:00,5
2026-01-31T11:44:52.123580-03:00,4
2026-01-31T11:59:49.854759-03:00,2
2026-01-31T12:33:47.418458-03:00,9
2026-01-31T12:52:34.729799-03:00,6
2026-01-31T13:30:46.120687-03:00,10
2026-01-31T13:59:31.757523-03:00,8
2026-01-31T14:33:11.087591-03:00,14
2026-01-31T14:53:56.977207-03:00,14
2026-01-31T15:34:54.642933-03:00,19
2026-01-31T15:59:38.819348-03:00,15
2026-01-31T16:28:45.903175-03:00,16
2026-01-31T16:44:39.117007-03:00,21
2026-01-31T16:56:16.693343-03:00,12
2026-01-31T17:30:29.704582-03:00,20
2026-01-31T17:53:44.731073-03:00,15
2026-01-31T18:22:59.833077-03:00,11
2026-01-31T18:45:13.673663-03:00,11
2026-01-31T18:56:59.447608-03:00,13
2026-01-31T19:29:54.571951-03:00,11
2026-01-31T19:52:10.789545-03:00,10
2026-01-31T20:23:53.787181-03:00,6
2026-01-31T20:46:02.510041-03:00,5
2026-01-31T20:58:11.447036-03:00,5
2026-02-01T00:22:57.665955-03:00,5
2026-02-01T02:11:52.748703-03:00,2
2026-02-01T03:09:25.402304-03:00,4
2026-02-01T04:05:32.532305-03:00,5
2026-02-01T04:47:24.302593-03:00,5
2026-02-01T05:02:11.890187-03:00,5
2026-02-01T05:48:22.317225-03:00,7
2026-02-01T06:48:59.036131-03:00,2
2026-02-01T07:01:19.438762-03:00,5
2026-02-01T07:44:46.384723-03:00,2
2026-02-01T08:01:51.089371-03:00,2
2026-02-01T08:33:25.891401-03:00,6
2026-02-01T08:51:24.635562-03:00,10
2026-02-01T09:53:04.475276-03:00,1
2026-02-01T10:43:56.925144-03:00,1
2026-02-01T11:13:00.424074-03:00,8
2026-02-01T11:47:12.948797-03:00,11
2026-02-01T12:02:38.852018-03:00,7
2026-02-01T12:55:17.659585-03:00,6
2026-02-01T13:31:24.700176-03:00,9
2026-02-01T14:33:40.485717-03:00,13
2026-02-01T14:55:37.131913-03:00,11
2026-02-01T15:38:08.267805-03:00,10
2026-02-01T16:04:27.212093-03:00,8
2026-02-01T16:35:08.234443-03:00,12
2026-02-01T16:51:53.625793-03:00,6
2026-02-01T17:28:49.825560-03:00,12
2026-02-01T17:52:30.943474-03:00,16
2026-02-01T18:24:42.074347-03:00,7
2026-02-01T18:46:28.325722-03:00,13
2026-02-01T18:58:20.929024-03:00,15
2026-02-01T19:34:44.073071-03:00,14
2026-02-01T19:56:50.944073-03:00,14
2026-02-01T20:31:13.007765-03:00,11
2026-02-01T20:54:57.472231-03:00,8
2026-02-01T23:24:01.789205-03:00,8
2026-02-02T01:35:44.638569-03:00,9
2026-02-02T02:49:21.366995-03:00,7
2026-02-02T03:45:29.952123-03:00,10
2026-02-02T04:40:20.595384-03:00,6
2026-02-02T05:26:12.402836-03:00,6
2026-02-02T06:09:49.990211-03:00,6
2026-02-02T07:07:01.739544-03:00,4
2026-02-02T08:05:03.574600-03:00,3
2026-02-02T08:47:56.763029-03:00,3
2026-02-02T09:25:32.182696-03:00,2
2026-02-02T10:41:59.005539-03:00,6
2026-02-02T11:29:49.273644-03:00,4
2026-02-02T12:10:52.986461-03:00,6
2026-02-02T12:53:41.312394-03:00,10
2026-02-02T13:41:56.906568-03:00,10
2026-02-02T14:26:15.673719-03:00,10
2026-02-02T15:05:12.532532-03:00,13
2026-02-02T20:06:12.844343-03:00,13
2026-02-02T20:37:22.071681-03:00,9
2026-02-02T20:58:39.017052-03:00,11
2026-02-02T23:51:36.766877-03:00,10
2026-02-03T01:47:17.286976-03:00,7
2026-02-03T02:40:24.927458-03:00,7
2026-02-03T03:33:20.105182-03:00,6
2026-02-03T04:29:14.960658-03:00,7
2026-02-03T05:03:01.933168-03:00,9
2026-02-03T05:55:49.845347-03:00,6
2026-02-03T06:46:05.622796-03:00,6
2026-02-03T07:25:36.839962-03:00,8
2026-02-03T08:07:17.597611-03:00,5
2026-02-03T08:49:17.556302-03:00,3
2026-02-03T09:27:06.684446-03:00,5
2026-02-03T10:43:33.196313-03:00,3
2026-02-03T11:32:57.903421-03:00,2
2026-02-03T13:29:07.250046-03:00,9
2026-02-03T14:31:24.504174-03:00,3
2026-02-03T15:33:00.837823-03:00,8
2026-02-03T16:31:42.305694-03:00,13
2026-02-03T17:03:52.227543-03:00,9
2026-02-03T17:52:38.762196-03:00,16
2026-02-03T18:36:19.365063-03:00,23
2026-02-03T19:02:33.152291-03:00,20
2026-02-03T19:48:49.165073-03:00,17
2026-02-03T20:16:03.168827-03:00,18
2026-02-03T20:45:58.511396-03:00,18
2026-02-03T21:01:02.797930-03:00,18
2026-02-03T23:50:48.774730-03:00,8
2026-02-04T01:40:51.450426-03:00,5
2026-02-04T02:37:52.255836-03:00,3
2026-02-04T03:30:53.357486-03:00,3
2026-02-04T04:30:44.815051-03:00,3
2026-02-04T05:05:23.598460-03:00,5
2026-02-04T05:58:23.337087-03:00,6
2026-02-04T06:56:07.789609-03:00,4
2026-02-04T07:42:10.953088-03:00,1
2026-02-04T08:22:23.547877-03:00,4
2026-02-04T08:54:52.868414-03:00,4
2026-02-04T10:02:34.822818-03:00,3
2026-02-04T11:07:35.962857-03:00,7
2026-02-04T11:58:37.697226-03:00,9
2026-02-04T12:54:13.385696-03:00,9
2026-02-04T13:51:51.953336-03:00,12
2026-02-04T14:46:41.067558-03:00,10
2026-02-04T16:25:18.195064-03:00,16
2026-02-04T16:57:48.842710-03:00,12
2026-02-04T17:45:07.185948-03:00,14
2026-02-04T18:19:21.905821-03:00,11
2026-02-04T18:50:20.271022-03:00,10
2026-02-04T19:29:41.153670-03:00,15
2026-02-04T19:54:36.646707-03:00,15
2026-02-04T20:29:21.024842-03:00,15
2026-02-04T20:53:51.416612-03:00,11
2026-02-04T23:10:17.619032-03:00,8
2026-02-05T01:23:15.227880-03:00,7
2026-02-05T02:37:22.144576-03:00,8
2026-02-05T03:36:09.185788-03:00,6
2026-02-05T05:06:37.399485-03:00,2
2026-02-05T06:01:05.585089-03:00,1
2026-02-05T06:59:32.441931-03:00,2
2026-02-05T07:54:20.142577-03:00,3
2026-02-05T08:36:08.441903-03:00,2
2026-02-05T09:01:38.540494-03:00,2
2026-02-05T10:36:30.865190-03:00,4
2026-02-05T11:29:00.784784-03:00,9
2026-02-05T12:21:33.697348-03:00,4
2026-02-05T13:07:16.013986-03:00,13
2026-02-05T14:06:59.438713-03:00,12
2026-02-05T15:02:06.844020-03:00,8
2026-02-05T16:04:29.461592-03:00,11
2026-02-05T16:48:19.432342-03:00,15
2026-02-05T17:17:41.866531-03:00,16
2026-02-05T17:53:59.485479-03:00,11
2026-02-05T18:30:54.415819-03:00,12
2026-02-05T18:56:55.661082-03:00,14
2026-02-05T19:34:20.433132-03:00,14
2026-02-05T19:59:54.378732-03:00,16
2026-02-05T20:33:21.111045-03:00,12
2026-02-05T20:54:55.293369-03:00,12
2026-02-05T23:10:21.058284-03:00,8
2026-02-06T01:24:03.874761-03:00,7
2026-02-06T02:35:40.634225-03:00,6
2026-02-06T03:32:03.771463-03:00,15
2026-02-06T04:32:55.320346-03:00,4
2026-02-06T05:05:59.137846-03:00,1
2026-02-06T05:59:43.427159-03:00,1
2026-02-06T06:55:59.292921-03:00,1
2026-02-06T07:42:54.508536-03:00,2
2026-02-06T08:21:58.454570-03:00,3
2026-02-06T08:54:54.889472-03:00,3
2026-02-06T10:02:40.005234-03:00,5
2026-02-06T11:06:32.559577-03:00,2
2026-02-06T11:57:24.386999-03:00,5
2026-02-06T12:49:18.728564-03:00,8
2026-02-06T13:27:37.698432-03:00,9
2026-02-06T14:22:39.486873-03:00,13
2026-02-06T15:05:56.102114-03:00,8
2026-02-06T16:06:01.362511-03:00,12
2026-02-06T17:17:28.914434-03:00,10
2026-02-06T17:53:48.716945-03:00,16
2026-02-06T18:32:00.590951-03:00,13
2026-02-06T18:55:36.007704-03:00,11
2026-02-06T19:27:17.507653-03:00,12
2026-02-06T20:27:07.494341-03:00,13
2026-02-06T20:51:37.254435-03:00,11
2026-02-06T23:06:41.007883-03:00,7
2026-02-07T01:15:37.560507-03:00,7
2026-02-07T02:12:55.404939-03:00,4
2026-02-07T02:58:44.542715-03:00,1
2026-02-07T03:56:03.876590-03:00,20
2026-02-07T04:33:49.886018-03:00,1
2026-02-07T04:55:22.211183-03:00,2
2026-02-07T06:00:27.014140-03:00,20
2026-02-07T06:43:53.707673-03:00,2
2026-02-07T07:00:22.270386-03:00,2
2026-02-07T07:44:18.830058-03:00,2
2026-02-07T08:01:37.606001-03:00,3
2026-02-07T08:52:00.212763-03:00,6
2026-02-07T09:52:15.023854-03:00,2
2026-02-07T10:44:18.857345-03:00,4
2026-02-07T11:13:32.600580-03:00,1
2026-02-07T11:47:32.722931-03:00,1
2026-02-07T12:11:24.425714-03:00,3
2026-02-07T12:43:48.682078-03:00,10
2026-02-07T13:00:15.895295-03:00,6
2026-02-07T13:43:46.615707-03:00,3
2026-02-07T14:13:05.449603-03:00,9
2026-02-07T14:46:15.991045-03:00,11
2026-02-07T15:00:08.031176-03:00,15
2026-02-07T15:50:04.025756-03:00,12
2026-02-07T16:14:46.795249-03:00,16
2026-02-07T16:40:26.832381-03:00,12
2026-02-07T16:57:50.671208-03:00,17
2026-02-07T17:37:37.755406-03:00,21
2026-02-07T17:58:59.771104-03:00,17
2026-02-07T18:35:25.206181-03:00,20
2026-02-07T18:55:15.287012-03:00,18
2026-02-07T19:27:44.160006-03:00,16
2026-02-07T19:56:17.854768-03:00,16
2026-02-07T20:34:05.000676-03:00,12
2026-02-08T00:29:25.987510-03:00,7
2026-02-08T02:14:26.751989-03:00,4
2026-02-08T03:09:00.416409-03:00,1
2026-02-08T04:06:18.480341-03:00,3
2026-02-08T04:48:46.059428-03:00,4
2026-02-08T05:53:04.471159-03:00,6
2026-02-08T06:32:28.137496-03:00,2
2026-02-08T06:57:04.492226-03:00,2
2026-02-08T07:34:29.327942-03:00,4
2026-02-08T07:58:55.866513-03:00,2
2026-02-08T08:32:10.196599-03:00,4
2026-02-08T08:52:23.007920-03:00,5
2026-02-08T09:53:19.945622-03:00,9
2026-02-08T10:46:32.463081-03:00,7
2026-02-08T11:15:23.012879-03:00,4
2026-02-08T11:49:16.517757-03:00,6
2026-02-08T12:12:50.031600-03:00,6
2026-02-08T12:45:16.636780-03:00,11
2026-02-08T13:01:51.961730-03:00,10
2026-02-08T13:47:36.567307-03:00,6
2026-02-08T14:14:33.165041-03:00,13
2026-02-08T14:47:06.074362-03:00,17
2026-02-08T15:02:10.217836-03:00,16
2026-02-08T15:54:12.220662-03:00,12
2026-02-08T16:26:16.365122-03:00,16
2026-02-08T16:46:49.723675-03:00,17
2026-02-08T16:58:50.269299-03:00,19
2026-02-08T17:38:26.528749-03:00,16
2026-02-08T17:59:18.623402-03:00,20
2026-02-08T18:36:18.053211-03:00,15
2026-02-08T18:57:08.307325-03:00,19
2026-02-08T19:34:33.239646-03:00,17
2026-02-08T20:00:23.613688-03:00,13
2026-02-08T20:44:25.931171-03:00,13
2026-02-08T21:01:32.432332-03:00,17
2026-02-09T00:19:06.211674-03:00,9
2026-02-09T02:13:55.806145-03:00,3
2026-02-09T03:37:17.810672-03:00,8
2026-02-09T04:41:55.424043-03:00,6
2026-02-09T05:33:33.491091-03:00,6
2026-02-09T06:40:08.505000-03:00,2
2026-02-09T07:41:16.587450-03:00,3
2026-02-09T08:35:05.110474-03:00,3
2026-02-09T09:06:54.589013-03:00,3
2026-02-09T10:45:58.624586-03:00,1
2026-02-09T11:42:12.730030-03:00,2
2026-02-09T12:40:01.482567-03:00,8
2026-02-09T14:39:04.925359-03:00,5
2026-02-09T15:36:10.872201-03:00,9
2026-02-09T16:50:38.519807-03:00,12
2026-02-09T17:40:08.777655-03:00,19
2026-02-09T18:23:46.728791-03:00,18
2026-02-09T19:03:44.726098-03:00,18
2026-02-09T20:38:25.941492-03:00,12
2026-02-09T21:05:40.643406-03:00,16
2026-02-10T00:26:09.220413-03:00,8
2026-02-10T02:17:28.592594-03:00,10
2026-02-10T03:38:27.129256-03:00,6
2026-02-10T04:43:30.534330-03:00,6
2026-02-10T05:33:14.850143-03:00,8
2026-02-10T06:40:19.183975-03:00,6
2026-02-10T07:39:41.873775-03:00,4
2026-02-10T08:36:35.451885-03:00,4
2026-02-10T09:35:23.809196-03:00,3
2026-02-10T11:05:06.182466-03:00,9
2026-02-10T12:22:48.841546-03:00,5
2026-02-10T13:49:19.755203-03:00,8
2026-02-10T14:39:28.567840-03:00,14
2026-02-10T15:40:42.735721-03:00,12
2026-02-10T16:48:59.905416-03:00,12
2026-02-10T17:30:37.461963-03:00,15
2026-02-10T18:23:40.364106-03:00,16
2026-02-10T19:06:37.340308-03:00,17
2026-02-10T19:59:04.396133-03:00,14
2026-02-10T20:49:24.728846-03:00,23
2026-02-10T22:04:26.182944-03:00,15
2026-02-11T01:02:52.949070-03:00,4
2026-02-11T02:43:22.398803-03:00,6
2026-02-11T03:44:52.428941-03:00,1
2026-02-11T04:42:22.463736-03:00,2
2026-02-11T05:31:26.256593-03:00,6
2026-02-11T06:34:07.732628-03:00,1
2026-02-11T07:31:54.313773-03:00,1
2026-02-11T08:29:17.548790-03:00,2
2026-02-11T09:06:28.297416-03:00,1
2026-02-11T10:47:13.835281-03:00,5
2026-02-11T11:44:02.060767-03:00,5
2026-02-11T12:43:27.189529-03:00,8
2026-02-11T13:45:54.057484-03:00,6
2026-02-11T14:44:26.618001-03:00,7
2026-02-11T15:41:53.711727-03:00,13
2026-02-11T16:44:58.073114-03:00,13
2026-02-11T17:23:06.756261-03:00,18
2026-02-11T18:04:25.753068-03:00,14
2026-02-11T18:47:14.726197-03:00,12
2026-02-11T19:15:22.153521-03:00,17
2026-02-11T19:52:45.916448-03:00,14
2026-02-11T20:33:46.018614-03:00,18
2026-02-11T20:56:59.495008-03:00,14
2026-02-11T23:48:31.102251-03:00,8
2026-02-12T01:50:21.326373-03:00,5
2026-02-12T03:05:09.339203-03:00,5
2026-02-12T04:16:08.841740-03:00,6
2026-02-12T05:00:43.407320-03:00,2
2026-02-12T06:03:25.179012-03:00,2
2026-02-12T07:04:36.288411-03:00,2
2026-02-12T08:04:38.244588-03:00,1
2026-02-12T08:52:36.745378-03:00,19
2026-02-12T10:11:18.412941-03:00,5
2026-02-12T11:16:20.044563-03:00,3
2026-02-12T12:10:02.276441-03:00,3
2026-02-12T13:09:14.214919-03:00,8
2026-02-12T14:16:42.710394-03:00,14
2026-02-12T15:10:19.769076-03:00,11
2026-02-12T16:30:42.232113-03:00,12
2026-02-12T17:00:22.855047-03:00,15
2026-02-12T17:49:22.193436-03:00,12
2026-02-12T18:20:27.121912-03:00,16
2026-02-12T18:57:57.517542-03:00,16
2026-02-12T19:40:09.039253-03:00,12
2026-02-12T20:02:19.315907-03:00,13
2026-02-12T20:43:16.292133-03:00,14
2026-02-12T21:59:56.469704-03:00,9
2026-02-13T00:44:28.654869-03:00,3
2026-02-13T02:12:52.519810-03:00,5
2026-02-13T03:14:41.745142-03:00,6
2026-02-13T04:17:52.707692-03:00,3
2026-02-13T05:01:20.852543-03:00,1
2026-02-13T05:59:34.912532-03:00,4
2026-02-13T07:49:01.044943-03:00,2
2026-02-13T08:20:52.807096-03:00,21
2026-02-13T08:54:35.230538-03:00,1
2026-02-13T10:02:58.210747-03:00,1
2026-02-13T11:07:13.721824-03:00,3
2026-02-13T11:59:33.943851-03:00,5
2026-02-13T12:53:43.994281-03:00,5
2026-02-13T13:50:21.713431-03:00,3
2026-02-13T14:40:11.289074-03:00,9
2026-02-13T15:24:59.197867-03:00,11
2026-02-13T16:23:10.286511-03:00,14
2026-02-13T16:58:27.929014-03:00,12
2026-02-13T17:50:57.206032-03:00,14
2026-02-13T18:36:53.091575-03:00,14
2026-02-13T19:03:14.654003-03:00,13
2026-02-13T19:50:34.246813-03:00,12
2026-02-13T20:32:00.230540-03:00,13
2026-02-13T20:58:22.868025-03:00,12
2026-02-13T23:45:57.817992-03:00,6
2026-02-14T01:24:37.866615-03:00,4
2026-02-14T02:29:33.473524-03:00,1
2026-02-14T03:07:06.830036-03:00,17
2026-02-14T04:02:31.171637-03:00,1
2026-02-14T04:45:38.882680-03:00,2
2026-02-14T05:01:15.128228-03:00,4
2026-02-14T05:48:41.730369-03:00,3
2026-02-14T06:17:36.140664-03:00,3
2026-02-14T06:49:38.873662-03:00,4
2026-02-14T07:12:22.711666-03:00,3
2026-02-14T07:48:11.320554-03:00,1
2026-02-14T08:11:05.083630-03:00,2
2026-02-14T08:40:18.623101-03:00,5
2026-02-14T08:57:59.739796-03:00,4
2026-02-14T10:07:26.424871-03:00,2
2026-02-14T10:52:33.719253-03:00,4
2026-02-14T11:28:04.284891-03:00,6
2026-02-14T11:54:48.552001-03:00,10
2026-02-14T12:26:59.518649-03:00,10
2026-02-14T12:50:37.628279-03:00,11
2026-02-14T13:32:16.824974-03:00,7
2026-02-14T14:00:45.189766-03:00,9
2026-02-14T14:39:23.182515-03:00,13
2026-02-14T15:41:50.971673-03:00,9
2026-02-14T16:13:04.408322-03:00,10
2026-02-14T16:39:50.894995-03:00,13
2026-02-14T16:54:27.073338-03:00,7
2026-02-14T17:28:17.011489-03:00,11
2026-02-14T17:52:50.702674-03:00,14
2026-02-14T18:26:01.916745-03:00,10
2026-02-14T18:48:03.679335-03:00,12
2026-02-14T18:59:48.194848-03:00,10
2026-02-14T19:35:52.607471-03:00,17
2026-02-14T19:56:54.800153-03:00,15
2026-02-14T20:30:46.167468-03:00,13
2026-02-14T20:54:19.080769-03:00,15
2026-02-14T23:26:43.177187-03:00,9
2026-02-15T01:34:06.172464-03:00,7
2026-02-15T02:42:38.646853-03:00,6
2026-02-15T03:33:57.546103-03:00,5
2026-02-15T04:24:57.642405-03:00,3
2026-02-15T04:55:40.653083-03:00,2
2026-02-15T05:36:56.583190-03:00,3
2026-02-15T06:02:26.447466-03:00,4
2026-02-15T06:45:01.040124-03:00,5
2026-02-15T07:00:51.208743-03:00,4
2026-02-15T07:45:32.553490-03:00,5
2026-02-15T08:02:37.756853-03:00,3
2026-02-15T08:33:52.722886-03:00,1
2026-02-15T08:52:26.437567-03:00,1
2026-02-15T09:54:08.494867-03:00,3
2026-02-15T10:47:06.410323-03:00,3
2026-02-15T11:15:07.847106-03:00,2
2026-02-15T11:48:24.327094-03:00,1
2026-02-15T12:12:52.412970-03:00,3
2026-02-15T12:43:56.264851-03:00,4
2026-02-15T13:00:07.568142-03:00,3
2026-02-15T13:43:36.016407-03:00,4
2026-02-15T14:12:02.039129-03:00,9
2026-02-15T14:45:32.996267-03:00,12
2026-02-15T15:00:16.241884-03:00,12
2026-02-15T15:53:49.433827-03:00,12
2026-02-15T16:26:26.774025-03:00,11
2026-02-15T16:47:05.065184-03:00,16
2026-02-15T16:58:39.504583-03:00,18
2026-02-15T17:37:35.206684-03:00,12
2026-02-15T17:58:13.138050-03:00,17
2026-02-15T18:33:23.388008-03:00,13
2026-02-15T18:54:23.463321-03:00,11
2026-02-15T19:52:52.639727-03:00,10
2026-02-15T20:28:28.578825-03:00,10
2026-02-15T20:53:16.784691-03:00,9
2026-02-15T23:23:25.567486-03:00,7
2026-02-16T01:37:11.118853-03:00,7
2026-02-16T02:53:34.805313-03:00,3
2026-02-16T04:04:56.583564-03:00,4
2026-02-16T04:59:34.343962-03:00,4
2026-02-16T06:00:58.934760-03:00,2
2026-02-16T07:08:02.532860-03:00,2
2026-02-16T08:06:41.472407-03:00,4
2026-02-16T08:52:40.064021-03:00,3
2026-02-16T10:06:30.748860-03:00,1
2026-02-16T11:10:33.497677-03:00,2
2026-02-16T12:04:33.237974-03:00,6
2026-02-16T12:55:03.912453-03:00,7
2026-02-16T13:46:14.282511-03:00,7
2026-02-16T14:27:46.092496-03:00,15
2026-02-16T15:04:04.458540-03:00,12
2026-02-16T16:01:17.609466-03:00,12
2026-02-16T16:44:06.834869-03:00,12
2026-02-16T17:01:55.228379-03:00,11
2026-02-16T17:46:46.525354-03:00,15
2026-02-16T18:15:13.979159-03:00,15
2026-02-16T18:47:24.474504-03:00,14
2026-02-16T19:13:21.301955-03:00,15
2026-02-16T19:51:14.056016-03:00,12
2026-02-16T20:30:41.782605-03:00,13
2026-02-16T20:57:18.447247-03:00,10
2026-02-16T23:44:54.123307-03:00,6
2026-02-17T01:32:57.368835-03:00,9
2026-02-17T02:45:16.344889-03:00,1
2026-02-17T03:40:01.766127-03:00,15
2026-02-17T04:38:59.712054-03:00,3
2026-02-17T05:27:12.619644-03:00,1
2026-02-17T06:26:43.299167-03:00,1
2026-02-17T07:25:42.400517-03:00,2
2026-02-17T08:12:53.015039-03:00,1
2026-02-17T08:56:07.443306-03:00,15
2026-02-17T10:12:01.152737-03:00,4
2026-02-17T11:13:24.783532-03:00,7
2026-02-17T12:08:57.459440-03:00,6
2026-02-17T13:07:39.956922-03:00,8
2026-02-17T14:15:04.542180-03:00,10
2026-02-17T15:08:57.996841-03:00,13
2026-02-17T16:14:28.182263-03:00,17
2026-02-17T16:54:47.781757-03:00,18
2026-02-17T17:39:27.883288-03:00,11
2026-02-17T18:19:00.789116-03:00,18
2026-02-17T18:51:07.099708-03:00,19
2026-02-17T19:33:01.294270-03:00,16
2026-02-17T20:00:47.382499-03:00,18
2026-02-17T20:42:33.207171-03:00,18
2026-02-17T21:03:01.439246-03:00,14
2026-02-18T00:15:12.070182-03:00,3
2026-02-18T02:05:09.773983-03:00,6
2026-02-18T03:12:50.091668-03:00,1
2026-02-18T04:29:06.247601-03:00,4
2026-02-18T05:04:43.452480-03:00,2
2026-02-18T06:01:22.687284-03:00,18
2026-02-18T07:02:41.249031-03:00,18
2026-02-18T08:03:32.116717-03:00,2
2026-02-18T08:51:50.766321-03:00,2
2026-02-18T10:07:40.285644-03:00,4
2026-02-18T11:11:53.325615-03:00,4
2026-02-18T12:07:45.779257-03:00,8
2026-02-18T14:18:42.960213-03:00,5
2026-02-18T15:04:58.059927-03:00,10
2026-02-18T16:11:42.525258-03:00,16
2026-02-18T16:58:58.883897-03:00,9
2026-02-18T17:51:39.440628-03:00,9
2026-02-18T18:35:42.184106-03:00,13
2026-02-18T19:01:55.426198-03:00,13
2026-02-18T19:51:32.671036-03:00,13
2026-02-18T20:31:19.582962-03:00,18
2026-02-18T20:58:35.244049-03:00,14
2026-02-18T23:53:42.988191-03:00,5
2026-02-19T01:53:08.797405-03:00,7
2026-02-19T02:59:51.981669-03:00,6
2026-02-19T04:12:44.795573-03:00,1
2026-02-19T04:59:36.042543-03:00,2
2026-02-19T05:57:38.438548-03:00,2
2026-02-19T06:57:48.903270-03:00,1
2026-02-19T07:54:14.692874-03:00,2
2026-02-19T08:38:50.111675-03:00,1
2026-02-19T09:04:34.558815-03:00,2
2026-02-19T10:41:04.315686-03:00,2
2026-02-19T11:37:43.066155-03:00,3
2026-02-19T12:29:49.201845-03:00,2
2026-02-19T13:29:05.009886-03:00,4
2026-02-19T14:31:31.779732-03:00,9
2026-02-19T15:31:51.550181-03:00,13
2026-02-19T16:27:55.101013-03:00,11
2026-02-19T16:59:10.130342-03:00,15
2026-02-19T17:42:43.919865-03:00,13
2026-02-19T18:17:06.434091-03:00,14
2026-02-19T18:52:50.293062-03:00,17
2026-02-19T19:33:15.583493-03:00,14
2026-02-19T20:02:57.299841-03:00,15
2026-02-19T20:43:02.324644-03:00,11
2026-02-19T21:02:22.095021-03:00,16
2026-02-19T23:53:10.151807-03:00,9
2026-02-20T01:47:37.585996-03:00,7
2026-02-20T02:43:01.807132-03:00,4
2026-02-20T03:37:06.223301-03:00,4
2026-02-20T04:35:19.571828-03:00,4
2026-02-20T05:06:36.242722-03:00,6
2026-02-20T05:57:40.573150-03:00,3
2026-02-20T06:51:33.877698-03:00,17
2026-02-20T07:38:52.326510-03:00,3
2026-02-20T08:18:23.019724-03:00,5
2026-02-20T08:48:57.493919-03:00,4
2026-02-20T09:26:24.019381-03:00,4
2026-02-20T10:40:34.350748-03:00,5
2026-02-20T11:29:11.889889-03:00,8
2026-02-20T12:09:58.159178-03:00,8
2026-02-20T12:53:19.070649-03:00,13
2026-02-20T13:40:53.949644-03:00,12
2026-02-20T14:25:11.010374-03:00,10
2026-02-20T15:02:50.839945-03:00,9
2026-02-20T16:03:44.125202-03:00,7
2026-02-20T16:45:38.972763-03:00,9
2026-02-20T17:01:32.047386-03:00,10
2026-02-20T17:47:06.458823-03:00,11
2026-02-20T18:10:36.633874-03:00,13
2026-02-20T18:44:41.435841-03:00,15
2026-02-20T18:59:33.089207-03:00,15
2026-02-20T19:38:26.346310-03:00,11
2026-02-20T20:39:39.837881-03:00,10
2026-02-20T20:58:25.163560-03:00,9
2026-02-20T23:42:06.861098-03:00,6
2026-02-21T01:20:15.613519-03:00,6
2026-02-21T02:15:11.286247-03:00,12
2026-02-21T02:58:47.957532-03:00,6
2026-02-21T03:56:02.981389-03:00,4
2026-02-21T04:34:46.013578-03:00,3
2026-02-21T04:55:23.811376-03:00,3
2026-02-21T05:33:38.302304-03:00,3
2026-02-21T06:00:28.657842-03:00,6
2026-02-21T06:42:32.593651-03:00,6
2026-02-21T07:00:17.848321-03:00,5
2026-02-21T07:43:44.873974-03:00,3
2026-02-21T08:01:36.493689-03:00,2
2026-02-21T08:33:28.356998-03:00,17
2026-02-21T08:51:35.094437-03:00,3
2026-02-21T09:51:18.165790-03:00,3
2026-02-21T10:42:31.066207-03:00,6
2026-02-21T11:11:43.139233-03:00,5
2026-02-21T11:46:43.962888-03:00,4
2026-02-21T12:37:31.847364-03:00,4
2026-02-21T12:55:26.531813-03:00,5
2026-02-21T13:31:38.170375-03:00,7
2026-02-21T13:59:14.176051-03:00,6
2026-02-21T14:34:44.489753-03:00,9
2026-02-21T15:37:30.643144-03:00,15
2026-02-21T16:03:51.651107-03:00,15
2026-02-21T16:34:52.298811-03:00,15
2026-02-21T16:52:06.384458-03:00,15
2026-02-21T17:27:02.318553-03:00,12
2026-02-21T17:49:46.335239-03:00,15
2026-02-21T18:10:05.145976-03:00,17
2026-02-21T18:37:01.279505-03:00,17
2026-02-21T18:54:51.632457-03:00,18
2026-02-21T19:26:04.574820-03:00,16
2026-02-21T19:51:38.113442-03:00,15
2026-02-21T20:26:12.643482-03:00,12
2026-02-21T20:47:54.629042-03:00,17
2026-02-21T20:59:45.856682-03:00,7
2026-02-21T23:55:56.983458-03:00,6
2026-02-22T01:51:10.487572-03:00,5
2026-02-22T02:52:12.470308-03:00,4
2026-02-22T03:50:52.359577-03:00,5
2026-02-22T04:36:15.640240-03:00,3
2026-02-22T04:58:24.036705-03:00,2
2026-02-22T05:43:41.070133-03:00,1
2026-02-22T06:15:07.160952-03:00,3
2026-02-22T06:48:45.406698-03:00,4
2026-02-22T07:11:29.137983-03:00,2
2026-02-22T07:47:03.238072-03:00,2
2026-02-22T08:02:24.933038-03:00,2
2026-02-22T08:33:29.661103-03:00,2
2026-02-22T08:52:05.213275-03:00,3
2026-02-22T09:52:53.010275-03:00,1
2026-02-22T10:44:33.823560-03:00,3
2026-02-22T11:47:08.828151-03:00,4
2026-02-22T12:11:46.780064-03:00,2
2026-02-22T12:43:58.033835-03:00,6
2026-02-22T13:00:31.999587-03:00,6
2026-02-22T13:47:03.058107-03:00,10
2026-02-22T14:13:17.602271-03:00,11
2026-02-22T14:45:47.502454-03:00,15
2026-02-22T15:00:06.493417-03:00,16
2026-02-22T15:50:19.258024-03:00,16
2026-02-22T16:25:51.033482-03:00,17
2026-02-22T16:46:24.272828-03:00,18
2026-02-22T16:58:05.704668-03:00,16
2026-02-22T17:36:55.191992-03:00,13
2026-02-22T17:57:01.853138-03:00,20
2026-02-22T18:30:48.587833-03:00,17
2026-02-22T18:53:51.486251-03:00,19
2026-02-22T19:26:46.060996-03:00,15
2026-02-22T19:52:49.111712-03:00,18
2026-02-22T20:27:31.615041-03:00,17
2026-02-22T20:51:10.566213-03:00,14
2026-02-22T23:23:28.728576-03:00,8
2026-02-23T01:35:39.733806-03:00,5
2026-02-23T02:51:26.283607-03:00,5
2026-02-23T04:06:30.149882-03:00,4
2026-02-23T05:00:48.400576-03:00,2
2026-02-23T06:04:04.783517-03:00,1
2026-02-23T07:09:15.545095-03:00,3
2026-02-23T08:06:56.488340-03:00,3
2026-02-23T10:08:05.534943-03:00,3
2026-02-23T11:13:10.639292-03:00,2
2026-02-23T12:09:29.985412-03:00,3
2026-02-23T13:02:23.979343-03:00,7
2026-02-23T14:15:04.450317-03:00,12
2026-02-23T15:13:45.585180-03:00,15
2026-02-23T16:34:26.566949-03:00,11
2026-02-23T17:22:27.054182-03:00,16
2026-02-23T18:10:34.890825-03:00,18
2026-02-23T19:04:38.223522-03:00,16
2026-02-23T19:58:20.133860-03:00,21
2026-02-23T20:40:01.471610-03:00,13
2026-02-23T21:00:17.344335-03:00,17
2026-02-23T23:53:24.774391-03:00,6
2026-02-24T01:52:38.787855-03:00,5
2026-02-24T02:59:52.867494-03:00,5
2026-02-24T04:12:47.407567-03:00,5
2026-02-24T05:02:16.911234-03:00,4
2026-02-24T06:04:50.478047-03:00,3
2026-02-24T07:06:18.559569-03:00,19
2026-02-24T08:04:49.451689-03:00,1
2026-02-24T10:09:12.453787-03:00,2
2026-02-24T11:15:58.346222-03:00,3
2026-02-24T12:12:24.190178-03:00,2
2026-02-24T13:16:14.214795-03:00,4
2026-02-24T14:31:14.472289-03:00,7
2026-02-24T15:35:24.623257-03:00,17
2026-02-24T16:36:35.312014-03:00,16
2026-02-24T17:02:41.099011-03:00,10
2026-02-24T17:53:14.207479-03:00,13
2026-02-24T18:36:38.647993-03:00,16
2026-02-24T19:03:30.722950-03:00,16
2026-02-24T20:33:25.188889-03:00,13
2026-02-24T20:59:46.794223-03:00,12
2026-02-24T23:54:27.359347-03:00,7
2026-02-25T01:53:16.362157-03:00,7
2026-02-25T03:01:29.533266-03:00,4
2026-02-25T04:15:23.597733-03:00,5
2026-02-25T05:03:38.627210-03:00,3
2026-02-25T06:04:42.678340-03:00,3
2026-02-25T07:08:36.105798-03:00,2
2026-02-25T08:08:32.648917-03:00,3
2026-02-25T08:53:09.450742-03:00,1
2026-02-25T10:07:58.529019-03:00,2
2026-02-25T11:14:37.514362-03:00,2
2026-02-25T12:12:35.571461-03:00,5
2026-02-25T13:36:48.157424-03:00,9
2026-02-25T14:40:53.574411-03:00,9
2026-02-25T15:43:05.722361-03:00,12
2026-02-25T16:41:32.419035-03:00,10
2026-02-25T17:21:16.380726-03:00,15
2026-02-25T18:02:11.498831-03:00,16
2026-02-25T18:47:41.230834-03:00,15
2026-02-25T19:16:22.082597-03:00,12
2026-02-25T20:29:36.942964-03:00,7
2026-02-25T20:55:36.579914-03:00,11
2026-02-25T23:21:59.011584-03:00,6
2026-02-26T01:27:55.347984-03:00,4
2026-02-26T02:41:53.010129-03:00,2
2026-02-26T03:40:50.614128-03:00,5
2026-02-26T04:40:34.453267-03:00,2
2026-02-26T05:29:16.363230-03:00,4
2026-02-26T06:28:14.236969-03:00,4
2026-02-26T07:25:38.348261-03:00,4
2026-02-26T08:12:34.052224-03:00,2
2026-02-26T08:56:45.692990-03:00,3
2026-02-26T10:19:04.709514-03:00,4
2026-02-26T11:15:51.662287-03:00,2
2026-02-26T12:09:06.676541-03:00,6
2026-02-26T13:06:41.347139-03:00,3
2026-02-26T14:16:04.170008-03:00,12
2026-02-26T15:06:54.336781-03:00,10
2026-02-26T16:53:22.607292-03:00,10
2026-02-26T17:39:08.200213-03:00,14
2026-02-26T18:18:41.072922-03:00,17
2026-02-26T18:49:02.850338-03:00,13
2026-02-26T19:18:53.226884-03:00,14
2026-02-26T19:57:01.686832-03:00,12
2026-02-26T20:36:36.895827-03:00,16
2026-02-26T20:59:01.292548-03:00,15
2026-02-26T23:47:03.231402-03:00,9
2026-02-27T01:27:28.542067-03:00,4
2026-02-27T02:37:00.398924-03:00,2
2026-02-27T03:31:25.657048-03:00,2
2026-02-27T04:32:05.332006-03:00,1
2026-02-27T05:06:09.255706-03:00,19
2026-02-27T05:58:13.093021-03:00,3
2026-02-27T06:53:57.106480-03:00,2
2026-02-27T07:39:17.596018-03:00,1
2026-02-27T08:20:10.410668-03:00,2
2026-02-27T08:49:57.751783-03:00,3
2026-02-27T09:27:50.007807-03:00,2
2026-02-27T10:40:24.002739-03:00,2
2026-02-27T11:28:32.049972-03:00,3
2026-02-27T12:09:35.824646-03:00,3
2026-02-27T12:52:24.735422-03:00,10
2026-02-27T13:41:52.963309-03:00,11
2026-02-27T14:21:55.392090-03:00,13
2026-02-27T15:00:57.868920-03:00,10
2026-02-27T16:01:03.863616-03:00,11
2026-02-27T16:45:29.388683-03:00,10
2026-02-27T17:02:19.955984-03:00,13
2026-02-27T17:43:43.323712-03:00,17
2026-02-27T18:14:09.465523-03:00,17
2026-02-27T18:46:26.133568-03:00,14
2026-02-27T19:00:34.927099-03:00,16
2026-02-27T19:39:58.564348-03:00,13
2026-02-27T19:58:18.359304-03:00,14
2026-02-27T20:33:18.757055-03:00,15
2026-02-27T20:54:11.137014-03:00,9
2026-02-28T01:00:07.105673-03:00,7
2026-02-28T01:59:48.306010-03:00,6
2026-02-28T02:40:39.751845-03:00,4
2026-02-28T03:02:13.250148-03:00,4
2026-02-28T03:55:29.167931-03:00,1
2026-02-28T04:28:22.485595-03:00,6
2026-02-28T04:48:23.684310-03:00,3
2026-02-28T04:59:29.340292-03:00,3
2026-02-28T05:40:08.603135-03:00,1
2026-02-28T05:59:38.462513-03:00,24
2026-02-28T06:35:33.723843-03:00,24
2026-02-28T06:52:31.529953-03:00,3
2026-02-28T07:25:40.010157-03:00,2
2026-02-28T07:48:47.679313-03:00,2
2026-02-28T07:59:44.161016-03:00,24
2026-02-28T08:27:49.559761-03:00,4
2026-02-28T08:44:41.288921-03:00,1
2026-02-28T08:56:24.017236-03:00,2
2026-02-28T09:54:34.335326-03:00,2
2026-02-28T10:37:13.217478-03:00,2
2026-02-28T10:57:07.526360-03:00,1
2026-02-28T11:29:05.829318-03:00,5
2026-02-28T11:49:41.714740-03:00,3
2026-02-28T12:00:15.398625-03:00,4
2026-02-28T12:34:13.954449-03:00,5
2026-02-28T12:51:40.718401-03:00,4
2026-02-28T13:28:29.074513-03:00,7
2026-02-28T13:51:42.402792-03:00,10
2026-02-28T14:21:13.189132-03:00,9
2026-02-28T14:44:56.583813-03:00,13
2026-02-28T14:57:17.601388-03:00,9
2026-02-28T15:41:52.539222-03:00,11
2026-02-28T16:29:51.732057-03:00,15
2026-02-28T16:45:15.163369-03:00,16
2026-02-28T16:56:21.711917-03:00,9
2026-02-28T17:30:51.695928-03:00,16
2026-02-28T17:53:40.934911-03:00,14
2026-02-28T18:22:57.640266-03:00,15
2026-02-28T18:43:19.673626-03:00,14
2026-02-28T18:56:30.080883-03:00,11
2026-02-28T19:27:16.611267-03:00,11
2026-02-28T19:48:56.879888-03:00,9
2026-02-28T19:59:49.138025-03:00,10
2026-02-28T20:30:56.388068-03:00,12
2026-02-28T20:52:04.761216-03:00,11
2026-02-28T23:29:19.014863-03:00,6
2026-03-01T01:34:28.819299-03:00,7
2026-03-01T02:39:19.703440-03:00,4
2026-03-01T03:27:50.373962-03:00,1
2026-03-01T04:10:08.579859-03:00,4
2026-03-01T04:46:57.735236-03:00,3
2026-03-01T05:00:45.111597-03:00,4
2026-03-01T05:46:13.151819-03:00,6
2026-03-01T06:15:12.470072-03:00,2
2026-03-01T06:46:07.153818-03:00,5
2026-03-01T06:59:42.644255-03:00,4
2026-03-01T07:35:57.515790-03:00,3
2026-03-01T07:55:14.572708-03:00,3
2026-03-01T08:21:11.230146-03:00,1
2026-03-01T08:42:42.338155-03:00,3
2026-03-01T08:56:31.527758-03:00,2
2026-03-01T09:58:25.373177-03:00,3
2026-03-01T10:42:51.601906-03:00,2
2026-03-01T11:01:13.542535-03:00,3
2026-03-01T11:38:11.393329-03:00,2
2026-03-01T11:56:10.463962-03:00,1
2026-03-01T12:27:42.970977-03:00,2
2026-03-01T12:47:53.699130-03:00,3
2026-03-01T13:00:25.750621-03:00,4
2026-03-01T13:42:53.467204-03:00,8
2026-03-01T14:02:00.673964-03:00,3
2026-03-01T14:35:11.973652-03:00,11
2026-03-01T14:52:49.785528-03:00,9
2026-03-01T15:35:39.247595-03:00,10
2026-03-01T16:00:13.083264-03:00,13
2026-03-01T16:30:28.737779-03:00,14
2026-03-01T16:50:41.003337-03:00,15
2026-03-01T17:28:50.017587-03:00,11
2026-03-01T17:52:12.196488-03:00,13
2026-03-01T18:24:50.065803-03:00,16
2026-03-01T18:45:24.942103-03:00,18
2026-03-01T18:57:35.850128-03:00,17
2026-03-01T19:32:47.484568-03:00,15
2026-03-01T19:55:07.679065-03:00,21
2026-03-01T20:25:31.541998-03:00,17
2026-03-01T20:47:11.938982-03:00,19
2026-03-01T21:00:01.464882-03:00,14
2026-03-01T23:50:05.962887-03:00,14
2026-03-02T01:29:52.400578-03:00,3
2026-03-02T02:38:28.251532-03:00,7
2026-03-02T04:36:10.702260-03:00,7
2026-03-02T05:06:13.922322-03:00,9
2026-03-02T05:59:58.323555-03:00,2
2026-03-02T07:01:49.331239-03:00,4
2026-03-02T08:00:15.158049-03:00,2
2026-03-02T08:39:52.210053-03:00,3
2026-03-02T10:20:06.275647-03:00,2
2026-03-02T11:10:45.243451-03:00,10
2026-03-02T12:02:38.222044-03:00,3
2026-03-02T12:54:12.405541-03:00,6
2026-03-02T13:51:21.282183-03:00,10
2026-03-02T14:45:35.688575-03:00,12
2026-03-02T15:27:24.450133-03:00,4
2026-03-02T16:21:39.911598-03:00,15
2026-03-02T16:56:53.980357-03:00,13
2026-03-02T17:44:11.270937-03:00,16
2026-03-02T18:19:03.302619-03:00,15
2026-03-02T18:53:19.457406-03:00,13
2026-03-02T19:55:33.429916-03:00,17
2026-03-02T20:52:38.752650-03:00,19
2026-03-02T23:21:49.629071-03:00,10
2026-03-03T01:25:44.274029-03:00,9
2026-03-03T02:33:04.829831-03:00,6
2026-03-03T04:27:04.293421-03:00,5
2026-03-03T05:01:22.893344-03:00,2
2026-03-03T05:58:03.634279-03:00,1
2026-03-03T06:55:06.080816-03:00,3
2026-03-03T07:40:19.519191-03:00,1
2026-03-03T08:53:56.206801-03:00,2
2026-03-03T10:00:46.499852-03:00,3
2026-03-03T11:03:58.302023-03:00,22
2026-03-03T12:01:33.078199-03:00,3
2026-03-03T12:57:35.479215-03:00,3
2026-03-03T13:58:51.456949-03:00,4
2026-03-03T14:52:02.234697-03:00,7
2026-03-03T16:39:33.082268-03:00,12
2026-03-03T17:01:58.504932-03:00,22
2026-03-03T17:47:19.171119-03:00,22
2026-03-03T18:19:28.665986-03:00,22
2026-03-03T18:51:52.210443-03:00,22
2026-03-03T19:31:04.333041-03:00,22
2026-03-03T19:57:26.031276-03:00,22
2026-03-03T20:34:08.121682-03:00,22
2026-03-03T20:55:43.779727-03:00,22
2026-03-03T23:21:36.852075-03:00,22
2026-03-04T01:19:06.552461-03:00,22
2026-03-04T02:16:14.264628-03:00,22
2026-03-04T03:01:29.364932-03:00,22
2026-03-04T04:04:17.366080-03:00,22
2026-03-04T04:50:06.692446-03:00,22
2026-03-04T05:23:26.993102-03:00,22
2026-03-04T06:04:49.399647-03:00,22
2026-03-04T06:55:53.063336-03:00,22
2026-03-04T07:39:49.752023-03:00,22
2026-03-04T08:16:47.892813-03:00,22
2026-03-04T08:47:21.569401-03:00,22
2026-03-04T09:24:23.788606-03:00,22
2026-03-04T10:36:32.684786-03:00,22
2026-03-04T11:24:18.249614-03:00,22
2026-03-04T12:04:32.329929-03:00,22
2026-03-04T12:56:06.851037-03:00,22
2026-03-04T13:52:34.253616-03:00,22
2026-03-04T14:39:54.854975-03:00,22
2026-03-04T15:25:49.415423-03:00,22
2026-03-04T16:12:09.591203-03:00,22
2026-03-04T16:52:16.209277-03:00,22
2026-03-04T17:33:36.944870-03:00,22
2026-03-04T18:01:09.986943-03:00,22
2026-03-04T18:47:50.690934-03:00,22
2026-03-04T19:16:32.019843-03:00,22
2026-03-04T19:52:10.709561-03:00,22
2026-03-04T20:31:24.771930-03:00,22
2026-03-04T20:56:53.098737-03:00,22
2026-03-04T23:36:43.482640-03:00,18
2026-03-07T11:37:44.455450-03:00,13
2026-03-07T11:55:56.975915-03:00,13
2026-03-07T12:27:11.340643-03:00,16
2026-03-07T12:47:20.599312-03:00,15
2026-03-07T12:59:48.176037-03:00,11
2026-03-07T13:39:03.610715-03:00,9
2026-03-07T14:28:49.550591-03:00,11
2026-03-07T14:48:23.978428-03:00,11
2026-03-07T14:59:18.512997-03:00,6
2026-03-07T15:47:55.006930-03:00,9
2026-03-07T16:10:26.829216-03:00,8
2026-03-07T16:38:05.346250-03:00,7
2026-03-07T16:51:29.667354-03:00,7
2026-03-07T17:27:25.090109-03:00,3
2026-03-07T17:50:06.671222-03:00,9
2026-03-07T18:09:38.058485-03:00,10
2026-03-07T18:34:00.529577-03:00,7
2026-03-07T18:50:58.689888-03:00,13
2026-03-07T19:24:59.264634-03:00,12
2026-03-07T19:48:58.357287-03:00,13
2026-03-07T20:00:59.619478-03:00,10
2026-03-07T20:34:08.424466-03:00,11
2026-03-07T20:52:55.025812-03:00,10
2026-03-07T23:13:39.230709-03:00,7
2026-03-08T01:21:00.987945-03:00,4
2026-03-08T02:29:00.956244-03:00,3
2026-03-08T03:05:05.881439-03:00,3
2026-03-08T03:58:49.730780-03:00,4
2026-03-08T04:37:23.614390-03:00,5
2026-03-08T04:55:48.593933-03:00,3
2026-03-08T05:35:15.423180-03:00,6
2026-03-08T05:59:32.144422-03:00,8
2026-03-08T06:38:48.527206-03:00,7
2026-03-08T06:57:04.806876-03:00,5
2026-03-08T07:32:00.175087-03:00,7
2026-03-08T07:55:43.243885-03:00,5
2026-03-08T08:23:08.002619-03:00,4
2026-03-08T08:44:21.055059-03:00,6
2026-03-08T08:57:40.744552-03:00,5
2026-03-08T10:05:19.572467-03:00,4
2026-03-08T10:47:50.511069-03:00,1
2026-03-08T11:11:42.790410-03:00,4
2026-03-08T11:44:54.676681-03:00,2
2026-03-08T12:00:43.429606-03:00,5
2026-03-08T12:35:44.223238-03:00,7
2026-03-08T12:52:54.812950-03:00,9
2026-03-08T13:30:36.476511-03:00,4
2026-03-08T13:57:18.972333-03:00,11
2026-03-08T14:29:31.865383-03:00,12
2026-03-08T14:51:02.171958-03:00,5
2026-03-08T15:36:26.511389-03:00,9
2026-03-08T16:01:33.196417-03:00,12
2026-03-08T16:33:16.214166-03:00,12
2026-03-08T16:51:24.975009-03:00,16
2026-03-08T17:28:23.768152-03:00,18
2026-03-08T17:52:01.599220-03:00,11
2026-03-08T18:25:30.593829-03:00,14
2026-03-08T18:47:08.465784-03:00,15
2026-03-08T18:58:54.112936-03:00,15
2026-03-08T19:34:26.853221-03:00,12
2026-03-08T19:55:05.537972-03:00,14
2026-03-08T20:25:58.585942-03:00,6
2026-03-08T20:47:46.266135-03:00,8
2026-03-08T21:00:17.803520-03:00,8
2026-03-08T23:54:28.562334-03:00,10
2026-03-09T01:52:22.474923-03:00,6
2026-03-09T02:58:33.617138-03:00,3
2026-03-09T04:13:19.208882-03:00,5
2026-03-09T04:59:10.181502-03:00,3
2026-03-09T05:57:06.029749-03:00,3
2026-03-09T06:59:30.145271-03:00,2
2026-03-09T07:55:43.337015-03:00,1
2026-03-09T08:35:57.279292-03:00,1
2026-03-09T09:00:04.388210-03:00,2
2026-03-09T11:29:35.794650-03:00,4
2026-03-09T12:33:15.197129-03:00,14
2026-03-09T13:36:43.332796-03:00,11
2026-03-09T14:31:07.100660-03:00,10
2026-03-09T15:28:25.988263-03:00,6
2026-03-09T16:24:02.032499-03:00,11
2026-03-09T16:57:17.474625-03:00,18
2026-03-09T17:41:46.791644-03:00,12
2026-03-09T18:17:41.694081-03:00,14
2026-03-09T18:50:11.242890-03:00,13
2026-03-09T19:15:47.880743-03:00,11
2026-03-09T19:49:10.147141-03:00,15
2026-03-09T20:14:56.338969-03:00,12
2026-03-09T20:45:28.073935-03:00,13
2026-03-09T20:59:40.950191-03:00,13
2026-03-09T23:45:17.768826-03:00,4
2026-03-10T01:24:30.748662-03:00,2
2026-03-10T02:32:08.605032-03:00,3
2026-03-10T04:24:59.062368-03:00,2
2026-03-10T05:00:00.109385-03:00,2
2026-03-10T05:56:49.014137-03:00,18
2026-03-10T06:52:42.024553-03:00,3
2026-03-10T07:40:41.568083-03:00,3
2026-03-10T08:21:32.031159-03:00,2
2026-03-10T08:54:44.558551-03:00,4
2026-03-10T10:03:47.589959-03:00,4
2026-03-10T11:06:35.205360-03:00,2
2026-03-10T12:07:27.165758-03:00,2
2026-03-10T13:15:39.859344-03:00,6
2026-03-10T14:10:51.529049-03:00,14
2026-03-10T15:03:23.565060-03:00,10
2026-03-10T16:05:47.380575-03:00,8
2026-03-10T16:49:12.423489-03:00,10
2026-03-10T17:18:30.854609-03:00,14
2026-03-10T17:53:24.338911-03:00,12
2026-03-10T18:30:10.704954-03:00,14
2026-03-10T18:53:29.883277-03:00,16
2026-03-10T19:29:40.764963-03:00,17
2026-03-10T19:56:25.105725-03:00,15
2026-03-10T20:32:19.576443-03:00,16
2026-03-10T20:55:28.559892-03:00,11
2026-03-10T23:08:21.218034-03:00,8
2026-03-11T01:17:55.687963-03:00,7
2026-03-11T02:29:21.328336-03:00,7
2026-03-11T03:09:11.116075-03:00,6
2026-03-11T04:11:30.283157-03:00,5
2026-03-11T04:56:50.689314-03:00,3
2026-03-11T05:51:50.712576-03:00,3
2026-03-11T06:43:59.908492-03:00,3
2026-03-11T07:24:42.971181-03:00,3
2026-03-11T08:06:33.809081-03:00,3
2026-03-11T08:46:43.696720-03:00,2
2026-03-11T09:27:12.745600-03:00,1
2026-03-11T10:45:43.676033-03:00,4
2026-03-11T11:36:07.275628-03:00,4
2026-03-11T12:28:39.367172-03:00,5
2026-03-11T13:28:44.239298-03:00,7
2026-03-11T14:28:42.743354-03:00,9
2026-03-11T15:28:50.030952-03:00,5
2026-03-11T16:25:53.896640-03:00,17
2026-03-11T16:58:14.892472-03:00,15
2026-03-11T17:41:41.016121-03:00,14
2026-03-11T18:16:41.410133-03:00,18
2026-03-11T18:50:12.171032-03:00,12
2026-03-11T19:15:58.545201-03:00,13
2026-03-11T19:44:32.261483-03:00,11
2026-03-11T20:00:49.104853-03:00,18
2026-03-11T20:37:36.506964-03:00,11
2026-03-11T20:57:29.409248-03:00,12
2026-03-11T23:44:39.255106-03:00,6
2026-03-12T01:27:35.107276-03:00,3
2026-03-12T02:36:28.438003-03:00,3
2026-03-12T03:32:51.403774-03:00,2
2026-03-12T04:32:20.947264-03:00,1
2026-03-12T05:05:46.904551-03:00,1
2026-03-12T05:59:37.754964-03:00,1
2026-03-12T06:55:52.353093-03:00,3
2026-03-12T07:42:01.941438-03:00,1
2026-03-12T08:22:16.151716-03:00,1
2026-03-12T08:49:07.542944-03:00,1
2026-03-12T09:26:48.344641-03:00,4
2026-03-12T10:42:55.064339-03:00,3
2026-03-12T11:36:07.334338-03:00,2
2026-03-12T12:39:06.919782-03:00,5
2026-03-12T13:41:34.743717-03:00,9
2026-03-12T14:36:41.279763-03:00,12
2026-03-12T15:30:41.264757-03:00,18
2026-03-12T16:27:44.820949-03:00,16
2026-03-12T17:00:03.214406-03:00,10
2026-03-12T17:48:24.649282-03:00,16
2026-03-12T18:19:34.918218-03:00,17
2026-03-12T18:51:46.483215-03:00,12
2026-03-12T19:28:03.229865-03:00,14
2026-03-12T19:55:10.037493-03:00,14
2026-03-12T20:29:45.935929-03:00,17
2026-03-12T20:53:00.807548-03:00,14
2026-03-12T23:10:07.099195-03:00,8
2026-03-13T01:20:44.801955-03:00,6
2026-03-13T02:32:50.186728-03:00,7
2026-03-13T03:30:51.168963-03:00,6
2026-03-13T04:30:58.039988-03:00,4
2026-03-13T05:05:36.288661-03:00,5
2026-03-13T05:56:46.805051-03:00,4
2026-03-13T06:47:14.629645-03:00,2
2026-03-13T07:21:05.930473-03:00,2
2026-03-13T08:04:04.744256-03:00,5
2026-03-13T08:43:13.490540-03:00,3
2026-03-13T09:24:44.230672-03:00,2
2026-03-13T10:39:06.060820-03:00,1
2026-03-13T11:27:16.307488-03:00,1
2026-03-13T12:10:32.791630-03:00,3
2026-03-13T12:59:02.872700-03:00,2
2026-03-13T13:52:49.645559-03:00,13
2026-03-13T14:35:45.393273-03:00,13
2026-03-13T15:03:18.489452-03:00,13
2026-03-13T15:59:01.282385-03:00,14
2026-03-13T16:39:09.183466-03:00,10
2026-03-13T17:01:06.054660-03:00,17
2026-03-13T17:51:10.312810-03:00,17
2026-03-13T18:34:38.486036-03:00,14
2026-03-13T18:59:38.021834-03:00,16
2026-03-13T19:37:49.926962-03:00,16
2026-03-13T19:59:35.625491-03:00,13
2026-03-13T20:38:08.476933-03:00,12
2026-03-13T20:58:43.692325-03:00,11
2026-03-13T23:45:44.878507-03:00,9
2026-03-14T01:24:50.183054-03:00,11
2026-03-14T02:31:22.257513-03:00,3
2026-03-14T03:27:19.855547-03:00,7
2026-03-14T04:21:20.278447-03:00,7
2026-03-14T04:55:46.151275-03:00,9
2026-03-14T05:38:45.319506-03:00,4
2026-03-14T06:47:34.520832-03:00,1
2026-03-14T07:13:20.228760-03:00,2
2026-03-14T07:48:59.334665-03:00,2
2026-03-14T08:12:06.551571-03:00,3
2026-03-14T08:41:14.549726-03:00,1
2026-03-14T08:59:43.609908-03:00,18
2026-03-14T10:11:37.063384-03:00,2
2026-03-14T10:55:19.447388-03:00,3
2026-03-14T11:29:50.459627-03:00,2
2026-03-14T11:57:11.660207-03:00,4
2026-03-14T12:34:07.145907-03:00,5
2026-03-14T12:55:27.969068-03:00,10
2026-03-14T13:34:44.589524-03:00,10
2026-03-14T14:00:46.583657-03:00,9
2026-03-14T14:40:45.794687-03:00,10
2026-03-14T15:00:53.261301-03:00,7
2026-03-14T15:56:07.611086-03:00,11
2026-03-14T16:29:36.274912-03:00,11
2026-03-14T16:50:25.695212-03:00,9
2026-03-14T17:30:07.916365-03:00,10
2026-03-14T17:55:23.031691-03:00,17
2026-03-14T18:28:11.019307-03:00,14
2026-03-14T18:50:43.142612-03:00,15
2026-03-14T19:27:50.208450-03:00,13
2026-03-14T19:54:53.750987-03:00,13
2026-03-14T20:29:30.423586-03:00,14
2026-03-14T20:53:40.471670-03:00,11
2026-03-14T23:33:17.545249-03:00,7
2026-03-15T01:55:44.725287-03:00,6
2026-03-15T03:05:30.712741-03:00,3
2026-03-15T04:12:03.939263-03:00,4
2026-03-15T04:55:24.239757-03:00,3
2026-03-15T05:38:57.018233-03:00,4
2026-03-15T06:05:48.482282-03:00,2
2026-03-15T06:48:00.362989-03:00,6
2026-03-15T07:15:20.434439-03:00,5
2026-03-15T07:52:04.390017-03:00,5
2026-03-15T08:27:56.249103-03:00,2
2026-03-15T08:50:37.294037-03:00,3
2026-03-15T09:56:05.752790-03:00,6
2026-03-15T10:50:30.264588-03:00,4
2026-03-15T11:31:30.447394-03:00,1
2026-03-15T11:59:32.159247-03:00,6
2026-03-15T12:37:59.092732-03:00,3
2026-03-15T12:58:45.485332-03:00,8
2026-03-15T13:42:46.376044-03:00,9
2026-03-15T14:13:24.656229-03:00,9
2026-03-15T14:47:35.502691-03:00,10
2026-03-15T15:18:39.838506-03:00,10
2026-03-15T16:00:33.458384-03:00,13
2026-03-15T16:38:34.478942-03:00,8
2026-03-15T16:56:14.157798-03:00,9
2026-03-15T17:34:40.368604-03:00,10
2026-03-15T17:58:46.648375-03:00,11
2026-03-15T18:36:06.887955-03:00,16
2026-03-15T18:56:04.536434-03:00,16
2026-03-15T19:32:21.137731-03:00,15
2026-03-15T19:59:33.352720-03:00,12
2026-03-15T20:38:22.075361-03:00,13
2026-03-15T20:58:53.737375-03:00,8
2026-03-16T00:28:09.973138-03:00,10
2026-03-16T02:29:33.304409-03:00,4
2026-03-16T03:54:32.878930-03:00,1
2026-03-16T05:07:56.968750-03:00,1
2026-03-16T06:12:06.822112-03:00,4
2026-03-16T07:17:31.878476-03:00,4
2026-03-16T08:14:09.271898-03:00,5
2026-03-16T09:00:20.518345-03:00,4
2026-03-16T10:48:27.231575-03:00,1
2026-03-16T11:51:35.992217-03:00,4
2026-03-16T13:05:38.834546-03:00,5
2026-03-16T14:15:53.825551-03:00,10
2026-03-16T15:11:44.790938-03:00,12
2026-03-16T16:31:14.515665-03:00,10
2026-03-16T17:03:56.803630-03:00,17
2026-03-16T17:55:00.965600-03:00,17
2026-03-16T18:41:21.149454-03:00,14
2026-03-16T19:19:14.377809-03:00,13
2026-03-16T19:54:15.303387-03:00,9
2026-03-16T20:33:29.790954-03:00,9
2026-03-16T20:57:37.928978-03:00,6
2026-03-16T23:46:47.314706-03:00,11
2026-03-17T01:31:20.152833-03:00,13
2026-03-17T02:45:06.104631-03:00,6
2026-03-17T03:45:35.379924-03:00,7
2026-03-17T04:44:05.297568-03:00,7
2026-03-17T05:35:19.130342-03:00,6
2026-03-17T06:35:57.471873-03:00,1
2026-03-17T07:31:21.685249-03:00,2
2026-03-17T08:27:35.870099-03:00,3
2026-03-17T09:04:32.375819-03:00,3
2026-03-17T10:48:38.367678-03:00,4
2026-03-17T11:45:36.583947-03:00,3
2026-03-17T12:47:18.201816-03:00,2
2026-03-17T13:49:02.897641-03:00,5
2026-03-17T14:48:10.477997-03:00,11
2026-03-17T15:41:00.039192-03:00,12
2026-03-17T16:44:24.451227-03:00,10
2026-03-17T17:24:11.710820-03:00,14
2026-03-17T18:04:43.603419-03:00,15
2026-03-17T18:52:30.258492-03:00,12
2026-03-17T19:35:02.173613-03:00,13
2026-03-17T20:04:00.054946-03:00,13
2026-03-17T20:45:35.613910-03:00,9
2026-03-17T21:58:18.759754-03:00,10
2026-03-18T00:44:42.715028-03:00,3
2026-03-18T02:18:38.334406-03:00,2
2026-03-18T03:35:32.081473-03:00,1
2026-03-18T04:38:13.459894-03:00,2
2026-03-18T05:28:08.683630-03:00,2
2026-03-18T06:30:09.867371-03:00,3
2026-03-18T07:31:01.418825-03:00,1
2026-03-18T08:29:32.524941-03:00,2
2026-03-18T09:06:51.425877-03:00,1
2026-03-18T10:51:23.012057-03:00,3
2026-03-18T12:03:50.111251-03:00,4
2026-03-18T13:16:14.845611-03:00,5
2026-03-18T14:31:25.828164-03:00,11
2026-03-18T15:33:33.259276-03:00,15
2026-03-18T16:33:56.777951-03:00,11
2026-03-18T17:04:09.514985-03:00,14
2026-03-18T17:53:49.327885-03:00,14
2026-03-18T18:36:23.783748-03:00,13
2026-03-18T19:01:52.959075-03:00,13
2026-03-18T19:47:09.447926-03:00,9
2026-03-18T20:17:28.518408-03:00,11
2026-03-18T20:46:44.164330-03:00,10
2026-03-18T21:57:57.933132-03:00,9
2026-03-19T00:44:03.035347-03:00,6
2026-03-19T02:14:51.648226-03:00,5
2026-03-19T03:12:42.904476-03:00,5
2026-03-19T04:59:08.794489-03:00,5
2026-03-19T06:50:37.501138-03:00,6
2026-03-19T07:41:22.823831-03:00,6
2026-03-19T08:23:47.660566-03:00,2
2026-03-19T10:23:47.189718-03:00,2
2026-03-19T11:28:10.828517-03:00,2
2026-03-19T12:25:19.275844-03:00,4
2026-03-19T13:29:49.613313-03:00,6
2026-03-19T14:34:51.524103-03:00,10
2026-03-19T15:30:12.383080-03:00,13
2026-03-19T16:29:32.246788-03:00,13
2026-03-19T17:02:13.904131-03:00,13
2026-03-19T17:53:50.506036-03:00,14
2026-03-19T18:36:54.029228-03:00,13
2026-03-19T19:39:44.490804-03:00,12
2026-03-19T20:02:30.435272-03:00,14
2026-03-19T20:42:09.994043-03:00,8
2026-03-19T21:02:15.970057-03:00,11
2026-03-19T23:52:10.919974-03:00,7
2026-03-20T01:47:27.370659-03:00,7
2026-03-20T02:41:31.643102-03:00,7
2026-03-20T03:36:56.265392-03:00,5
2026-03-20T04:34:00.829148-03:00,5
2026-03-20T05:05:42.362216-03:00,1
2026-03-20T05:58:04.036149-03:00,6
2026-03-20T06:53:57.783009-03:00,4
2026-03-20T07:39:29.532244-03:00,3
2026-03-20T08:18:03.745242-03:00,3
2026-03-20T08:48:30.984479-03:00,3
2026-03-20T09:26:51.314100-03:00,2
2026-03-20T10:41:25.622253-03:00,1
2026-03-20T11:32:20.624339-03:00,5
2026-03-20T12:25:46.767149-03:00,3
2026-03-20T13:05:45.908862-03:00,6
2026-03-20T13:59:38.291847-03:00,11
2026-03-20T14:46:31.717505-03:00,15
2026-03-20T15:26:49.908091-03:00,13
2026-03-20T16:20:46.063322-03:00,18
2026-03-20T16:55:30.763602-03:00,14
2026-03-20T17:35:24.565404-03:00,11
2026-03-20T18:01:18.256039-03:00,14
2026-03-20T18:42:50.293376-03:00,10
2026-03-20T19:01:37.846605-03:00,10
2026-03-20T19:35:13.724119-03:00,7
2026-03-20T19:46:20.167967-03:00,9
2026-03-20T20:15:02.969877-03:00,5
2026-03-20T20:46:08.121423-03:00,5
2026-03-20T21:01:44.237055-03:00,5
2026-03-20T23:45:42.496036-03:00,6
2026-03-21T01:20:25.532738-03:00,7
2026-03-21T02:27:09.409896-03:00,5
2026-03-21T03:02:20.223369-03:00,6
2026-03-21T04:00:49.847150-03:00,7
2026-03-21T04:44:21.111347-03:00,6
2026-03-21T05:00:54.519251-03:00,8
2026-03-21T05:48:58.671679-03:00,8
2026-03-21T06:18:09.517058-03:00,9
2026-03-21T06:49:30.446737-03:00,4
2026-03-21T07:12:44.590815-03:00,3
2026-03-21T07:47:44.899798-03:00,3
2026-03-21T08:11:16.048665-03:00,3
2026-03-21T08:39:47.738653-03:00,2
2026-03-21T08:55:20.460319-03:00,4
2026-03-21T09:53:02.970329-03:00,1
2026-03-21T10:42:58.788614-03:00,5
2026-03-21T11:13:24.025773-03:00,4
2026-03-21T11:47:28.040185-03:00,3
2026-03-21T12:12:29.184293-03:00,4
2026-03-21T12:43:52.555687-03:00,4
2026-03-21T13:00:59.257723-03:00,2
2026-03-21T13:46:08.935261-03:00,4
2026-03-21T14:13:07.071890-03:00,3
2026-03-21T14:45:05.240067-03:00,4
2026-03-21T15:00:54.136718-03:00,2
2026-03-21T15:52:44.795363-03:00,6
2026-03-21T16:25:53.743980-03:00,8
2026-03-21T16:46:16.017471-03:00,12
2026-03-21T16:58:28.929185-03:00,10
2026-03-21T17:37:05.700055-03:00,12
2026-03-21T17:56:51.930489-03:00,13
2026-03-21T18:30:48.740596-03:00,15
2026-03-21T18:53:42.009541-03:00,17
2026-03-21T19:27:01.261025-03:00,15
2026-03-21T19:52:21.353625-03:00,12
2026-03-21T20:27:00.557623-03:00,11
2026-03-21T20:49:12.491835-03:00,11
2026-03-21T21:59:02.941153-03:00,7
2026-03-22T00:42:58.758027-03:00,5
2026-03-22T02:12:23.202539-03:00,6
2026-03-22T03:08:14.949034-03:00,5
2026-03-22T04:07:32.013549-03:00,2
2026-03-22T04:49:07.026886-03:00,3
2026-03-22T05:18:12.941966-03:00,4
2026-03-22T05:54:01.790026-03:00,6
2026-03-22T06:34:22.920452-03:00,5
2026-03-22T06:58:20.599634-03:00,4
2026-03-22T07:37:52.320947-03:00,4
2026-03-22T07:59:28.794912-03:00,6
2026-03-22T08:32:37.251299-03:00,4
2026-03-22T08:53:46.658958-03:00,4
2026-03-22T09:54:45.886938-03:00,3
2026-03-22T10:45:11.079027-03:00,4
2026-03-22T11:14:45.820837-03:00,2
2026-03-22T11:48:27.182154-03:00,4
2026-03-22T12:13:10.313959-03:00,1
2026-03-22T12:44:11.249930-03:00,3
2026-03-22T13:00:38.388317-03:00,5
2026-03-22T13:46:25.346270-03:00,3
2026-03-22T14:12:36.734587-03:00,8
2026-03-22T14:45:04.150360-03:00,9
2026-03-22T15:01:02.876201-03:00,13
2026-03-22T15:54:04.102921-03:00,9
2026-03-22T16:26:52.140087-03:00,7
2026-03-22T16:47:38.061959-03:00,7
2026-03-22T16:59:27.372350-03:00,6
2026-03-22T17:39:12.701399-03:00,2
2026-03-22T17:59:14.475717-03:00,1
2026-03-22T18:34:49.244206-03:00,5
2026-03-22T18:54:59.352359-03:00,3
2026-03-22T19:27:37.428104-03:00,4
2026-03-22T19:54:19.194392-03:00,2
2026-03-22T20:29:29.277837-03:00,9
2026-03-22T20:54:32.048914-03:00,5
2026-03-22T23:26:43.468794-03:00,5
2026-03-23T01:40:47.348218-03:00,2
2026-03-23T03:01:16.773490-03:00,2
2026-03-23T04:37:51.134947-03:00,2
2026-03-23T05:33:43.421868-03:00,1
2026-03-23T06:43:10.355457-03:00,3
2026-03-23T07:38:50.064600-03:00,1
2026-03-23T08:30:07.097589-03:00,1
2026-03-23T09:05:51.155202-03:00,2
2026-03-23T10:47:05.670327-03:00,4
2026-03-23T11:44:11.922914-03:00,3
2026-03-23T12:45:01.416142-03:00,4
2026-03-23T13:38:42.768216-03:00,6
2026-03-23T14:34:50.629842-03:00,6
2026-03-23T15:29:41.659314-03:00,6
2026-03-23T16:30:23.552624-03:00,11
2026-03-23T17:07:41.021273-03:00,10
2026-03-23T17:53:52.971363-03:00,10
2026-03-23T18:38:16.468192-03:00,10
2026-03-23T19:01:29.741974-03:00,13
2026-03-23T19:50:34.640630-03:00,10
2026-03-23T20:33:59.805908-03:00,7
2026-03-23T20:58:45.660619-03:00,4
2026-03-23T23:50:15.130619-03:00,3
2026-03-24T01:54:20.318087-03:00,6
2026-03-24T03:00:32.536375-03:00,2
2026-03-24T04:17:36.774172-03:00,3
2026-03-24T05:04:26.508329-03:00,1
2026-03-24T06:06:17.543554-03:00,1
2026-03-24T07:07:19.725790-03:00,2
2026-03-24T08:07:57.630044-03:00,2
2026-03-24T08:55:38.334742-03:00,2
2026-03-24T10:17:23.837682-03:00,3
2026-03-24T11:37:38.456607-03:00,4
2026-03-24T13:43:45.937655-03:00,9
2026-03-24T14:42:52.678114-03:00,8
2026-03-24T15:42:10.836151-03:00,12
2026-03-24T16:43:23.254283-03:00,17
2026-03-24T17:26:31.085605-03:00,17
2026-03-24T18:05:41.086647-03:00,13
2026-03-24T18:51:04.787313-03:00,13
2026-03-24T19:33:33.048237-03:00,13
2026-03-24T20:01:54.523854-03:00,11
2026-03-24T20:44:37.104474-03:00,12
2026-03-24T21:57:05.123330-03:00,8
2026-03-25T00:40:14.634300-03:00,2
2026-03-25T02:15:26.367939-03:00,3
2026-03-25T03:15:51.688707-03:00,2
2026-03-25T04:31:33.230656-03:00,1
2026-03-25T05:27:35.492326-03:00,2
2026-03-25T06:29:43.215366-03:00,2
2026-03-25T07:28:10.576127-03:00,2
2026-03-25T08:24:06.589710-03:00,12
2026-03-25T09:02:39.941538-03:00,12
2026-03-25T10:47:19.754297-03:00,3
2026-03-25T11:47:54.324038-03:00,2
2026-03-25T12:54:25.536072-03:00,5
2026-03-25T14:03:16.916638-03:00,7
2026-03-25T15:08:12.431140-03:00,9
2026-03-25T16:10:38.984828-03:00,7
2026-03-25T16:56:16.955621-03:00,2
2026-03-25T17:42:56.791180-03:00,11
2026-03-25T18:22:44.673253-03:00,12
2026-03-25T19:01:50.598654-03:00,13
2026-03-25T19:53:47.776632-03:00,9
2026-03-25T20:36:45.885889-03:00,11
2026-03-25T21:02:54.198578-03:00,7
2026-03-26T00:24:59.416924-03:00,7
2026-03-26T02:21:05.945204-03:00,6
2026-03-26T03:44:11.887595-03:00,5
2026-03-26T04:48:10.493614-03:00,5
2026-03-26T05:37:03.246696-03:00,1
2026-03-26T06:43:08.359380-03:00,2
2026-03-26T07:38:43.296895-03:00,1
2026-03-26T08:35:54.045091-03:00,2
2026-03-26T09:38:19.650419-03:00,3
2026-03-26T11:11:19.315031-03:00,3
2026-03-26T12:44:43.637695-03:00,3
2026-03-26T13:47:25.941858-03:00,10
2026-03-26T14:46:50.902528-03:00,6
2026-03-26T15:43:30.205635-03:00,8
2026-03-26T16:45:12.783714-03:00,11
2026-03-26T17:21:10.052417-03:00,10
2026-03-26T17:59:28.952933-03:00,10
2026-03-26T18:40:00.884681-03:00,9
2026-03-26T18:59:03.955811-03:00,11
2026-03-26T19:41:39.146655-03:00,12
2026-03-26T20:14:52.186975-03:00,8
2026-03-26T20:50:50.038098-03:00,8
2026-03-26T23:31:58.709029-03:00,6
2026-03-27T01:57:00.250018-03:00,6
2026-03-27T03:14:32.052889-03:00,4
2026-03-27T04:37:06.287865-03:00,4
2026-03-27T05:28:06.482379-03:00,3
2026-03-27T06:29:27.351866-03:00,2
2026-03-27T07:25:43.342002-03:00,1
2026-03-27T08:22:46.946376-03:00,3
2026-03-27T09:02:51.865158-03:00,1
2026-03-27T10:40:44.220113-03:00,2
2026-03-27T11:40:09.904202-03:00,3
2026-03-27T12:34:37.506213-03:00,2
2026-03-27T13:32:01.601652-03:00,3
2026-03-27T14:31:09.609786-03:00,5
2026-03-27T15:32:39.540175-03:00,11
2026-03-27T16:26:46.541281-03:00,14
2026-03-27T16:58:59.350439-03:00,9
2026-03-27T17:50:47.970138-03:00,14
2026-03-27T18:36:00.535544-03:00,10
2026-03-27T19:00:31.505741-03:00,11
2026-03-27T19:50:21.045697-03:00,11
2026-03-27T20:33:53.838090-03:00,10
2026-03-27T20:57:21.707831-03:00,5
2026-03-27T23:47:32.355178-03:00,5
2026-03-28T01:45:11.144298-03:00,8
2026-03-28T02:45:39.445997-03:00,6
2026-03-28T03:40:24.955952-03:00,4
2026-03-28T04:35:42.461497-03:00,3
2026-03-28T05:04:39.219256-03:00,2
2026-03-28T05:55:11.225549-03:00,4
2026-03-28T06:38:49.443405-03:00,4
2026-03-28T07:04:53.697292-03:00,6
2026-03-28T07:49:18.346996-03:00,4
2026-03-28T08:15:50.866343-03:00,3
2026-03-28T08:45:24.338716-03:00,1
2026-03-28T09:02:11.708230-03:00,14
2026-03-28T10:17:44.191298-03:00,3
2026-03-28T11:01:48.643608-03:00,6
2026-03-28T11:48:52.953617-03:00,8
2026-03-28T12:17:27.751898-03:00,7
2026-03-28T12:49:08.265487-03:00,7
2026-03-28T13:17:02.951121-03:00,4
2026-03-28T13:54:00.454723-03:00,5
2026-03-28T14:30:18.518029-03:00,9
2026-03-28T14:58:38.872584-03:00,8
2026-03-28T15:54:57.320514-03:00,9
2026-03-28T16:55:41.610549-03:00,9
2026-03-28T17:34:02.590214-03:00,12
2026-03-28T18:00:28.264359-03:00,9
2026-03-28T18:42:28.784779-03:00,9
2026-03-28T19:02:12.309123-03:00,7
2026-03-28T19:46:36.529216-03:00,8
2026-03-28T20:16:45.078251-03:00,5
2026-03-28T20:49:03.976648-03:00,7
2026-03-28T22:05:29.029179-03:00,6
2026-03-29T01:09:26.398154-03:00,5
2026-03-29T02:50:55.147857-03:00,3
2026-03-29T04:05:22.397781-03:00,2
2026-03-29T04:57:04.034956-03:00,3
2026-03-29T05:52:04.888558-03:00,2
2026-03-29T06:38:08.248285-03:00,2
2026-03-29T07:04:18.755337-03:00,3
2026-03-29T07:51:28.591679-03:00,2
2026-03-29T08:30:43.165662-03:00,1
2026-03-29T08:56:59.861597-03:00,3
2026-03-29T10:08:48.401578-03:00,4
2026-03-29T10:58:18.178718-03:00,4
2026-03-29T11:42:05.234121-03:00,1
2026-03-29T12:16:57.253026-03:00,3
2026-03-29T12:49:21.345832-03:00,2
2026-03-29T13:18:52.177380-03:00,2
2026-03-29T13:57:20.392281-03:00,6
2026-03-29T14:38:26.100327-03:00,6
2026-03-29T15:01:44.890918-03:00,11
2026-03-29T16:00:41.935166-03:00,9
2026-03-29T16:44:41.225935-03:00,10
2026-03-29T17:02:55.520942-03:00,12
2026-03-29T17:48:43.501694-03:00,12
2026-03-29T18:18:47.940889-03:00,10
2026-03-29T18:50:49.402675-03:00,11
2026-03-29T19:32:55.379215-03:00,14
2026-03-29T20:02:55.012605-03:00,10
2026-03-29T20:46:36.981180-03:00,7
2026-03-29T22:06:32.663794-03:00,6
2026-03-30T01:15:48.479069-03:00,3
2026-03-30T03:11:53.261987-03:00,1
2026-03-30T05:03:10.082534-03:00,2
2026-03-30T06:44:46.474676-03:00,1
2026-03-30T07:50:02.584852-03:00,2
2026-03-30T08:43:35.960403-03:00,2
2026-03-30T09:42:37.314113-03:00,3
2026-03-30T11:15:47.971820-03:00,8
2026-03-30T12:45:13.609998-03:00,7
2026-03-30T13:41:59.130005-03:00,5
2026-03-30T14:40:04.218646-03:00,7
2026-03-30T15:38:59.931989-03:00,6
2026-03-30T16:40:39.425192-03:00,6
2026-03-30T17:29:35.507247-03:00,10
2026-03-30T18:22:10.234797-03:00,13
2026-03-30T19:03:13.850017-03:00,11
2026-03-30T19:54:20.116416-03:00,11
2026-03-30T20:36:39.133198-03:00,10
2026-03-30T21:03:55.600396-03:00,8
2026-03-31T00:27:13.531711-03:00,3
2026-03-31T02:26:04.573571-03:00,2
2026-03-31T03:50:04.612718-03:00,1
2026-03-31T04:58:37.591206-03:00,3
2026-03-31T06:12:33.511949-03:00,1
2026-03-31T07:15:57.383404-03:00,3
2026-03-31T08:13:52.007530-03:00,3
2026-03-31T09:02:56.596833-03:00,2
2026-03-31T10:59:49.249359-03:00,2
2026-03-31T12:14:49.222513-03:00,1
2026-03-31T13:17:08.803399-03:00,6
2026-03-31T14:16:53.455208-03:00,8
2026-03-31T15:10:11.035310-03:00,9
2026-03-31T16:19:20.800562-03:00,11
2026-03-31T17:03:15.875782-03:00,13
2026-03-31T17:56:03.785994-03:00,12
2026-03-31T18:41:43.707506-03:00,10
2026-03-31T19:20:50.367548-03:00,11
2026-03-31T19:59:22.670220-03:00,12
2026-03-31T20:43:03.205373-03:00,8
2026-03-31T22:09:26.129884-03:00,5
2026-04-01T01:20:30.407910-03:00,2
2026-04-01T03:10:55.754209-03:00,3
2026-04-01T04:56:22.826922-03:00,1
2026-04-01T06:11:52.762689-03:00,3
2026-04-01T07:17:02.471810-03:00,2
2026-04-01T08:16:42.517919-03:00,3
2026-04-01T09:04:29.335765-03:00,2
2026-04-01T11:02:17.474984-03:00,1
2026-04-01T12:38:36.758700-03:00,3
2026-04-01T13:36:07.465405-03:00,8
2026-04-01T14:33:55.832945-03:00,7
2026-04-01T15:34:59.253914-03:00,9
2026-04-01T16:41:54.987428-03:00,11
2026-04-01T17:29:00.844781-03:00,13
2026-04-01T18:10:54.686879-03:00,11
2026-04-01T19:00:10.867300-03:00,14
2026-04-01T19:52:07.462527-03:00,14
2026-04-01T20:37:30.370890-03:00,11
2026-04-01T21:00:56.232077-03:00,10
2026-04-02T00:23:30.608672-03:00,5
2026-04-02T02:19:01.491254-03:00,2
2026-04-02T03:43:46.101404-03:00,3
2026-04-02T04:53:48.028212-03:00,1
2026-04-02T05:59:03.021938-03:00,4
2026-04-02T07:07:49.371583-03:00,3
2026-04-02T08:08:44.616281-03:00,2
2026-04-02T08:57:09.838667-03:00,2
2026-04-02T10:41:20.521737-03:00,1
2026-04-02T11:43:21.127255-03:00,4
2026-04-02T12:44:04.479994-03:00,6
2026-04-02T13:40:26.027369-03:00,7
2026-04-02T14:37:30.087523-03:00,10
2026-04-02T15:33:59.812640-03:00,8
2026-04-02T16:33:26.734591-03:00,11
2026-04-02T17:05:52.947056-03:00,12
2026-04-02T17:51:25.114909-03:00,13
2026-04-02T18:39:21.961921-03:00,14
2026-04-02T19:17:25.609085-03:00,15
2026-04-02T19:54:25.563300-03:00,16
2026-04-02T20:36:40.851966-03:00,10
2026-04-02T21:02:41.750588-03:00,13
2026-04-03T00:25:04.009564-03:00,5
2026-04-03T02:20:26.156274-03:00,3
2026-04-03T03:45:46.817778-03:00,4
2026-04-03T04:51:01.032154-03:00,4
2026-04-03T05:56:29.079727-03:00,2
2026-04-03T06:55:41.068488-03:00,6
2026-04-03T07:45:09.323289-03:00,6
2026-04-03T08:26:41.187153-03:00,3
2026-04-03T09:01:34.498255-03:00,4
2026-04-03T10:36:57.503142-03:00,6
2026-04-03T11:25:13.211793-03:00,5
2026-04-03T12:09:12.327056-03:00,5
2026-04-03T12:53:57.731921-03:00,2
2026-04-03T13:41:51.321783-03:00,3
2026-04-03T14:20:34.181170-03:00,2
2026-04-03T15:00:46.334430-03:00,3
2026-04-03T16:02:41.490608-03:00,8
2026-04-03T16:50:35.625280-03:00,10
2026-04-03T17:38:07.404518-03:00,15
2026-04-03T18:05:53.249327-03:00,14
2026-04-03T18:47:55.851025-03:00,14
2026-04-03T19:18:14.004396-03:00,10
2026-04-03T19:56:09.980396-03:00,10
2026-04-03T20:38:25.392494-03:00,2
2026-04-03T21:01:51.113663-03:00,3
2026-04-04T00:13:17.137689-03:00,3
2026-04-04T02:04:05.831564-03:00,2
2026-04-04T03:10:01.384689-03:00,2
2026-04-04T04:17:22.064389-03:00,15
2026-04-04T04:59:04.005003-03:00,2
2026-04-04T05:54:05.839877-03:00,4
2026-04-04T06:39:35.138757-03:00,3
2026-04-04T07:05:30.136334-03:00,1
2026-04-04T07:50:58.471251-03:00,1
2026-04-04T08:30:47.745662-03:00,1
2026-04-04T08:56:31.774390-03:00,3
2026-04-04T10:05:43.091785-03:00,3
2026-04-04T10:57:49.198743-03:00,2
2026-04-04T11:41:24.334262-03:00,2
2026-04-04T12:16:23.952353-03:00,3
2026-04-04T12:49:45.635309-03:00,1
2026-04-04T13:18:40.588006-03:00,6
2026-04-04T13:57:46.149881-03:00,5
2026-04-04T14:38:53.149364-03:00,10
2026-04-04T15:00:51.918124-03:00,7
2026-04-04T15:59:34.733682-03:00,10
2026-04-04T16:38:35.868067-03:00,8
2026-04-04T16:58:50.688206-03:00,11
2026-04-04T17:44:30.750594-03:00,14
2026-04-04T18:16:00.237942-03:00,14
2026-04-04T18:48:30.605408-03:00,16
2026-04-04T19:14:32.142302-03:00,10
2026-04-04T19:51:47.584223-03:00,13
2026-04-04T20:33:01.629934-03:00,11
2026-04-04T20:59:20.368232-03:00,8
2026-04-04T23:31:53.253045-04:00,2
2026-04-05T01:28:38.931257-04:00,3
2026-04-05T02:44:46.703567-04:00,1
2026-04-05T03:43:24.288329-04:00,5
2026-04-05T04:26:29.868535-04:00,4
2026-04-05T05:08:53.105294-04:00,4
2026-04-05T05:55:18.340789-04:00,2
2026-04-05T06:35:59.947076-04:00,5
2026-04-05T07:04:39.313666-04:00,3
2026-04-05T07:41:58.275078-04:00,3
2026-04-05T08:02:45.823909-04:00,4
2026-04-05T09:19:37.433314-04:00,3
2026-04-05T10:02:42.362725-04:00,3
2026-04-05T10:51:32.394988-04:00,6
2026-04-05T11:34:11.234879-04:00,8
2026-04-05T12:00:37.240767-04:00,5
2026-04-05T12:51:28.001717-04:00,9
2026-04-05T13:33:25.554408-04:00,9
2026-04-05T14:01:13.579020-04:00,12
2026-04-05T15:01:44.091593-04:00,16
2026-04-05T15:46:34.981031-04:00,11
2026-04-05T16:15:42.201997-04:00,11
2026-04-05T16:52:27.199148-04:00,13
2026-04-05T17:34:15.210188-04:00,15
2026-04-05T17:58:53.974009-04:00,14
2026-04-05T18:42:08.513335-04:00,16
2026-04-05T19:18:38.178922-04:00,13
2026-04-05T19:53:18.683044-04:00,10
2026-04-05T22:38:35.367255-04:00,4
2026-04-06T01:13:04.047501-04:00,7
2026-04-06T03:03:38.029486-04:00,1
2026-04-06T05:55:07.546803-04:00,3
2026-04-06T06:57:58.006301-04:00,2
2026-04-06T07:54:08.681092-04:00,2
2026-04-06T09:14:00.112548-04:00,5
2026-04-06T10:16:14.699133-04:00,3
2026-04-06T11:08:19.609814-04:00,3
2026-04-06T12:00:15.661706-04:00,5
2026-04-06T13:00:47.059095-04:00,13
2026-04-06T14:01:38.408448-04:00,11
2026-04-06T15:16:56.788648-04:00,7
2026-04-06T16:00:54.579811-04:00,9
2026-04-06T16:52:45.403380-04:00,8
2026-04-06T17:38:49.752137-04:00,9
2026-04-06T18:04:48.928223-04:00,11
2026-04-06T18:54:02.300492-04:00,10
2026-04-06T19:37:20.299364-04:00,10
2026-04-06T20:04:30.372742-04:00,5
2026-04-06T23:28:08.398845-04:00,1
2026-04-07T01:27:01.736631-04:00,4
2026-04-07T02:52:57.120539-04:00,2
2026-04-07T04:13:07.384167-04:00,2
2026-04-07T05:36:58.904413-04:00,4
2026-04-07T06:39:35.668530-04:00,6
2026-04-07T07:38:12.882629-04:00,3
2026-04-07T08:41:59.560063-04:00,3
2026-04-07T10:19:24.307390-04:00,4
2026-04-07T11:49:37.977458-04:00,2
2026-04-07T12:42:22.377584-04:00,2
2026-04-07T13:43:56.199832-04:00,9
2026-04-07T14:40:54.595315-04:00,11
2026-04-07T15:45:30.522669-04:00,9
2026-04-07T16:29:54.068893-04:00,12
2026-04-07T18:04:07.758824-04:00,9
2026-04-07T18:55:55.308403-04:00,9
2026-04-07T19:39:36.145343-04:00,6
2026-04-07T21:03:30.551884-04:00,6
2026-04-08T00:07:13.556639-04:00,2
2026-04-08T01:56:01.115155-04:00,2
2026-04-08T03:26:02.552878-04:00,1
2026-04-08T04:42:13.337468-04:00,3
2026-04-08T05:52:35.220815-04:00,2
2026-04-08T06:57:50.401115-04:00,1
2026-04-08T07:57:50.113803-04:00,2
2026-04-08T09:53:14.124369-04:00,2
2026-04-08T11:11:52.993939-04:00,4
2026-04-08T12:38:23.999269-04:00,9
2026-04-08T13:44:55.182740-04:00,9
2026-04-08T14:54:36.401840-04:00,7
2026-04-08T15:59:02.216841-04:00,8
2026-04-08T16:56:01.776927-04:00,10
2026-04-08T17:44:07.490073-04:00,12
2026-04-08T19:07:53.783783-04:00,8
2026-04-08T19:52:05.997582-04:00,6
2026-04-08T22:29:17.569662-04:00,7
2026-04-09T00:57:45.465203-04:00,8
2026-04-09T02:24:17.533211-04:00,8
2026-04-09T04:02:16.226712-04:00,5
2026-04-09T05:22:12.591936-04:00,4
2026-04-09T07:37:37.339813-04:00,2
2026-04-09T08:45:10.690153-04:00,1
2026-04-09T10:31:03.707503-04:00,2
2026-04-09T12:05:44.618647-04:00,7
2026-04-09T13:20:06.553440-04:00,11
2026-04-09T15:40:44.837128-04:00,12
2026-04-09T16:35:07.354525-04:00,14
2026-04-09T17:28:29.715693-04:00,14
2026-04-09T18:08:00.621098-04:00,11
2026-04-09T18:59:30.080330-04:00,10
2026-04-09T19:49:04.188007-04:00,11
2026-04-09T21:06:30.709039-04:00,10
2026-04-10T00:16:26.607591-04:00,6
2026-04-10T02:11:17.187220-04:00,7
2026-04-10T04:02:06.556452-04:00,7
2026-04-10T05:22:05.911471-04:00,5
2026-04-10T06:33:56.420457-04:00,4
2026-04-10T08:08:18.576900-04:00,3
2026-04-10T09:48:25.138179-04:00,6
2026-04-10T10:39:53.751398-04:00,5
2026-04-10T11:34:32.778196-04:00,6
2026-04-10T12:31:48.363086-04:00,11
2026-04-10T13:30:44.042423-04:00,12
2026-04-10T14:30:59.971616-04:00,10
2026-04-10T15:29:50.020571-04:00,10
2026-04-10T16:04:05.389070-04:00,12
2026-04-10T16:52:57.731031-04:00,10
2026-04-10T17:38:41.016668-04:00,12
2026-04-10T18:19:52.287000-04:00,10
2026-04-10T18:59:37.537609-04:00,8
2026-04-10T19:47:08.397519-04:00,8
2026-04-10T21:01:26.814469-04:00,9
2026-04-10T23:46:15.820821-04:00,4
2026-04-11T01:18:21.634273-04:00,5
2026-04-11T02:33:50.647277-04:00,2
2026-04-11T03:36:08.400945-04:00,2
2026-04-11T04:22:53.030190-04:00,2
2026-04-11T05:07:56.778114-04:00,3
2026-04-11T05:55:37.541560-04:00,2
2026-04-11T06:36:45.755984-04:00,3
2026-04-11T07:05:16.514625-04:00,4
2026-04-11T07:43:35.876466-04:00,3
2026-04-11T08:24:47.609626-04:00,3
2026-04-11T09:36:34.143792-04:00,6
2026-04-11T10:20:31.817622-04:00,5
2026-04-11T11:02:00.139298-04:00,1
2026-04-11T12:58:43.117556-04:00,10
2026-04-11T13:40:55.204220-04:00,7
2026-04-11T14:21:27.704752-04:00,6
2026-04-11T15:11:01.729956-04:00,8
2026-04-11T15:52:05.688604-04:00,8
2026-04-11T16:35:38.644837-04:00,7
2026-04-11T17:03:17.794323-04:00,9
2026-04-11T17:46:53.195420-04:00,6
2026-04-11T18:15:21.488297-04:00,8
2026-04-11T18:54:32.274282-04:00,8
2026-04-11T19:35:58.313245-04:00,6
2026-04-11T20:02:45.000610-04:00,6
2026-04-11T23:43:48.057586-04:00,4
2026-04-12T01:47:15.810050-04:00,3
2026-04-12T02:58:52.659342-04:00,2
2026-04-12T04:06:33.924707-04:00,3
2026-04-12T05:02:56.688648-04:00,2
2026-04-12T06:48:11.601098-04:00,3
2026-04-12T07:23:08.541345-04:00,3
2026-04-12T07:57:05.875197-04:00,4
2026-04-12T10:55:32.601157-04:00,2
2026-04-12T11:37:32.496510-04:00,3
2026-04-12T12:05:16.752268-04:00,4
2026-04-12T12:55:51.090835-04:00,9
2026-04-12T13:37:15.156709-04:00,6
2026-04-12T14:06:17.435649-04:00,4
2026-04-12T15:06:16.258060-04:00,11
2026-04-12T15:50:22.483481-04:00,12
2026-04-12T16:38:20.303284-04:00,10
2026-04-12T17:05:57.582997-04:00,10
2026-04-12T18:18:56.228555-04:00,8
2026-04-12T18:58:26.221126-04:00,9
2026-04-12T19:46:13.502990-04:00,3
2026-04-12T21:11:12.448165-04:00,7
2026-04-13T00:31:52.694728-04:00,11
2026-04-13T02:34:37.671259-04:00,4
2026-04-13T04:33:52.492113-04:00,1
2026-04-13T06:20:15.700439-04:00,2
2026-04-13T07:47:09.253809-04:00,1
2026-04-13T08:50:58.698387-04:00,2
2026-04-13T10:50:07.300261-04:00,4
2026-04-13T12:03:13.207435-04:00,3
2026-04-13T13:17:16.338466-04:00,7
2026-04-13T14:40:55.735938-04:00,8
2026-04-13T15:55:30.204488-04:00,8
2026-04-13T16:57:28.319028-04:00,8
2026-04-13T17:55:08.570265-04:00,9
2026-04-13T19:30:36.624185-04:00,9
2026-04-13T21:08:30.781878-04:00,9
2026-04-14T00:18:02.470449-04:00,4
2026-04-14T02:13:22.099469-04:00,4
2026-04-14T04:06:57.571001-04:00,8
2026-04-14T05:48:17.618563-04:00,10
2026-04-14T06:53:11.602738-04:00,6
2026-04-14T07:57:18.155134-04:00,6
2026-04-14T10:01:05.704088-04:00,7
2026-04-14T11:22:56.609802-04:00,2
2026-04-14T13:53:56.923740-04:00,2
2026-04-14T15:17:42.986855-04:00,9
2026-04-14T16:15:24.453945-04:00,11
2026-04-14T17:10:13.920465-04:00,7
2026-04-14T18:05:52.412781-04:00,7
2026-04-14T19:01:39.206674-04:00,5
2026-04-14T22:51:02.316697-04:00,2
2026-04-15T01:25:24.225403-04:00,4
2026-04-15T03:08:34.303802-04:00,3
2026-04-15T04:54:04.195285-04:00,4
2026-04-15T06:17:08.435344-04:00,2
2026-04-15T07:29:51.683186-04:00,2
2026-04-15T08:40:48.278832-04:00,4
2026-04-15T10:19:06.028603-04:00,3
2026-04-15T11:41:48.488963-04:00,3
2026-04-15T13:52:35.970543-04:00,2
2026-04-15T15:20:03.021478-04:00,7
2026-04-15T17:09:24.478013-04:00,11
2026-04-15T18:04:36.438385-04:00,11
2026-04-15T18:59:02.763232-04:00,8
2026-04-15T19:53:27.851005-04:00,5
2026-04-15T22:46:41.040179-04:00,3
2026-04-16T01:19:30.154982-04:00,1
2026-04-16T03:07:13.681177-04:00,3
2026-04-16T04:54:06.351242-04:00,4
2026-04-16T06:16:02.284037-04:00,2
2026-04-16T07:33:01.995456-04:00,3
2026-04-16T10:29:27.195043-04:00,1
2026-04-16T12:08:21.699127-04:00,4
2026-04-16T13:42:12.087203-04:00,11
2026-04-16T14:50:54.379484-04:00,10
2026-04-16T15:59:32.181213-04:00,10
2026-04-16T16:59:42.577960-04:00,8
2026-04-16T17:53:53.961947-04:00,9
2026-04-16T18:41:19.027039-04:00,14
2026-04-16T19:27:22.960615-04:00,8
2026-04-16T20:07:12.011132-04:00,7
2026-04-16T23:44:03.457290-04:00,4
2026-04-17T01:54:38.576317-04:00,5
2026-04-17T03:49:22.177073-04:00,7
2026-04-17T05:05:23.177483-04:00,5
2026-04-17T06:21:53.068061-04:00,2
2026-04-17T07:30:13.341264-04:00,3
2026-04-17T08:38:34.072456-04:00,4
2026-04-17T10:06:55.465990-04:00,6
2026-04-17T11:13:56.945955-04:00,7
2026-04-17T12:15:02.265871-04:00,10
2026-04-17T13:10:01.003635-04:00,10
2026-04-17T14:05:45.915262-04:00,12
2026-04-17T15:19:11.969976-04:00,5
2026-04-17T16:06:19.042623-04:00,6
2026-04-17T17:01:24.962063-04:00,7
2026-04-17T17:58:15.526578-04:00,10
2026-04-17T18:53:46.153723-04:00,9
2026-04-17T21:02:43.603113-04:00,7
2026-04-18T00:03:39.575530-04:00,5
2026-04-18T01:48:28.502104-04:00,6
2026-04-18T02:52:26.783588-04:00,3
2026-04-18T03:59:23.843837-04:00,2
2026-04-18T05:01:23.049818-04:00,4
2026-04-18T05:59:22.394178-04:00,5
2026-04-18T06:53:09.529322-04:00,4
2026-04-18T07:35:28.699758-04:00,5
2026-04-18T08:02:09.315196-04:00,6
2026-04-18T09:33:48.419917-04:00,4
2026-04-18T10:22:39.686985-04:00,3
2026-04-18T11:06:32.963757-04:00,5
2026-04-18T11:52:05.385193-04:00,6
2026-04-18T12:42:08.462603-04:00,8
2026-04-18T13:24:14.206645-04:00,11
2026-04-18T14:01:46.355045-04:00,4
2026-04-18T15:07:19.124359-04:00,10
2026-04-18T15:51:25.211719-04:00,8
2026-04-18T16:38:17.876987-04:00,7
2026-04-18T17:53:41.984338-04:00,7
2026-04-18T18:36:44.321599-04:00,5
2026-04-18T19:07:06.547497-04:00,4
2026-04-18T22:48:29.027294-04:00,5
2026-04-19T01:17:39.270761-04:00,6
2026-04-19T02:54:42.218949-04:00,2
2026-04-19T05:05:27.874974-04:00,3
2026-04-19T05:58:49.769347-04:00,2
2026-04-19T06:52:26.143950-04:00,2
2026-04-19T07:35:35.405185-04:00,1
2026-04-19T08:02:00.472731-04:00,4
2026-04-19T09:32:46.168465-04:00,1
2026-04-19T11:06:17.073361-04:00,2
2026-04-19T11:52:27.246242-04:00,5
2026-04-19T12:41:48.064508-04:00,7
2026-04-19T13:22:58.100948-04:00,7
2026-04-19T14:02:09.533392-04:00,2
2026-04-19T15:06:40.336201-04:00,6
2026-04-19T15:51:15.162319-04:00,8
2026-04-19T16:39:21.675803-04:00,15
2026-04-19T17:19:02.657309-04:00,15
2026-04-19T17:54:10.245668-04:00,14
2026-04-19T18:37:51.616646-04:00,13
2026-04-19T19:57:05.067991-04:00,9
2026-04-20T02:02:37.875711-04:00,6
2026-04-20T04:25:01.415627-04:00,3
2026-04-20T06:15:59.758697-04:00,4
2026-04-20T07:45:38.643678-04:00,8
2026-04-20T08:54:29.057549-04:00,9
2026-04-20T10:51:45.387884-04:00,7
2026-04-20T12:11:01.260145-04:00,11
2026-04-20T13:31:24.306087-04:00,9
2026-04-20T14:39:33.579456-04:00,11
2026-04-20T15:45:02.780724-04:00,9
2026-04-20T16:30:23.617265-04:00,9
2026-04-20T17:29:52.299546-04:00,6
2026-04-20T18:24:43.179976-04:00,4
2026-04-20T19:08:59.355464-04:00,4
2026-04-20T19:58:09.610954-04:00,3
2026-04-20T23:36:50.512631-04:00,4
2026-04-21T01:50:56.925420-04:00,2
2026-04-21T03:53:21.814078-04:00,2
2026-04-21T05:27:58.314290-04:00,3
2026-04-21T06:50:11.576726-04:00,1
2026-04-21T07:51:28.284713-04:00,3
2026-04-21T09:43:16.272550-04:00,6
2026-04-21T11:02:33.746445-04:00,2
2026-04-21T12:19:26.465964-04:00,5
2026-04-21T14:42:36.753097-04:00,14
2026-04-21T15:53:51.118501-04:00,11
2026-04-21T16:54:22.952419-04:00,11
2026-04-21T17:47:11.732296-04:00,13
2026-04-21T18:26:48.046441-04:00,12
2026-04-21T19:08:41.936581-04:00,6
2026-04-21T19:50:44.597396-04:00,4
2026-04-21T22:40:54.938447-04:00,6
2026-04-22T01:14:29.116716-04:00,1
2026-04-22T03:07:55.182885-04:00,2
2026-04-22T04:55:48.367425-04:00,1
2026-04-22T06:20:17.529833-04:00,2
2026-04-22T07:34:56.829311-04:00,2
2026-04-22T08:43:04.743588-04:00,2
2026-04-22T10:24:39.933321-04:00,4
2026-04-22T11:50:45.417462-04:00,4
2026-04-22T13:03:22.693413-04:00,3
2026-04-22T14:11:25.956676-04:00,8
2026-04-22T15:42:22.684211-04:00,10
2026-04-22T16:38:30.386715-04:00,11
2026-04-22T17:35:41.959798-04:00,11
2026-04-22T18:28:19.691714-04:00,8
2026-04-22T19:27:36.692650-04:00,4
2026-04-22T23:49:12.944744-04:00,2
2026-04-23T01:57:01.595553-04:00,1
2026-04-23T04:04:31.662016-04:00,3
2026-04-23T05:54:35.545542-04:00,3
2026-04-23T07:10:25.593391-04:00,1
2026-04-23T08:10:37.842591-04:00,1
2026-04-23T10:14:39.683561-04:00,3
2026-04-23T12:11:38.974262-04:00,4
2026-04-23T13:48:55.534334-04:00,13
2026-04-23T14:48:13.095720-04:00,12
2026-04-23T15:58:02.081040-04:00,10
2026-04-23T17:01:08.753183-04:00,13
2026-04-23T17:59:00.714388-04:00,12
2026-04-23T18:57:25.114483-04:00,5
2026-04-23T19:54:16.393688-04:00,9
2026-04-24T01:24:35.562928-04:00,1
2026-04-24T03:17:14.667678-04:00,1
2026-04-24T05:13:07.833772-04:00,4
2026-04-24T06:47:07.779271-04:00,2
2026-04-24T07:47:25.652907-04:00,2
2026-04-24T08:47:14.566885-04:00,2
2026-04-24T10:24:22.703169-04:00,3
2026-04-24T11:47:10.442898-04:00,3
2026-04-24T12:41:34.187241-04:00,4
2026-04-24T14:29:38.390007-04:00,14
2026-04-24T15:32:34.600047-04:00,12
2026-04-24T16:26:58.761540-04:00,14
2026-04-24T17:26:06.915987-04:00,12
2026-04-24T18:09:55.724601-04:00,10
2026-04-24T18:58:16.668664-04:00,9
2026-04-24T19:50:13.983091-04:00,7
2026-04-24T21:12:26.286259-04:00,8
2026-04-25T00:09:40.871674-04:00,5
2026-04-25T01:58:43.069077-04:00,2
2026-04-25T03:41:51.620107-04:00,1
2026-04-25T04:36:48.391659-04:00,4
2026-04-25T05:35:06.969227-04:00,1
2026-04-25T06:26:44.330457-04:00,1
2026-04-25T07:21:30.960840-04:00,3
2026-04-25T08:02:14.707955-04:00,2
2026-04-25T09:37:45.325714-04:00,1
2026-04-25T10:27:06.463956-04:00,2
2026-04-25T11:09:55.599173-04:00,2
2026-04-25T11:55:40.366544-04:00,3
2026-04-25T12:45:33.841814-04:00,4
2026-04-25T13:26:52.619163-04:00,11
2026-04-25T14:05:53.509424-04:00,14
2026-04-25T15:09:32.461621-04:00,8
2026-04-25T15:54:09.794560-04:00,8
2026-04-25T16:40:34.860215-04:00,8
2026-04-25T17:22:41.373885-04:00,10
2026-04-25T18:01:29.513779-04:00,8
2026-04-25T18:54:43.630631-04:00,6
2026-04-25T19:39:10.839668-04:00,7
2026-04-25T21:13:07.776805-04:00,10
2026-04-26T00:33:41.708576-04:00,3
2026-04-26T02:27:44.722021-04:00,1
2026-04-26T04:04:28.966137-04:00,1
2026-04-26T05:12:44.425270-04:00,15
2026-04-26T06:09:40.797874-04:00,3
2026-04-26T07:04:05.744529-04:00,3
2026-04-26T07:52:28.966649-04:00,3
2026-04-26T09:09:52.373227-04:00,1
2026-04-26T10:10:01.616327-04:00,2
2026-04-26T11:02:16.195857-04:00,2
2026-04-26T11:55:05.004805-04:00,4
2026-04-26T12:44:43.339870-04:00,1
2026-04-26T13:26:55.382410-04:00,2
2026-04-26T14:06:31.792732-04:00,7
2026-04-26T15:11:50.043774-04:00,13
2026-04-26T15:58:32.132744-04:00,13
2026-04-26T16:51:29.457966-04:00,9
2026-04-26T17:39:07.441438-04:00,10
2026-04-26T18:20:05.806061-04:00,9
2026-04-26T19:02:18.450019-04:00,10
2026-04-26T19:53:42.115802-04:00,7
2026-04-26T22:54:11.461287-04:00,4
2026-04-27T01:56:02.821678-04:00,2
2026-04-27T04:31:15.439776-04:00,4
2026-04-27T06:33:12.198950-04:00,1
2026-04-27T08:10:15.926312-04:00,4
2026-04-27T10:27:11.975089-04:00,1
2026-04-27T12:08:43.872063-04:00,5
2026-04-27T13:40:19.668142-04:00,10
2026-04-27T14:58:31.506092-04:00,8
2026-04-27T16:14:12.692069-04:00,12
2026-04-27T17:29:57.335184-04:00,10
2026-04-27T18:28:32.818618-04:00,7
2026-04-27T19:29:12.733714-04:00,7
2026-04-27T21:15:50.585327-04:00,5
2026-04-28T00:45:51.454531-04:00,6
2026-04-28T03:21:28.308781-04:00,1
2026-04-28T05:41:11.560690-04:00,2
2026-04-28T07:28:16.997201-04:00,2
2026-04-28T09:16:07.338407-04:00,1
2026-04-28T11:44:47.789966-04:00,2
2026-04-28T13:21:50.853470-04:00,5
2026-04-28T15:06:51.609201-04:00,7
2026-04-28T16:38:06.338003-04:00,13
2026-04-28T17:41:46.775563-04:00,11
2026-04-28T18:41:12.011146-04:00,10
2026-04-28T19:40:28.693333-04:00,6
2026-04-28T21:26:00.986881-04:00,4
2026-04-29T00:54:04.366614-04:00,6
2026-04-29T03:23:47.493090-04:00,4
2026-04-29T05:33:45.453058-04:00,1
2026-04-29T07:17:04.529419-04:00,4
2026-04-29T08:58:14.597487-04:00,1
2026-04-29T11:22:17.290535-04:00,2
2026-04-29T13:03:18.154642-04:00,4
2026-04-29T14:44:33.760496-04:00,5
2026-04-29T16:03:14.300800-04:00,7
2026-04-29T17:16:22.114625-04:00,7
2026-04-29T18:13:56.046400-04:00,7
2026-04-29T19:13:09.961812-04:00,4
2026-04-29T20:10:25.107735-04:00,2
2026-04-30T00:07:10.888451-04:00,2
2026-04-30T02:39:20.928739-04:00,2
2026-04-30T05:02:35.799550-04:00,1
2026-04-30T07:03:35.467498-04:00,2
2026-04-30T08:22:45.455589-04:00,1
2026-04-30T10:33:39.228083-04:00,1
2026-04-30T12:07:37.200048-04:00,6
2026-04-30T13:43:30.724990-04:00,8
2026-04-30T15:00:32.267769-04:00,8
2026-04-30T16:17:44.230237-04:00,15
2026-04-30T17:29:08.091179-04:00,15
2026-04-30T18:30:12.705378-04:00,12
2026-04-30T19:29:23.721614-04:00,15
2026-04-30T21:22:29.849634-04:00,7
2026-05-01T01:07:34.270984-04:00,6
2026-05-01T03:36:07.380495-04:00,6
2026-05-01T05:19:42.761591-04:00,2
2026-05-01T06:48:49.393588-04:00,3
2026-05-01T07:47:26.799140-04:00,5
2026-05-01T08:43:53.873034-04:00,4
2026-05-01T10:09:12.560521-04:00,4
2026-05-01T11:14:59.682220-04:00,6
2026-05-01T12:13:52.222803-04:00,3
2026-05-01T13:17:21.708692-04:00,4
2026-05-01T14:15:45.983827-04:00,4
2026-05-01T15:43:06.199773-04:00,11
2026-05-01T16:36:58.420733-04:00,7
2026-05-01T17:35:47.974261-04:00,4
2026-05-01T18:32:03.203771-04:00,3
2026-05-01T19:33:54.550151-04:00,2
2026-05-01T21:16:04.303254-04:00,2
2026-05-02T00:29:41.151917-04:00,3
2026-05-02T02:26:58.556971-04:00,2
2026-05-02T04:09:10.969295-04:00,3
2026-05-02T05:20:40.038697-04:00,3
2026-05-02T06:28:12.858786-04:00,5
2026-05-02T07:24:17.351397-04:00,5
2026-05-02T08:07:06.320883-04:00,2
2026-05-02T09:46:20.618495-04:00,4
2026-05-02T10:36:57.435452-04:00,2
2026-05-02T11:29:42.763876-04:00,3
2026-05-02T12:25:24.972414-04:00,1
2026-05-02T13:23:41.831805-04:00,4
2026-05-02T14:09:43.187939-04:00,3
2026-05-02T15:17:26.244707-04:00,11
2026-05-02T16:01:22.629539-04:00,10
2026-05-02T16:58:08.847184-04:00,8
2026-05-02T17:52:47.372700-04:00,6
2026-05-02T18:42:42.221596-04:00,7
2026-05-02T19:29:24.910992-04:00,4
2026-05-02T20:10:37.419768-04:00,6
2026-05-03T00:13:47.211301-04:00,3
2026-05-03T02:42:51.235118-04:00,3
2026-05-03T04:27:15.960245-04:00,4
2026-05-03T05:49:44.411745-04:00,6
2026-05-03T06:40:40.968844-04:00,2
2026-05-03T07:30:53.649272-04:00,4
2026-05-03T08:33:38.874284-04:00,1
2026-05-03T09:57:30.202651-04:00,2
2026-05-03T10:55:03.642238-04:00,1
2026-05-03T11:49:35.127715-04:00,4
2026-05-03T12:32:47.411361-04:00,3
2026-05-03T13:30:12.420037-04:00,6
2026-05-03T14:32:08.016798-04:00,5
2026-05-03T15:39:25.911983-04:00,15
2026-05-03T17:10:07.980183-04:00,11
2026-05-03T18:00:49.581773-04:00,9
2026-05-03T19:01:00.708329-04:00,8
2026-05-03T20:00:11.442429-04:00,4
2026-05-04T00:01:07.529444-04:00,1
2026-05-04T02:52:13.441139-04:00,1
2026-05-04T05:20:42.997674-04:00,2
2026-05-04T09:07:18.445088-04:00,2
2026-05-04T11:19:15.296598-04:00,1
2026-05-04T13:06:37.375930-04:00,7
2026-05-04T14:53:18.980344-04:00,9
2026-05-04T16:15:56.230310-04:00,13
2026-05-04T17:33:25.484595-04:00,8
2026-05-04T18:36:35.274155-04:00,7
2026-05-04T19:32:18.635580-04:00,3
2026-05-04T21:15:55.627758-04:00,2
2026-05-05T00:29:15.811134-04:00,1
2026-05-05T02:35:40.894794-04:00,5
2026-05-05T04:58:11.475800-04:00,4
2026-05-05T06:51:03.001904-04:00,3
2026-05-05T08:02:40.142761-04:00,5
2026-05-05T11:23:39.321201-04:00,8
2026-05-05T12:09:52.985705-04:00,4
2026-05-05T13:48:41.296887-04:00,9
2026-05-05T14:58:49.949058-04:00,12
2026-05-05T16:13:07.862302-04:00,9
2026-05-05T17:16:59.003017-04:00,13
2026-05-05T18:15:34.810478-04:00,11
2026-05-05T19:13:41.335455-04:00,10
2026-05-05T20:07:58.493000-04:00,10
2026-05-06T00:02:33.824452-04:00,6
2026-05-06T02:42:22.806516-04:00,2
2026-05-06T05:12:14.182176-04:00,2
2026-05-06T07:22:17.324132-04:00,1
2026-05-06T09:13:04.802312-04:00,7
2026-05-06T11:37:46.159247-04:00,8
2026-05-06T13:12:35.641837-04:00,8
2026-05-06T15:02:52.819489-04:00,12
2026-05-06T16:44:10.924476-04:00,7
2026-05-06T17:47:18.898363-04:00,14
2026-05-06T18:35:35.611726-04:00,14
2026-05-06T19:32:41.276358-04:00,11
2026-05-06T21:21:40.517278-04:00,13
2026-05-07T00:56:14.785745-04:00,5
2026-05-07T03:43:08.920830-04:00,2
2026-05-07T06:09:32.295295-04:00,3
2026-05-07T08:05:40.586526-04:00,3
2026-05-07T10:46:27.031848-04:00,2
2026-05-07T12:28:56.013861-04:00,4
2026-05-07T14:09:29.757138-04:00,5
2026-05-07T15:53:24.798680-04:00,12
2026-05-07T17:04:56.591750-04:00,7
2026-05-07T18:13:29.901653-04:00,9
2026-05-07T19:14:04.234729-04:00,7
2026-05-07T20:10:02.876790-04:00,6
2026-05-07T23:53:26.296756-04:00,2
2026-05-08T01:57:08.409220-04:00,6
2026-05-08T03:49:01.474227-04:00,4
2026-05-08T05:00:43.677219-04:00,2
2026-05-08T06:46:59.047759-04:00,1
2026-05-08T08:00:31.223692-04:00,4
2026-05-08T10:13:03.013668-04:00,3
2026-05-08T11:54:12.488532-04:00,3
2026-05-08T13:19:01.811335-04:00,3
2026-05-08T14:48:15.667078-04:00,9
2026-05-08T15:59:36.596065-04:00,6
2026-05-08T17:11:53.379954-04:00,11
2026-05-08T18:13:49.522958-04:00,14
2026-05-08T19:13:43.371717-04:00,9
2026-05-08T20:12:54.315068-04:00,3
2026-05-08T23:59:48.004774-04:00,1
2026-05-09T02:24:15.593743-04:00,3
2026-05-09T04:16:02.702664-04:00,3
2026-05-09T05:46:27.754128-04:00,2
2026-05-09T06:41:19.383624-04:00,4
2026-05-09T07:37:42.202890-04:00,1
2026-05-09T08:40:38.020658-04:00,3
2026-05-09T10:08:57.400097-04:00,4
2026-05-09T11:12:52.624272-04:00,4
2026-05-09T12:10:55.653842-04:00,4
2026-05-09T13:15:18.735786-04:00,3
2026-05-09T14:08:14.953496-04:00,5
2026-05-09T15:31:42.193678-04:00,3
2026-05-09T16:24:04.947007-04:00,6
2026-05-09T17:09:38.996743-04:00,4
2026-05-09T18:00:54.916269-04:00,3
2026-05-09T19:01:55.448197-04:00,3
2026-05-09T20:00:24.947540-04:00,1
2026-05-10T00:10:21.550462-04:00,1
2026-05-10T02:44:18.032269-04:00,3
2026-05-10T04:32:19.138986-04:00,5
2026-05-10T06:01:06.192522-04:00,2
2026-05-10T07:11:52.366237-04:00,3
2026-05-10T08:05:59.817758-04:00,2
2026-05-10T09:52:38.781437-04:00,3
2026-05-10T10:54:05.566559-04:00,1
2026-05-10T11:55:15.740570-04:00,4
2026-05-10T12:57:40.891117-04:00,3
2026-05-10T13:56:34.168035-04:00,5
2026-05-10T15:11:38.348867-04:00,4
2026-05-10T16:05:24.097567-04:00,4
2026-05-10T17:02:16.627777-04:00,4
2026-05-10T18:00:59.957237-04:00,5
2026-05-10T19:04:09.216617-04:00,1
2026-05-10T20:04:33.150655-04:00,1
2026-05-11T00:21:00.975843-04:00,1
2026-05-11T04:00:16.307572-04:00,3
2026-05-11T07:32:47.942607-04:00,1
2026-05-11T10:05:42.765555-04:00,3
2026-05-11T12:43:41.149424-04:00,3
2026-05-11T14:28:04.996648-04:00,9
2026-05-11T16:19:09.998673-04:00,14
2026-05-11T17:45:38.686733-04:00,12
2026-05-11T18:41:28.789601-04:00,8
2026-05-11T21:26:10.261184-04:00,5
2026-05-12T04:02:27.284275-04:00,6
2026-05-12T06:40:00.084054-04:00,3
2026-05-12T08:28:31.426146-04:00,3
2026-05-12T11:24:34.142631-04:00,4
2026-05-12T13:31:45.698244-04:00,3
2026-05-12T15:20:21.844047-04:00,14
2026-05-12T17:00:09.265447-04:00,11
2026-05-12T18:19:46.426906-04:00,10
2026-05-12T19:32:00.963328-04:00,6
2026-05-12T21:26:09.869218-04:00,2
2026-05-13T01:11:34.302457-04:00,1
2026-05-13T04:13:23.965935-04:00,3
2026-05-13T06:45:46.524294-04:00,5
2026-05-13T09:03:53.609397-04:00,2
2026-05-13T11:48:18.941450-04:00,4
2026-05-13T13:51:40.253161-04:00,4
2026-05-13T15:56:04.481927-04:00,11
2026-05-13T17:27:02.162800-04:00,10
2026-05-13T18:46:22.615940-04:00,4
2026-05-13T19:43:48.466619-04:00,5
2026-05-13T21:47:45.669713-04:00,2
2026-05-14T01:35:10.145277-04:00,1
2026-05-14T04:14:12.707464-04:00,3
2026-05-14T06:36:37.559465-04:00,2
2026-05-14T08:15:47.504775-04:00,1
2026-05-14T10:46:04.361384-04:00,1
2026-05-14T12:52:46.944449-04:00,1
2026-05-14T14:54:18.753096-04:00,4
2026-05-14T16:26:44.841678-04:00,10
2026-05-14T17:45:09.029427-04:00,11
2026-05-14T18:43:56.371234-04:00,2
2026-05-14T19:41:09.123891-04:00,4
2026-05-14T21:32:25.487130-04:00,6
2026-05-15T01:38:22.051659-04:00,2
2026-05-15T04:29:04.600271-04:00,1
2026-05-15T07:00:26.813235-04:00,4
2026-05-15T09:02:22.411560-04:00,6
2026-05-15T11:26:22.248637-04:00,2
2026-05-15T13:09:43.878951-04:00,8
2026-05-15T14:52:55.270396-04:00,7
2026-05-15T16:16:55.245400-04:00,8
2026-05-15T17:30:33.697668-04:00,10
2026-05-15T18:34:45.636690-04:00,8
2026-05-15T19:33:38.961472-04:00,6
2026-05-15T21:21:42.122224-04:00,4
2026-05-16T00:52:46.584265-04:00,5
2026-05-16T03:14:44.622589-04:00,7
2026-05-16T05:02:37.102644-04:00,2
2026-05-16T06:36:09.223863-04:00,4
2026-05-16T07:34:35.211286-04:00,3
2026-05-16T08:42:27.593344-04:00,1
2026-05-16T10:12:48.247910-04:00,2
2026-05-16T11:29:35.573457-04:00,3
2026-05-16T12:30:36.612286-04:00,5
2026-05-16T13:37:24.009472-04:00,6
2026-05-16T14:38:12.151164-04:00,6
2026-05-16T15:46:12.224130-04:00,8
2026-05-16T16:33:25.075106-04:00,8
2026-05-16T17:31:14.488252-04:00,9
2026-05-16T18:27:16.806351-04:00,4
2026-05-16T19:29:17.499694-04:00,7
2026-05-16T21:26:16.884098-04:00,3
2026-05-17T01:12:14.791278-04:00,1
2026-05-17T03:45:38.488645-04:00,1
2026-05-17T05:24:32.328397-04:00,1
2026-05-17T06:51:01.151110-04:00,1
2026-05-17T08:00:05.556089-04:00,3
2026-05-17T09:52:40.033099-04:00,4
2026-05-17T10:57:30.319609-04:00,3
2026-05-17T12:02:47.469491-04:00,4
2026-05-17T13:10:58.232542-04:00,4
2026-05-17T14:13:03.311401-04:00,3
2026-05-17T15:39:45.902356-04:00,10
2026-05-17T16:31:08.401177-04:00,8
2026-05-17T17:33:43.868986-04:00,7
2026-05-17T18:31:50.964532-04:00,6
2026-05-17T19:37:49.594343-04:00,1
2026-05-17T21:34:18.710028-04:00,2
2026-05-18T01:53:27.876185-04:00,6
2026-05-18T06:06:00.269363-04:00,1
2026-05-18T09:58:42.574646-04:00,2
2026-05-18T12:51:00.958417-04:00,3
2026-05-18T14:51:56.055087-04:00,2
2026-05-18T16:25:04.207463-04:00,8
2026-05-18T17:46:10.067717-04:00,8
2026-05-18T18:42:59.581786-04:00,6
2026-05-18T19:49:54.651778-04:00,4
2026-05-18T21:51:53.949372-04:00,2
2026-05-19T02:08:52.468047-04:00,2
2026-05-19T06:06:23.363437-04:00,3
2026-05-19T09:29:08.986416-04:00,1
2026-05-19T12:37:59.347894-04:00,2
2026-05-19T14:25:43.941964-04:00,4
2026-05-19T16:13:44.665636-04:00,6
2026-05-19T17:48:21.939430-04:00,6
2026-05-19T18:53:16.338914-04:00,8
2026-05-19T20:07:12.736535-04:00,6
2026-05-20T00:34:31.974068-04:00,3
2026-05-20T04:04:09.724572-04:00,3
2026-05-20T07:18:27.851731-04:00,1
2026-05-20T10:00:41.125446-04:00,1
2026-05-20T13:25:13.373088-04:00,2
2026-05-20T15:39:12.018088-04:00,7
2026-05-20T17:23:57.205283-04:00,8
2026-05-20T18:52:20.942481-04:00,10
2026-05-20T20:08:07.243761-04:00,12
2026-05-21T00:42:25.334770-04:00,6
2026-05-21T04:22:35.598615-04:00,5
2026-05-21T07:46:14.383968-04:00,3
2026-05-21T10:28:51.335115-04:00,3
2026-05-21T13:16:47.653053-04:00,5
2026-05-21T15:20:49.777154-04:00,6
2026-05-21T17:12:12.039606-04:00,8
2026-05-21T18:44:22.915807-04:00,6
2026-05-21T19:43:30.189841-04:00,4
2026-05-21T21:50:47.130534-04:00,3
2026-05-22T02:08:25.096854-04:00,3
2026-05-22T05:48:24.122748-04:00,2
2026-05-22T08:09:00.326002-04:00,4
2026-05-22T11:21:11.059681-04:00,3
2026-05-22T13:22:51.332300-04:00,2
2026-05-22T15:12:11.500513-04:00,8
2026-05-22T16:49:48.948280-04:00,9
2026-05-22T17:52:46.885740-04:00,10
2026-05-22T19:00:11.947343-04:00,8
2026-05-22T20:13:53.443776-04:00,9
2026-05-23T00:10:59.457950-04:00,8
2026-05-23T03:09:18.570047-04:00,3
2026-05-23T05:13:20.534252-04:00,2
2026-05-23T06:45:36.397486-04:00,1
2026-05-23T07:48:16.258903-04:00,4
2026-05-23T08:48:59.598790-04:00,4
2026-05-23T10:21:56.601833-04:00,2
2026-05-23T11:41:09.064726-04:00,3
2026-05-23T12:42:12.435220-04:00,4
2026-05-23T13:47:02.308717-04:00,3
2026-05-23T14:46:16.795947-04:00,2
2026-05-23T15:55:33.620879-04:00,10
2026-05-23T16:55:29.594692-04:00,3
2026-05-23T17:56:16.347811-04:00,2
2026-05-23T18:55:54.345982-04:00,1
2026-05-23T19:59:08.928040-04:00,1
2026-05-24T00:22:50.898599-04:00,5
2026-05-24T03:36:42.322922-04:00,4
2026-05-24T05:30:34.998068-04:00,3
2026-05-24T07:00:38.533785-04:00,5
2026-05-24T08:08:43.267685-04:00,7
2026-05-24T09:58:06.561134-04:00,1
2026-05-24T11:12:36.152670-04:00,2
2026-05-24T12:16:01.550656-04:00,4
2026-05-24T13:28:00.634159-04:00,5
2026-05-24T14:41:02.023433-04:00,3
2026-05-24T15:54:36.994849-04:00,3
2026-05-24T16:56:59.986183-04:00,6
2026-05-24T17:59:41.543206-04:00,2
2026-05-24T19:05:51.083991-04:00,1
2026-05-24T20:11:28.029801-04:00,2
2026-05-25T00:55:38.604920-04:00,3
2026-05-25T04:58:10.161721-04:00,3
2026-05-25T08:38:16.609148-04:00,3
2026-05-25T11:40:47.852103-04:00,2
2026-05-25T13:25:03.392211-04:00,3
2026-05-25T15:02:07.199054-04:00,3
2026-05-25T16:41:08.963607-04:00,2
2026-05-25T17:55:43.647042-04:00,2
2026-05-25T19:05:57.867993-04:00,3
2026-05-25T20:15:04.901690-04:00,2
2026-05-26T00:37:34.072860-04:00,2
2026-05-26T04:20:30.745600-04:00,3
2026-05-26T10:22:49.348271-04:00,2
2026-05-26T13:42:18.519030-04:00,6
2026-05-26T15:47:45.744715-04:00,11
2026-05-26T17:22:04.445555-04:00,9
2026-05-26T18:48:18.522233-04:00,4
2026-05-26T19:53:32.145031-04:00,5
2026-05-26T23:56:45.189546-04:00,3
2026-05-27T04:07:06.432597-04:00,3
2026-05-27T07:48:38.187693-04:00,2
2026-05-27T10:44:45.933700-04:00,8
2026-05-27T13:46:23.309984-04:00,13
2026-05-27T15:51:18.963392-04:00,11
2026-05-27T17:56:28.117326-04:00,6
2026-05-27T19:19:34.238697-04:00,4
2026-05-27T21:19:43.236162-04:00,1
2026-05-28T01:36:18.977440-04:00,3
2026-05-28T05:01:55.359246-04:00,3
2026-05-28T08:42:57.428469-04:00,2
2026-05-28T12:44:00.538473-04:00,3
2026-05-28T15:28:57.275436-04:00,3
2026-05-28T17:32:20.717334-04:00,8
2026-05-28T19:00:15.581555-04:00,2
2026-05-28T20:16:32.456910-04:00,4
2026-05-29T00:47:46.626482-04:00,4
2026-05-29T04:34:15.749833-04:00,1
2026-05-29T07:53:24.392866-04:00,2
2026-05-29T11:35:51.535793-04:00,2
2026-05-29T14:19:49.291751-04:00,8
2026-05-29T16:39:55.696121-04:00,7
2026-05-29T18:18:53.933815-04:00,5
2026-05-29T19:44:57.634180-04:00,3
2026-05-29T21:32:12.823675-04:00,10
2026-05-30T01:32:53.280197-04:00,1
2026-05-30T04:06:36.100351-04:00,3
2026-05-30T06:15:05.113506-04:00,3
2026-05-30T07:47:10.191562-04:00,3
2026-05-30T08:52:35.616894-04:00,1
2026-05-30T10:40:56.324529-04:00,2
2026-05-30T11:53:49.775915-04:00,3
2026-05-30T13:06:24.144695-04:00,5
2026-05-30T14:13:56.567201-04:00,2
2026-05-30T15:44:00.505737-04:00,5
2026-05-30T16:39:23.813393-04:00,9
2026-05-30T17:41:04.503660-04:00,11
2026-05-30T18:41:36.499591-04:00,7
2026-05-30T19:44:58.011863-04:00,4
2026-05-30T21:54:35.550237-04:00,3
2026-05-31T02:19:44.827215-04:00,11
2026-05-31T05:26:14.544898-04:00,1
2026-05-31T07:15:55.362292-04:00,2
2026-05-31T08:50:34.656657-04:00,3
2026-05-31T10:45:43.541584-04:00,5
2026-05-31T11:55:56.748887-04:00,4
2026-05-31T13:08:59.054450-04:00,6
2026-05-31T14:16:40.555187-04:00,8
2026-05-31T15:43:59.327580-04:00,9
2026-05-31T16:42:49.350520-04:00,7
2026-05-31T17:43:04.005752-04:00,8
2026-05-31T18:43:21.002988-04:00,9
2026-05-31T19:49:19.385393-04:00,8
2026-05-31T22:04:24.073075-04:00,4
2026-06-01T03:19:40.688015-04:00,4
2026-06-01T09:04:37.628824-04:00,4
2026-06-01T14:47:28.899681-04:00,6
2026-06-01T17:54:21.285387-04:00,6
2026-06-01T19:27:25.170612-04:00,6
2026-06-01T21:59:31.041580-04:00,4
2026-06-02T02:50:35.837470-04:00,1
2026-06-02T07:18:11.669654-04:00,2
2026-06-02T11:14:46.277818-04:00,4
2026-06-02T14:56:13.678260-04:00,1
2026-06-02T19:24:11.494394-04:00,9
2026-06-02T22:08:44.377486-04:00,3
2026-06-03T03:10:09.723253-04:00,1
2026-06-03T08:10:40.231659-04:00,6
2026-06-03T13:21:12.772473-04:00,4
2026-06-03T16:36:53.155686-04:00,2
2026-06-03T18:51:23.114172-04:00,1
2026-06-03T21:42:31.047986-04:00,2
2026-06-04T02:23:42.308330-04:00,3
2026-06-04T09:39:26.600140-04:00,2
2026-06-04T15:02:35.872564-04:00,4
2026-06-04T17:01:45.093036-04:00,9
2026-06-04T19:55:26.378752-04:00,8
2026-06-04T23:56:34.269512-04:00,4
2026-06-05T04:10:13.337988-04:00,3
2026-06-05T10:08:24.629706-04:00,3
2026-06-05T12:38:49.948046-04:00,9
2026-06-05T14:27:38.325732-04:00,13
2026-06-05T16:27:46.331492-04:00,11
2026-06-05T17:59:26.399242-04:00,10
2026-06-05T21:26:06.842027-04:00,3
2026-06-06T04:09:33.929253-04:00,6
2026-06-06T06:21:00.115818-04:00,6
2026-06-06T07:53:17.588257-04:00,4
2026-06-06T09:45:44.481829-04:00,3
2026-06-06T11:01:46.342399-04:00,6
2026-06-06T13:37:18.281613-04:00,1
2026-06-06T14:51:35.813082-04:00,6
2026-06-06T16:08:53.658676-04:00,7
2026-06-06T17:16:50.556777-04:00,10
2026-06-06T18:32:39.477501-04:00,9
2026-06-06T21:58:57.727705-04:00,3
2026-06-07T05:49:32.849499-04:00,2
2026-06-07T07:29:31.965410-04:00,2
2026-06-07T09:07:21.002191-04:00,2
2026-06-07T10:59:39.357232-04:00,2
2026-06-07T14:59:43.652154-04:00,4
2026-06-08T00:07:42.469672-04:00,1
2026-06-08T05:01:47.332681-04:00,1
2026-06-08T09:14:49.819865-04:00,2
2026-06-08T12:53:40.042583-04:00,3
2026-06-08T17:21:45.515939-04:00,8
2026-06-08T18:56:22.360865-04:00,10
2026-06-09T00:33:42.492862-04:00,5
2026-06-09T04:18:38.549580-04:00,2
2026-06-09T07:33:07.024321-04:00,4
2026-06-09T10:02:22.799420-04:00,4
2026-06-09T12:43:11.527201-04:00,6
2026-06-09T15:02:15.110095-04:00,10
2026-06-09T17:06:12.693168-04:00,3
2026-06-09T18:46:32.668409-04:00,4
2026-06-09T20:00:48.299623-04:00,4
2026-06-10T00:43:11.769000-04:00,3
2026-06-10T04:38:33.262467-04:00,7
2026-06-10T07:58:30.565771-04:00,2
2026-06-10T11:58:04.206065-04:00,11
2026-06-10T14:35:29.097062-04:00,9
2026-06-10T18:58:56.056379-04:00,2
2026-06-11T01:09:01.722710-04:00,1
2026-06-11T12:59:54.701734-04:00,6
2026-06-11T15:39:38.426809-04:00,6
2026-06-11T17:50:06.183376-04:00,4
2026-06-12T06:48:33.971308-04:00,2
2026-06-12T09:54:15.715249-04:00,14
2026-06-12T12:44:38.736988-04:00,4
2026-06-12T16:54:48.904301-04:00,3
2026-06-12T18:24:38.415723-04:00,4
2026-06-13T04:13:04.659450-04:00,6
2026-06-13T06:40:32.945764-04:00,3
2026-06-13T10:32:17.769128-04:00,5
2026-06-13T13:42:24.147464-04:00,5
2026-06-13T15:00:06.307256-04:00,9
2026-06-13T16:23:00.216851-04:00,4
2026-06-13T17:45:34.610180-04:00,4
2026-06-14T04:28:37.694992-04:00,3
2026-06-14T09:07:24.025787-04:00,2
2026-06-14T11:16:38.803936-04:00,1
2026-06-14T12:49:34.850195-04:00,1
2026-06-14T14:04:50.969441-04:00,3
2026-06-14T15:54:48.149992-04:00,4
2026-06-14T18:36:11.073983-04:00,5
2026-06-14T19:48:02.125206-04:00,3
2026-06-15T03:36:53.984771-04:00,1
2026-06-15T09:37:27.984399-04:00,7
2026-06-15T14:14:29.237850-04:00,2
2026-06-15T17:26:04.161644-04:00,3
2026-06-15T22:00:58.655229-04:00,2
2026-06-16T03:39:21.697315-04:00,4
2026-06-16T08:29:36.152306-04:00,3
2026-06-16T13:34:19.128821-04:00,1
2026-06-16T16:29:47.634643-04:00,4
2026-06-16T18:31:44.202731-04:00,3
2026-06-16T20:03:07.754152-04:00,1
2026-06-17T01:10:42.821411-04:00,2
2026-06-17T06:07:49.481813-04:00,4
2026-06-17T09:58:42.282294-04:00,12
2026-06-17T13:13:54.478456-04:00,5
2026-06-17T15:31:30.441465-04:00,10
2026-06-17T17:32:09.163801-04:00,7
2026-06-17T19:06:07.384227-04:00,5
2026-06-17T21:38:01.587709-04:00,8
2026-06-18T02:26:43.650841-04:00,2
2026-06-18T06:54:34.286998-04:00,4
2026-06-18T10:10:26.344960-04:00,3
2026-06-18T13:32:31.976879-04:00,4
2026-06-18T15:53:03.259866-04:00,4
2026-06-18T18:09:32.778980-04:00,11
2026-06-18T19:59:53.232941-04:00,2
2026-06-19T01:17:38.510540-04:00,5
2026-06-19T05:54:26.589308-04:00,3
2026-06-19T09:34:46.113195-04:00,3
2026-06-19T12:19:36.319814-04:00,3
2026-06-19T14:11:54.138462-04:00,9
2026-06-19T16:05:58.642374-04:00,13
2026-06-19T17:19:03.102237-04:00,5
2026-06-19T18:15:49.929642-04:00,1
2026-06-19T19:17:42.560227-04:00,4
2026-06-19T21:33:10.118052-04:00,3
2026-06-20T02:01:18.722952-04:00,3
2026-06-20T05:35:27.711905-04:00,3
2026-06-20T09:10:34.967881-04:00,1
2026-06-20T11:17:13.214819-04:00,2
2026-06-20T12:55:09.194463-04:00,1
2026-06-20T14:12:10.437759-04:00,8
2026-06-20T15:57:53.941667-04:00,9
2026-06-20T17:24:18.046823-04:00,9
2026-06-20T18:41:55.027137-04:00,7
2026-06-20T19:53:01.514261-04:00,4
2026-06-21T00:19:49.420590-04:00,3
2026-06-21T04:43:34.519081-04:00,3
2026-06-21T07:35:24.653660-04:00,2
2026-06-21T09:24:00.223634-04:00,3
2026-06-21T11:25:43.061452-04:00,1
2026-06-21T13:05:07.176400-04:00,4
2026-06-21T14:46:31.161004-04:00,11
2026-06-21T16:17:20.147335-04:00,11
2026-06-21T17:45:49.052996-04:00,7
2026-06-21T18:52:08.749957-04:00,9
2026-06-21T20:12:44.020042-04:00,4
2026-06-22T01:34:12.130774-04:00,5
2026-06-22T07:18:22.231201-04:00,1
2026-06-22T12:04:06.666756-04:00,3
2026-06-22T15:41:08.782306-04:00,8
2026-06-22T17:50:46.490412-04:00,8
2026-06-22T19:20:34.290970-04:00,4
2026-06-22T21:30:16.136192-04:00,1
2026-06-23T04:50:12.091675-04:00,3
2026-06-23T07:49:29.751518-04:00,3
2026-06-23T10:10:44.758894-04:00,3
2026-06-23T12:43:58.178836-04:00,2
2026-06-23T14:55:27.629075-04:00,7
2026-06-23T17:00:19.993834-04:00,6
2026-06-23T18:19:57.771913-04:00,4
2026-06-23T19:33:06.810100-04:00,4
2026-06-23T21:28:42.097092-04:00,3
2026-06-24T01:45:22.375834-04:00,2
2026-06-24T04:45:05.109663-04:00,3
2026-06-24T07:32:44.475934-04:00,3
2026-06-24T09:51:08.262362-04:00,2
2026-06-24T12:22:27.079085-04:00,2
2026-06-24T14:17:17.785816-04:00,2
2026-06-24T16:13:45.695482-04:00,5
2026-06-24T17:49:41.677938-04:00,4
2026-06-24T18:56:14.020811-04:00,6
2026-06-24T20:16:00.738950-04:00,3
2026-06-25T00:36:55.786263-04:00,2
2026-06-25T04:01:50.329352-04:00,1
2026-06-25T06:52:24.050210-04:00,3
2026-06-25T09:19:49.921587-04:00,1
2026-06-25T11:56:45.428954-04:00,5
2026-06-25T14:14:46.897990-04:00,1
2026-06-25T16:24:05.536963-04:00,6
2026-06-25T18:03:46.726953-04:00,2
2026-06-25T21:54:03.215967-04:00,5
2026-06-26T02:11:50.639751-04:00,1
2026-06-26T08:11:26.326623-04:00,4
2026-06-26T11:04:45.215733-04:00,3
2026-06-26T13:05:32.993204-04:00,1
2026-06-26T15:00:37.112684-04:00,4
2026-06-26T16:52:11.072884-04:00,7
2026-06-26T18:14:02.500579-04:00,6
2026-06-26T19:36:53.998148-04:00,3
2026-06-26T21:32:32.619917-04:00,8
2026-06-27T01:36:46.024784-04:00,4
2026-06-27T04:14:45.168419-04:00,4
2026-06-27T06:26:33.884013-04:00,2
2026-06-27T07:55:58.202505-04:00,2
2026-06-27T09:48:29.487977-04:00,4
2026-06-27T11:05:30.212137-04:00,4
2026-06-27T13:34:24.422987-04:00,1
2026-06-27T14:48:42.230173-04:00,9
2026-06-27T16:00:36.340634-04:00,15
2026-06-27T17:17:51.534491-04:00,13
2026-06-27T18:32:29.357891-04:00,10
2026-06-27T19:38:44.117588-04:00,9
2026-06-27T21:51:18.635453-04:00,3
2026-06-28T02:19:15.854715-04:00,3
2026-06-28T05:38:02.694766-04:00,3
2026-06-28T07:23:57.812404-04:00,4
2026-06-28T08:55:24.098320-04:00,3
2026-06-28T11:59:39.642817-04:00,2
2026-06-28T13:22:14.605371-04:00,4
2026-06-28T14:45:01.831932-04:00,3
2026-06-28T16:01:25.710987-04:00,9
2026-06-28T17:16:48.124662-04:00,4
2026-06-28T18:30:54.092289-04:00,2
2026-06-28T19:44:01.254748-04:00,1
2026-06-28T21:58:00.944444-04:00,1
2026-06-29T02:59:04.029870-04:00,2
2026-06-29T08:04:46.254299-04:00,2
2026-06-29T12:06:00.457989-04:00,1
2026-06-29T14:20:35.829722-04:00,6
2026-06-29T16:24:34.183916-04:00,10
2026-06-29T17:51:49.218120-04:00,9
2026-06-29T18:59:03.291099-04:00,7
2026-06-29T20:14:17.732361-04:00,2
2026-06-30T00:37:13.612563-04:00,3
2026-06-30T04:18:37.517289-04:00,2
2026-06-30T07:23:11.817338-04:00,2
2026-06-30T09:21:48.321173-04:00,1
2026-06-30T14:09:20.845379-04:00,6
2026-06-30T16:18:08.921260-04:00,8
2026-06-30T17:49:48.837941-04:00,9
2026-06-30T18:59:45.909679-04:00,7
2026-06-30T20:16:45.616924-04:00,7
2026-07-01T00:57:17.536336-04:00,3
2026-07-01T04:51:29.759969-04:00,11
2026-07-01T08:08:49.909951-04:00,2
2026-07-01T11:10:45.132459-04:00,1
2026-07-01T13:24:22.374214-04:00,2
2026-07-01T15:17:51.211743-04:00,4
2026-07-01T16:57:17.158745-04:00,4
2026-07-01T18:22:17.738145-04:00,7
2026-07-01T23:40:49.642228-04:00,2
2026-07-02T02:56:37.227966-04:00,2
2026-07-02T06:11:29.010560-04:00,3
2026-07-02T10:39:00.941193-04:00,3
2026-07-02T12:27:26.207531-04:00,3
2026-07-02T14:15:25.912672-04:00,6
2026-07-02T15:56:02.002621-04:00,4
2026-07-02T17:10:25.839297-04:00,6
2026-07-02T18:29:47.235610-04:00,3
2026-07-02T19:40:51.791580-04:00,4
2026-07-02T21:19:57.853704-04:00,2
2026-07-03T01:03:51.980786-04:00,1
2026-07-03T04:24:42.525952-04:00,2
2026-07-03T07:09:30.415192-04:00,1
2026-07-03T09:10:15.896582-04:00,2
2026-07-03T11:25:06.276866-04:00,1
2026-07-03T12:53:50.707550-04:00,3
2026-07-03T14:12:44.857567-04:00,5
2026-07-03T15:53:22.067131-04:00,4
2026-07-03T17:07:33.582195-04:00,6
2026-07-03T18:14:48.878226-04:00,3
2026-07-03T19:30:25.727225-04:00,2
2026-07-03T21:13:01.126043-04:00,6
2026-07-04T00:55:01.730184-04:00,2
2026-07-04T05:54:19.145042-04:00,2
2026-07-04T07:27:11.957060-04:00,2
2026-07-04T08:45:17.476626-04:00,9
2026-07-04T10:18:07.916810-04:00,2
2026-07-04T11:35:43.317761-04:00,1
2026-07-04T12:38:46.819511-04:00,4
2026-07-04T13:43:26.782500-04:00,7
2026-07-04T14:43:54.209321-04:00,11
2026-07-04T15:59:02.701841-04:00,10
2026-07-04T17:08:59.941536-04:00,8
2026-07-04T18:10:14.777678-04:00,9
2026-07-04T19:13:16.952923-04:00,1
2026-07-04T20:16:01.671111-04:00,5
2026-07-05T00:34:27.634978-04:00,5
2026-07-05T03:46:45.829136-04:00,4
2026-07-05T05:58:50.635584-04:00,3
2026-07-05T07:41:55.753564-04:00,6
2026-07-05T08:56:34.756479-04:00,2
2026-07-05T10:47:03.333820-04:00,4
2026-07-05T11:55:22.221756-04:00,3
2026-07-05T13:11:54.395675-04:00,2
2026-07-05T15:54:50.277629-04:00,2
2026-07-05T18:11:16.104576-04:00,1
2026-07-05T19:31:11.845371-04:00,3
2026-07-05T21:20:39.637234-04:00,1
2026-07-06T01:56:48.678238-04:00,2
2026-07-06T06:47:37.533031-04:00,1
2026-07-06T10:16:41.497748-04:00,3
2026-07-06T13:16:56.098428-04:00,1
2026-07-06T15:09:53.953655-04:00,4
2026-07-06T17:00:54.896883-04:00,3
2026-07-06T18:33:17.380577-04:00,2
2026-07-06T19:41:52.662874-04:00,1
2026-07-06T21:27:03.080599-04:00,4
2026-07-07T01:43:27.308670-04:00,4
2026-07-07T04:55:44.953196-04:00,6
2026-07-07T07:52:11.884775-04:00,1
2026-07-07T10:35:43.885745-04:00,2
2026-07-07T12:57:41.962374-04:00,2
2026-07-07T15:06:44.240578-04:00,2
2026-07-07T16:56:37.790864-04:00,5
2026-07-07T18:13:31.402712-04:00,8
2026-07-07T19:16:18.849155-04:00,6
2026-07-07T20:15:29.543381-04:00,2
2026-07-07T23:49:12.252416-04:00,2
2026-07-08T02:18:38.536156-04:00,2
2026-07-08T05:02:13.594970-04:00,3
2026-07-08T07:14:19.803290-04:00,4
2026-07-08T11:22:10.123919-04:00,4
2026-07-08T12:56:32.085887-04:00,3
2026-07-08T14:21:03.503860-04:00,7
2026-07-08T16:03:41.451284-04:00,8
2026-07-08T17:20:50.706036-04:00,4
2026-07-08T18:32:09.963997-04:00,7
2026-07-08T19:41:53.879305-04:00,15
2026-07-08T21:20:06.250053-04:00,6
2026-07-09T01:14:48.004803-04:00,9
2026-07-09T04:53:27.742419-04:00,6
2026-07-09T07:39:29.098431-04:00,4
2026-07-09T10:15:44.850162-04:00,3
2026-07-09T12:45:31.561083-04:00,4
2026-07-09T14:30:50.780840-04:00,1
2026-07-09T16:27:27.447264-04:00,4
2026-07-09T18:03:02.612206-04:00,5
2026-07-09T19:33:57.322049-04:00,3
2026-07-09T21:13:40.138270-04:00,4
2026-07-10T01:11:00.081155-04:00,2
2026-07-10T04:44:09.228579-04:00,7
2026-07-10T07:36:19.436729-04:00,8
2026-07-10T09:32:42.599767-04:00,11
2026-07-10T12:01:58.673611-04:00,5
2026-07-10T13:58:10.180808-04:00,6
2026-07-10T15:44:40.717638-04:00,6
2026-07-10T16:54:57.223299-04:00,11
2026-07-10T18:03:42.353559-04:00,11
2026-07-10T19:11:18.395270-04:00,2
2026-07-10T20:12:59.246583-04:00,1
2026-07-10T23:46:19.466189-04:00,3
2026-07-11T02:02:48.736242-04:00,3
2026-07-11T04:11:15.738385-04:00,4
2026-07-11T07:05:55.703602-04:00,3
2026-07-11T08:02:13.031372-04:00,2
2026-07-11T09:49:01.208507-04:00,4
2026-07-11T10:41:35.178787-04:00,2
2026-07-11T12:34:26.777341-04:00,4
2026-07-11T13:38:06.922065-04:00,3
2026-07-11T14:34:40.135740-04:00,3
2026-07-11T15:49:19.741411-04:00,5
2026-07-11T16:34:24.514613-04:00,11
2026-07-11T17:30:19.884280-04:00,9
2026-07-11T18:28:42.469992-04:00,3
2026-07-11T19:32:05.381969-04:00,5
2026-07-11T21:10:44.579961-04:00,4
2026-07-12T00:42:27.298986-04:00,1
2026-07-12T03:18:32.717379-04:00,4
2026-07-12T05:21:10.394810-04:00,2
2026-07-12T08:00:15.126415-04:00,4
2026-07-12T09:48:00.299131-04:00,5
2026-07-12T10:44:13.492364-04:00,5
2026-07-12T11:43:05.336892-04:00,2
2026-07-12T12:38:42.207732-04:00,4
2026-07-12T13:41:37.348191-04:00,4
2026-07-12T14:40:32.187438-04:00,4
2026-07-12T15:56:07.665876-04:00,3
2026-07-12T16:51:59.278339-04:00,2
2026-07-12T17:51:31.005969-04:00,6
2026-07-12T18:50:35.212834-04:00,5
2026-07-12T19:55:19.984307-04:00,4
2026-07-12T22:52:41.285386-04:00,1
2026-07-13T02:20:34.913598-04:00,2
2026-07-13T05:54:05.510288-04:00,2
2026-07-13T08:31:51.860208-04:00,1
2026-07-13T11:32:11.533009-04:00,3
2026-07-13T13:34:25.112285-04:00,2
2026-07-13T15:01:40.281787-04:00,3
2026-07-13T16:32:12.601831-04:00,11
2026-07-13T17:32:06.962330-04:00,8
2026-07-13T18:33:03.543011-04:00,5
2026-07-13T19:31:05.584745-04:00,6
2026-07-13T21:00:40.434144-04:00,8
2026-07-14T00:14:10.923972-04:00,1
2026-07-14T02:28:48.992620-04:00,4
2026-07-14T04:37:43.785956-04:00,5
2026-07-14T06:23:19.489610-04:00,7
2026-07-14T07:54:03.447709-04:00,1
2026-07-14T09:45:18.086599-04:00,6
2026-07-14T11:12:25.523804-04:00,2
2026-07-14T12:40:21.545985-04:00,8
2026-07-14T13:50:51.267923-04:00,3
2026-07-14T15:21:01.781370-04:00,4
2026-07-14T16:37:39.005648-04:00,2
2026-07-14T17:36:30.717941-04:00,4
2026-07-14T18:37:18.873791-04:00,6
2026-07-14T19:31:49.524106-04:00,7
2026-07-14T20:57:13.360503-04:00,7
2026-07-15T00:09:12.141942-04:00,2
2026-07-15T02:27:15.979772-04:00,6
2026-07-15T04:55:38.548518-04:00,3
2026-07-15T06:51:20.217675-04:00,2
2026-07-15T08:15:21.203684-04:00,7
2026-07-15T10:14:17.533762-04:00,11
2026-07-15T11:54:14.131392-04:00,6
2026-07-15T13:18:16.673793-04:00,5
2026-07-15T14:34:02.699020-04:00,9
2026-07-15T15:48:16.684762-04:00,2
2026-07-15T16:44:45.906528-04:00,26
2026-07-15T17:42:06.999346-04:00,10
2026-07-15T18:42:43.184643-04:00,3
2026-07-15T19:43:25.656275-04:00,6
2026-07-15T21:10:27.681890-04:00,6
2026-07-16T00:27:50.521391-04:00,6
2026-07-16T03:02:53.301189-04:00,8
2026-07-16T05:24:08.292456-04:00,13
2026-07-16T07:17:23.672491-04:00,14
2026-07-16T08:54:20.133960-04:00,11
2026-07-16T11:02:14.688639-04:00,13
2026-07-16T12:38:20.328904-04:00,14
2026-07-16T21:05:58.806010-04:00,4
2026-07-17T00:20:50.100762-04:00,10
2026-07-17T02:37:57.947260-04:00,10
2026-07-17T04:55:41.837108-04:00,6
2026-07-17T06:48:00.756191-04:00,4
2026-07-17T07:59:55.638296-04:00,4
2026-07-17T09:57:18.365391-04:00,10
2026-07-17T11:18:02.097353-04:00,6
2026-07-17T12:36:33.906549-04:00,8
2026-07-17T13:43:26.942615-04:00,3
2026-07-17T14:43:19.756502-04:00,4
2026-07-17T16:56:20.820436-04:00,4
2026-07-17T17:56:07.094123-04:00,6
2026-07-17T18:52:05.958203-04:00,10
2026-07-17T19:53:27.078316-04:00,13
2026-07-17T22:33:17.487426-04:00,7
2026-07-18T01:11:29.895261-04:00,5
2026-07-18T03:11:39.971303-04:00,4
2026-07-18T05:01:42.542788-04:00,6
2026-07-18T06:37:06.459325-04:00,9
2026-07-18T07:35:37.114011-04:00,6
2026-07-18T08:34:24.440266-04:00,7
2026-07-18T10:04:47.518485-04:00,4
2026-07-18T11:10:11.535881-04:00,2
2026-07-18T12:10:25.590725-04:00,2
2026-07-18T13:18:02.977503-04:00,9
2026-07-18T14:12:17.265393-04:00,8
2026-07-18T15:35:43.745654-04:00,6
2026-07-18T16:25:16.671896-04:00,11
2026-07-18T17:23:21.112439-04:00,14
2026-07-18T18:22:51.569276-04:00,11
2026-07-18T19:26:37.507903-04:00,12
2026-07-18T21:02:05.500355-04:00,7
2026-07-19T00:31:54.501622-04:00,10
2026-07-19T03:12:04.277497-04:00,2
2026-07-19T05:20:28.971419-04:00,5
2026-07-19T06:52:59.758352-04:00,2
2026-07-19T07:58:58.265856-04:00,1
2026-07-19T09:43:06.763521-04:00,3
2026-07-19T10:42:18.034564-04:00,1
2026-07-19T11:40:49.776053-04:00,3
2026-07-19T12:38:24.556718-04:00,2
2026-07-19T13:40:23.545711-04:00,4
2026-07-19T14:41:13.434756-04:00,1
2026-07-19T15:57:32.570923-04:00,6
2026-07-19T16:59:25.165685-04:00,1
2026-07-19T18:00:33.268772-04:00,3
2026-07-19T19:06:48.378706-04:00,1
2026-07-19T20:08:57.610142-04:00,4
2026-07-20T00:03:00.968073-04:00,4
2026-07-20T03:24:57.890511-04:00,2
2026-07-20T06:25:02.025632-04:00,2
2026-07-20T08:31:33.965262-04:00,3
2026-07-20T10:53:09.618949-04:00,1
2026-07-20T12:23:57.169761-04:00,6
2026-07-20T14:28:16.045562-04:00,3
2026-07-20T16:08:01.482033-04:00,3
2026-07-20T17:30:39.685450-04:00,4
2026-07-20T18:34:28.897561-04:00,4
2026-07-20T19:36:11.077519-04:00,3
2026-07-20T21:04:42.752299-04:00,2
2026-07-21T00:27:39.605663-04:00,3
2026-07-21T03:12:00.845836-04:00,4
2026-07-21T05:42:58.634504-04:00,3
2026-07-21T07:30:57.583422-04:00,4
2026-07-21T09:02:48.307112-04:00,4
2026-07-21T11:15:12.348685-04:00,4
2026-07-21T12:47:53.615458-04:00,4
2026-07-21T14:03:08.631623-04:00,10
2026-07-21T15:47:26.268448-04:00,19
2026-07-21T16:52:58.501800-04:00,5
2026-07-21T18:03:22.085184-04:00,11
2026-07-21T19:08:55.746454-04:00,4
2026-07-21T20:05:33.326517-04:00,3
2026-07-21T23:40:03.638622-04:00,1
2026-07-22T02:14:27.190912-04:00,4
2026-07-22T05:01:59.689864-04:00,4
2026-07-22T07:16:56.094076-04:00,4
2026-07-22T08:49:29.480693-04:00,2
2026-07-22T10:49:48.710676-04:00,1
2026-07-22T12:09:39.222881-04:00,3
2026-07-22T13:40:51.554816-04:00,2
2026-07-22T14:49:17.516579-04:00,2
2026-07-22T16:02:52.286550-04:00,2
2026-07-22T17:19:30.122337-04:00,4
2026-07-22T18:29:32.402103-04:00,2
2026-07-22T19:32:50.096047-04:00,3
2026-07-22T21:08:38.898998-04:00,6
2026-07-23T00:32:21.525085-04:00,7
2026-07-23T03:14:43.088468-04:00,10
2026-07-23T05:40:26.997841-04:00,9
2026-07-23T07:41:52.336912-04:00,4
2026-07-23T09:13:24.526743-04:00,2
2026-07-23T11:27:22.762068-04:00,4
2026-07-23T12:59:07.994303-04:00,3
2026-07-23T14:18:17.575593-04:00,3
2026-07-23T15:50:49.682338-04:00,3
2026-07-23T17:05:10.535237-04:00,6
2026-07-23T18:12:06.899790-04:00,4
2026-07-23T19:14:42.858167-04:00,5
2026-07-23T20:13:39.915523-04:00,7
2026-07-23T23:48:35.750893-04:00,2
2026-07-24T02:14:59.811873-04:00,4
2026-07-24T04:45:32.175969-04:00,4
2026-07-24T06:49:37.826718-04:00,2
2026-07-24T08:08:15.069508-04:00,5
2026-07-24T10:10:10.279456-04:00,4
2026-07-24T11:43:42.702867-04:00,4
2026-07-24T13:14:14.922176-04:00,3
2026-07-24T14:49:40.859105-04:00,3
2026-07-24T16:06:06.100781-04:00,3
2026-07-24T17:18:27.401062-04:00,1
2026-07-24T18:31:58.516123-04:00,1
2026-07-24T19:39:59.023531-04:00,1
2026-07-24T21:09:59.958897-04:00,1
2026-07-25T00:27:44.664902-04:00,1
2026-07-25T02:39:54.226024-04:00,8
2026-07-25T04:50:47.598762-04:00,5
2026-07-25T07:46:30.193308-04:00,6
2026-07-25T08:47:36.972419-04:00,5
2026-07-25T10:21:58.852903-04:00,4
2026-07-25T11:39:44.218036-04:00,3
2026-07-25T12:34:48.215730-04:00,4
2026-07-25T13:38:02.347049-04:00,2
2026-07-25T14:38:11.008704-04:00,5
2026-07-25T15:54:59.499674-04:00,5
2026-07-25T16:54:25.621329-04:00,3
2026-07-25T17:56:32.967929-04:00,1
2026-07-25T18:58:12.110807-04:00,2
2026-07-25T20:06:11.151521-04:00,4
2026-07-25T23:51:34.574606-04:00,3
2026-07-26T02:36:38.863824-04:00,2
2026-07-26T05:00:27.378696-04:00,3
2026-07-26T06:50:43.991828-04:00,1
2026-07-26T08:03:06.490600-04:00,11
2026-07-26T09:51:18.269755-04:00,3
2026-07-26T11:05:29.295035-04:00,2
2026-07-26T12:12:25.306760-04:00,3
2026-07-26T13:27:06.330602-04:00,1
2026-07-26T14:33:32.533737-04:00,3
2026-07-26T15:49:29.648342-04:00,4
2026-07-26T16:41:49.108842-04:00,3
2026-07-26T17:43:06.763845-04:00,6
2026-07-26T18:44:08.839893-04:00,4
2026-07-26T19:44:34.327753-04:00,3
2026-07-26T21:21:24.647314-04:00,3
2026-07-27T01:10:59.452703-04:00,4
2026-07-27T04:48:56.749976-04:00,7
2026-07-27T08:01:58.383114-04:00,4
2026-07-27T11:09:32.030184-04:00,6
2026-07-27T14:44:34.219898-04:00,9
2026-07-27T16:09:55.963029-04:00,11
2026-07-27T17:29:15.259124-04:00,13
2026-07-27T18:35:30.486788-04:00,11
2026-07-27T19:41:23.925532-04:00,8
2026-07-27T21:08:02.071222-04:00,10
2026-07-28T00:26:15.279033-04:00,8
2026-07-28T03:14:51.641983-04:00,5
2026-07-28T05:58:18.557198-04:00,4
2026-07-28T08:03:19.296786-04:00,4
2026-07-28T10:31:35.543450-04:00,7
2026-07-28T12:20:46.906953-04:00,7
2026-07-28T13:54:58.274518-04:00,5
2026-07-28T15:24:51.321972-04:00,4
2026-07-28T16:44:00.261735-04:00,9
2026-07-28T17:49:05.366085-04:00,7
2026-07-28T18:45:18.775337-04:00,6
2026-07-28T19:43:49.188814-04:00,4
2026-07-28T21:11:31.861138-04:00,2
2026-07-29T00:34:45.544515-04:00,4
2026-07-29T03:27:54.811014-04:00,4
2026-07-29T06:11:13.713011-04:00,4
2026-07-29T08:23:46.249438-04:00,3
2026-07-29T10:41:24.895669-04:00,11
2026-07-29T12:11:33.567558-04:00,4
2026-07-29T13:41:30.813739-04:00,5
2026-07-29T14:42:18.376033-04:00,2
2026-07-29T16:03:24.117830-04:00,2
2026-07-29T17:10:00.883793-04:00,3
2026-07-29T18:12:38.340605-04:00,4
2026-07-29T19:17:09.431352-04:00,3
2026-07-29T20:14:47.076706-04:00,4
2026-07-29T23:34:56.883627-04:00,3
2026-07-30T02:10:53.490565-04:00,1
2026-07-30T05:07:03.657710-04:00,6
2026-07-30T07:19:28.790594-04:00,4
2026-07-30T08:57:39.421054-04:00,4
2026-07-30T12:52:34.697637-04:00,9
2026-07-30T14:16:11.669302-04:00,11
2026-07-30T15:56:03.618135-04:00,10
2026-07-30T17:12:40.450874-04:00,8
2026-07-30T18:29:38.800468-04:00,8
2026-07-30T19:33:57.938850-04:00,7
2026-07-30T21:10:17.314365-04:00,7
2026-07-31T00:40:12.951097-04:00,2
2026-07-31T03:34:53.600522-04:00,3
2026-07-31T06:12:35.230145-04:00,6
2026-07-31T08:21:01.898365-04:00,5
2026-07-31T09:29:24.483562-04:00,5
2026-07-31T10:58:33.430522-04:00,10
2026-07-31T12:49:30.019363-04:00,9
2026-07-31T14:12:26.673549-04:00,14
2026-07-31T15:56:41.894796-04:00,17
2026-07-31T17:10:25.334646-04:00,9
2026-07-31T18:15:18.013693-04:00,9
2026-07-31T19:25:25.619114-04:00,2
2026-07-31T21:02:36.564983-04:00,4
2026-08-01T00:31:40.992105-04:00,5
2026-08-01T05:25:22.866118-04:00,4
2026-08-01T06:57:46.468260-04:00,2
2026-08-01T08:05:35.860127-04:00,2
2026-08-01T09:50:08.425172-04:00,5
2026-08-01T11:46:58.290900-04:00,2
2026-08-01T12:41:29.115652-04:00,5
2026-08-01T13:47:35.246836-04:00,4
2026-08-01T14:43:55.112331-04:00,3
2026-08-01T15:59:41.831851-04:00,6
2026-08-01T17:04:28.387441-04:00,3
2026-08-01T19:09:38.996287-04:00,3
2026-08-01T20:11:39.953568-04:00,6
2026-08-01T23:57:58.205291-04:00,2
2026-08-02T02:39:58.625049-04:00,4
2026-08-02T04:58:37.380877-04:00,6
2026-08-02T06:45:30.098231-04:00,13
2026-08-02T07:46:57.000876-04:00,2
2026-08-02T08:44:38.277934-04:00,2
2026-08-02T10:17:20.685168-04:00,7
2026-08-02T11:31:35.004621-04:00,3
2026-08-02T12:33:54.203466-04:00,5
2026-08-02T13:41:05.923783-04:00,6
2026-08-02T14:44:29.452827-04:00,3
2026-08-02T18:07:00.926036-04:00,1
2026-08-02T20:11:15.328664-04:00,8
2026-08-03T00:00:14.175295-04:00,7
2026-08-03T03:37:58.981403-04:00,4
2026-08-03T06:57:24.395907-04:00,3
2026-08-03T09:43:48.477352-04:00,5
2026-08-03T12:09:41.823373-04:00,1
2026-08-03T14:04:18.256398-04:00,3
2026-08-03T17:03:12.458970-04:00,7
2026-08-03T18:15:40.146794-04:00,4
2026-08-03T19:30:19.419229-04:00,4
2026-08-03T21:02:27.473241-04:00,6
2026-08-04T00:27:04.938241-04:00,5
2026-08-04T03:15:34.409605-04:00,4
2026-08-04T06:01:42.062292-04:00,6
2026-08-04T08:15:51.036674-04:00,7
2026-08-04T10:43:28.107781-04:00,5
2026-08-04T12:42:34.730647-04:00,6
2026-08-04T14:18:47.223138-04:00,11
2026-08-04T16:03:02.341329-04:00,7
2026-08-04T17:32:21.827562-04:00,4
2026-08-04T18:41:38.311149-04:00,4
2026-08-04T19:45:57.572502-04:00,4
2026-08-04T21:09:07.655779-04:00,3
2026-08-05T00:28:13.416104-04:00,1
2026-08-05T03:17:45.968695-04:00,2
2026-08-05T06:01:18.872174-04:00,5
2026-08-05T08:11:42.096637-04:00,4
2026-08-05T10:37:42.355509-04:00,2
2026-08-05T12:19:56.403765-04:00,3
2026-08-05T13:58:09.979564-04:00,1
2026-08-05T15:46:55.549892-04:00,4
2026-08-05T16:34:15.237571-04:00,6
2026-08-05T16:48:10.256688-04:00,5
2026-08-05T16:53:08.005225-04:00,5
2026-08-05T18:00:03.410299-04:00,6
2026-08-05T19:11:29.228354-04:00,6
2026-08-05T20:12:41.483176-04:00,8
2026-08-05T21:48:53.829067-04:00,6
2026-08-05T21:52:56.018317-04:00,4
2026-08-05T21:57:20.481806-04:00,4
2026-08-05T22:25:13.904444-04:00,5
2026-08-05T22:36:47.083965-04:00,11
2026-08-05T23:22:24.032711-04:00,5
2026-08-05T23:36:39.664570-04:00,7
2026-08-05T23:44:38.191158-04:00,7
2026-08-05T23:46:55.353549-04:00,7
2026-08-05T23:48:51.989136-04:00,7
2026-08-06T00:38:55.823809-04:00,8
2026-08-06T00:41:53.667000-04:00,8
2026-08-06T00:56:09.840358-04:00,15
2026-08-06T01:01:38.603223-04:00,15
2026-08-06T01:11:42.252958-04:00,15
2026-08-06T01:25:20.272471-04:00,14
2026-08-06T01:30:57.636141-04:00,14
2026-08-06T01:35:02.028756-04:00,14
2026-08-06T01:37:59.882244-04:00,13
2026-08-06T02:17:37.929374-04:00,11
2026-08-06T05:09:10.382628-04:00,5
2026-08-06T06:38:56.792753-04:00,6
2026-08-06T07:02:09.086724-04:00,7
2026-08-06T07:20:31.927746-04:00,8
2026-08-06T07:30:50.578549-04:00,8
2026-08-06T09:11:10.219026-04:00,2
2026-08-06T11:26:11.105773-04:00,3
2026-08-06T19:24:47.979127-04:00,3
2026-08-06T20:28:25.034928-04:00,6
2026-08-06T23:27:03.177726-04:00,4
2026-08-06T23:29:36.181491-04:00,4
2026-08-07T02:17:17.467151-04:00,2
2026-08-07T03:44:14.919544-04:00,2
2026-08-07T04:39:34.757821-04:00,4
2026-08-07T05:38:27.484300-04:00,4
2026-08-07T06:30:36.720701-04:00,3
2026-08-07T07:23:00.860705-04:00,3
2026-08-07T08:03:05.182188-04:00,4
2026-08-07T09:21:59.201556-04:00,6
2026-08-07T10:28:11.617860-04:00,2
2026-08-07T11:24:19.552279-04:00,5
2026-08-07T12:13:11.690994-04:00,7
2026-08-07T13:06:58.062843-04:00,6
2026-08-07T14:48:56.825674-04:00,11
2026-08-07T15:40:20.719871-04:00,14
2026-08-07T16:20:03.044651-04:00,11
2026-08-07T16:37:58.324801-04:00,14
2026-08-07T16:42:35.217457-04:00,14
2026-08-07T17:03:25.707717-04:00,16
2026-08-07T17:49:22.530287-04:00,10
2026-08-07T18:20:03.623788-04:00,14
2026-08-07T18:58:19.867092-04:00,12
2026-08-07T20:00:21.411386-04:00,7
2026-08-07T21:46:59.800700-04:00,6
2026-08-07T23:13:15.805033-04:00,5
2026-08-08T00:20:55.591617-04:00,1
2026-08-08T01:12:07.657676-04:00,4
2026-08-08T02:33:57.636310-04:00,4
2026-08-08T03:31:56.351416-04:00,1
2026-08-08T04:07:46.855734-04:00,11
2026-08-08T04:55:11.584908-04:00,4
2026-08-08T05:26:01.992090-04:00,5
2026-08-08T06:01:14.078024-04:00,6
2026-08-08T06:38:28.354223-04:00,9
2026-08-08T07:04:49.446470-04:00,7
2026-08-08T07:37:15.735413-04:00,7
2026-08-08T07:58:41.459388-04:00,5
2026-08-08T08:41:19.553848-04:00,4
2026-08-08T09:31:25.515580-04:00,5
2026-08-08T10:45:21.706223-04:00,3
2026-08-08T11:05:11.546594-04:00,3
2026-08-08T11:38:48.201431-04:00,7
2026-08-08T12:00:19.658677-04:00,4
2026-08-08T12:36:04.171111-04:00,2
2026-08-08T13:05:35.683295-04:00,4
2026-08-08T13:40:01.670964-04:00,1
2026-08-08T14:02:09.541959-04:00,2
2026-08-08T14:49:34.851995-04:00,3
2026-08-08T15:17:59.480405-04:00,8
2026-08-08T15:46:55.353425-04:00,2
2026-08-08T16:04:27.809324-04:00,4
2026-08-08T16:40:49.520148-04:00,10
2026-08-08T17:04:10.413428-04:00,11
2026-08-08T17:39:27.742664-04:00,10
2026-08-08T18:00:28.288280-04:00,10
2026-08-08T18:32:17.135158-04:00,9
2026-08-08T18:59:55.570017-04:00,11
2026-08-08T19:29:45.468623-04:00,13
2026-08-08T19:55:17.172168-04:00,14
2026-08-08T20:49:10.590392-04:00,9
2026-08-08T22:53:11.699512-04:00,4
2026-08-09T00:06:01.412115-04:00,4
2026-08-09T01:14:19.199086-04:00,4
2026-08-09T01:57:51.575836-04:00,2
2026-08-09T02:48:49.680767-04:00,3
2026-08-09T03:41:42.303269-04:00,6
2026-08-09T04:21:58.444074-04:00,2
2026-08-09T05:06:52.338298-04:00,2
2026-08-09T05:52:15.083908-04:00,2
2026-08-09T06:18:27.212704-04:00,1
2026-08-09T06:55:08.761499-04:00,2
2026-08-09T07:18:31.104005-04:00,1
2026-08-09T07:48:33.466944-04:00,2
2026-08-09T08:16:49.171960-04:00,2
2026-08-09T09:17:26.290724-04:00,2
2026-08-09T11:40:20.398238-04:00,1
2026-08-09T12:45:56.092192-04:00,3
2026-08-09T13:48:00.997127-04:00,2
2026-08-09T14:16:06.299784-04:00,4
2026-08-09T15:02:41.303047-04:00,2
2026-08-09T15:40:30.244151-04:00,4
2026-08-09T16:02:35.865042-04:00,2
2026-08-09T16:43:47.157350-04:00,6
2026-08-09T17:12:24.808859-04:00,8
2026-08-09T17:46:46.790979-04:00,8
2026-08-09T18:11:24.189293-04:00,7
2026-08-09T18:47:54.148986-04:00,10
2026-08-09T19:13:16.835604-04:00,11
2026-08-09T19:45:39.095677-04:00,9
2026-08-09T20:35:46.874684-04:00,8
2026-08-09T22:54:40.163196-04:00,3
2026-08-10T00:20:02.377916-04:00,3
2026-08-10T01:49:08.083117-04:00,2
2026-08-10T02:58:29.698821-04:00,1
2026-08-10T04:25:12.762661-04:00,3
2026-08-10T05:54:15.209831-04:00,1
2026-08-10T06:53:16.286270-04:00,1
2026-08-10T07:37:40.992202-04:00,1
2026-08-10T08:28:33.143538-04:00,1
2026-08-10T09:54:39.673106-04:00,2
2026-08-10T10:47:58.487619-04:00,2
2026-08-10T11:42:11.150181-04:00,1
2026-08-10T12:30:36.759682-04:00,1
2026-08-10T13:26:40.994842-04:00,4
2026-08-10T14:11:55.536938-04:00,3
2026-08-10T15:15:03.962246-04:00,5
2026-08-10T16:02:25.672730-04:00,5
2026-08-10T16:53:40.324870-04:00,6
2026-08-10T17:28:26.470326-04:00,5
2026-08-10T18:06:18.837198-04:00,4
2026-08-10T18:51:40.341482-04:00,5
2026-08-10T19:21:12.831090-04:00,7
2026-08-10T22:51:44.947482-04:00,4
2026-08-11T01:18:47.273676-04:00,3
2026-08-11T02:07:31.659628-04:00,3
2026-08-11T03:23:47.453358-04:00,1
2026-08-11T04:28:36.166548-04:00,2
2026-08-11T05:30:52.192141-04:00,2
2026-08-11T06:25:54.469402-04:00,2
2026-08-11T07:11:46.227616-04:00,1
2026-08-11T07:55:23.733455-04:00,2
2026-08-11T08:38:20.035470-04:00,2
2026-08-11T10:03:28.061795-04:00,1
2026-08-11T11:08:22.549813-04:00,2
2026-08-11T12:08:57.828720-04:00,5
2026-08-11T13:09:22.788188-04:00,1
2026-08-11T14:04:27.895566-04:00,3
2026-08-11T15:14:49.507714-04:00,3
2026-08-11T16:04:54.513191-04:00,2
2026-08-11T16:57:44.664569-04:00,3
2026-08-11T17:41:35.782948-04:00,3
2026-08-11T19:07:46.466066-04:00,3
2026-08-11T19:53:45.390248-04:00,7
2026-08-11T20:45:42.630075-04:00,3
2026-08-11T23:11:59.316965-04:00,6
2026-08-12T00:59:45.837931-04:00,4
2026-08-12T02:14:45.740156-04:00,1
2026-08-12T04:55:44.205672-04:00,1
2026-08-12T05:53:01.738972-04:00,3
2026-08-12T06:46:02.580445-04:00,3
2026-08-12T07:32:03.350285-04:00,1
2026-08-12T08:26:32.278008-04:00,13
2026-08-12T09:54:57.483116-04:00,1
2026-08-12T10:49:20.953202-04:00,3
2026-08-12T11:42:47.065667-04:00,4
2026-08-12T13:34:17.194967-04:00,3
2026-08-12T14:29:40.353345-04:00,3
2026-08-12T15:37:35.644066-04:00,6
2026-08-12T16:19:56.496501-04:00,8
2026-08-12T17:06:37.435285-04:00,9
2026-08-12T17:57:04.931517-04:00,8
2026-08-12T18:33:48.831518-04:00,7
2026-08-12T19:19:33.678051-04:00,4
2026-08-12T20:01:26.523982-04:00,6
2026-08-12T22:24:46.028105-04:00,4
2026-08-13T00:23:23.892672-04:00,1
2026-08-13T01:52:48.654552-04:00,4
2026-08-13T03:04:34.825017-04:00,3
2026-08-13T04:39:05.677937-04:00,1
2026-08-13T05:45:02.628905-04:00,2
2026-08-13T06:45:12.440665-04:00,2
2026-08-13T07:29:39.036593-04:00,2
2026-08-13T08:09:56.384892-04:00,3
2026-08-13T10:42:55.640225-04:00,5
2026-08-13T11:37:32.611938-04:00,2
2026-08-13T12:30:35.815738-04:00,3
2026-08-13T13:29:47.740843-04:00,5
2026-08-13T14:27:39.144137-04:00,4
2026-08-13T15:33:19.210178-04:00,8
2026-08-13T16:06:33.057444-04:00,2
2026-08-13T16:56:42.039859-04:00,8
2026-08-13T17:37:19.318490-04:00,5
2026-08-13T18:22:32.795487-04:00,4
2026-08-13T19:07:45.449124-04:00,4
2026-08-13T19:53:43.899359-04:00,6
2026-08-13T20:46:41.446371-04:00,3
2026-08-13T23:13:58.477557-04:00,4
2026-08-14T01:02:22.241845-04:00,6
2026-08-14T02:21:06.495164-04:00,4
2026-08-14T03:54:41.350473-04:00,4
2026-08-14T04:54:36.865499-04:00,4
2026-08-14T05:48:23.199077-04:00,3
2026-08-14T06:42:26.522603-04:00,1
2026-08-14T07:27:26.557158-04:00,4
2026-08-14T08:05:44.310660-04:00,2
2026-08-14T09:33:59.284834-04:00,3
2026-08-14T10:33:24.335627-04:00,3
2026-08-14T11:24:02.616392-04:00,4
2026-08-14T12:10:33.229675-04:00,7
2026-08-14T13:07:59.787478-04:00,8
2026-08-14T14:01:18.352472-04:00,6
2026-08-14T15:00:23.098463-04:00,7
2026-08-14T15:49:55.182327-04:00,10
2026-08-14T16:16:58.860514-04:00,9
2026-08-14T16:47:53.833711-04:00,6
2026-08-14T17:05:21.548080-04:00,7
2026-08-14T17:34:41.378357-04:00,7
2026-08-14T17:53:17.411385-04:00,5
2026-08-14T18:08:25.718772-04:00,7
2026-08-14T18:36:14.411237-04:00,7
2026-08-14T18:54:58.143302-04:00,6
2026-08-14T19:10:18.882406-04:00,4
2026-08-14T19:34:05.402576-04:00,5
2026-08-14T19:52:33.388631-04:00,7
2026-08-14T20:24:52.803019-04:00,6
2026-08-14T21:54:05.498765-04:00,4
2026-08-14T22:40:54.732342-04:00,4
2026-08-14T23:21:54.763536-04:00,3
2026-08-14T23:57:55.709409-04:00,2
2026-08-15T00:25:20.170934-04:00,5
2026-08-15T00:54:18.601727-04:00,5
2026-08-15T01:13:02.010633-04:00,3
2026-08-15T01:39:56.368437-04:00,1
2026-08-15T01:58:30.714399-04:00,2
2026-08-15T02:32:58.367516-04:00,1
2026-08-15T03:08:10.365740-04:00,4
2026-08-15T03:39:08.822459-04:00,4
2026-08-15T03:56:49.717057-04:00,4
2026-08-15T04:18:47.396821-04:00,5
2026-08-15T04:48:35.842303-04:00,5
2026-08-15T05:09:10.311639-04:00,3
2026-08-15T05:36:32.271026-04:00,1
2026-08-15T05:54:15.217257-04:00,2
2026-08-15T06:09:02.487871-04:00,3
2026-08-15T06:35:45.319507-04:00,4
2026-08-15T06:53:25.400200-04:00,5
2026-08-15T07:05:51.620558-04:00,1
2026-08-15T07:29:52.685442-04:00,1
2026-08-15T07:45:26.854199-04:00,1
2026-08-15T07:57:25.314331-04:00,3
2026-08-15T08:26:13.855598-04:00,2
2026-08-15T09:06:02.295402-04:00,3
2026-08-15T09:38:08.353417-04:00,7
2026-08-15T09:55:51.406025-04:00,6
2026-08-15T10:13:27.536096-04:00,8
2026-08-15T10:38:13.395103-04:00,7
2026-08-15T10:55:25.570531-04:00,9
2026-08-15T11:10:29.589023-04:00,8
2026-08-15T11:33:16.844952-04:00,4
2026-08-15T11:49:25.256392-04:00,6
2026-08-15T12:00:27.765553-04:00,7
2026-08-15T12:27:42.125289-04:00,6
2026-08-15T12:48:59.412170-04:00,8
2026-08-15T13:03:39.951871-04:00,9
2026-08-15T13:28:14.231803-04:00,8
2026-08-15T13:44:52.259457-04:00,7
2026-08-15T13:57:46.557274-04:00,4
2026-08-15T14:21:13.162166-04:00,9
2026-08-15T14:51:20.374920-04:00,9
2026-08-15T15:10:48.051046-04:00,9
2026-08-15T15:31:48.185905-04:00,8
2026-08-15T15:47:21.397668-04:00,10
2026-08-15T15:58:29.869467-04:00,10
2026-08-15T16:18:43.963485-04:00,8
2026-08-15T16:42:35.883632-04:00,7
2026-08-15T16:58:25.568159-04:00,5
2026-08-15T17:18:13.002628-04:00,9
2026-08-15T17:38:25.134023-04:00,3
2026-08-15T17:53:12.682414-04:00,1
2026-08-15T18:01:16.405778-04:00,1
2026-08-15T18:45:09.301190-04:00,2
2026-08-15T18:58:54.732377-04:00,3
2026-08-15T19:18:42.397909-04:00,4
2026-08-15T19:37:31.669344-04:00,4
2026-08-15T19:52:31.245030-04:00,4
2026-08-15T20:01:38.813979-04:00,4
2026-08-15T21:43:47.092901-04:00,7
2026-08-15T22:47:11.011752-04:00,2
2026-08-15T23:33:52.278715-04:00,1
2026-08-16T00:10:34.839373-04:00,1
2026-08-16T00:47:31.467927-04:00,2
2026-08-16T01:13:11.959592-04:00,2
2026-08-16T01:42:18.414948-04:00,3
2026-08-16T02:00:13.166721-04:00,3
2026-08-16T02:42:17.863062-04:00,4
2026-08-16T03:18:08.748421-04:00,3
2026-08-16T03:48:11.113694-04:00,4
2026-08-16T04:02:40.672379-04:00,2
2026-08-16T04:38:41.849133-04:00,1
2026-08-16T05:00:31.283438-04:00,4
2026-08-16T05:29:51.546047-04:00,3
2026-08-16T05:51:33.523614-04:00,3
2026-08-16T06:06:24.732373-04:00,1
2026-08-16T06:34:21.279795-04:00,4
2026-08-16T06:52:59.100909-04:00,4
2026-08-16T07:06:44.081296-04:00,1
2026-08-16T07:30:43.232604-04:00,1
2026-08-16T07:47:22.185626-04:00,2
2026-08-16T07:59:22.696432-04:00,1
2026-08-16T08:37:35.947030-04:00,4
2026-08-16T09:16:25.517825-04:00,2
2026-08-16T09:46:24.655237-04:00,2
2026-08-16T10:27:32.732176-04:00,2
2026-08-16T10:47:17.306219-04:00,3
2026-08-16T11:01:05.561864-04:00,4
2026-08-16T11:43:44.423389-04:00,2
2026-08-16T11:57:49.010521-04:00,2
2026-08-16T12:18:55.942783-04:00,1
2026-08-16T12:44:40.844554-04:00,1
2026-08-16T13:00:40.310031-04:00,3
2026-08-16T13:22:08.550790-04:00,4
2026-08-16T13:39:37.934779-04:00,2
2026-08-16T13:52:56.947330-04:00,3
2026-08-16T14:01:35.648642-04:00,3
2026-08-16T14:36:14.685007-04:00,4
2026-08-16T14:58:41.949471-04:00,3
2026-08-16T15:19:28.446709-04:00,4
2026-08-16T15:38:21.285048-04:00,3
2026-08-16T15:51:18.568432-04:00,8
2026-08-16T15:59:54.798472-04:00,8
2026-08-16T16:23:24.951239-04:00,10
2026-08-16T16:43:20.739981-04:00,7
2026-08-16T16:58:13.615404-04:00,7
2026-08-16T17:35:37.527528-04:00,6
2026-08-16T17:50:44.043601-04:00,6
2026-08-16T17:59:59.384930-04:00,6
2026-08-16T18:22:00.004543-04:00,4
2026-08-16T18:41:41.816405-04:00,4
2026-08-16T18:56:14.067416-04:00,4
2026-08-16T19:11:31.431507-04:00,6
2026-08-16T19:33:11.992601-04:00,3
2026-08-16T19:49:16.428465-04:00,3
2026-08-16T19:59:23.795043-04:00,6
2026-08-16T21:14:08.245924-04:00,1
2026-08-16T22:34:35.045950-04:00,6
2026-08-16T23:29:34.549692-04:00,9
2026-08-17T00:12:12.442716-04:00,9
2026-08-17T00:56:42.010059-04:00,7
2026-08-17T01:28:20.367760-04:00,4
2026-08-17T01:59:30.211106-04:00,4
2026-08-17T02:54:42.077978-04:00,2
2026-08-17T03:41:05.687417-04:00,3
2026-08-17T04:23:28.969190-04:00,3
2026-08-17T05:52:46.568963-04:00,7
2026-08-17T06:17:52.398910-04:00,8
2026-08-17T06:50:03.344349-04:00,4
2026-08-17T07:11:06.071604-04:00,6
2026-08-17T07:37:17.812130-04:00,3
2026-08-17T07:55:10.855475-04:00,3
2026-08-17T08:19:01.007173-04:00,3
2026-08-17T09:10:18.974654-04:00,2
2026-08-17T09:50:36.194661-04:00,3
2026-08-17T10:12:51.382194-04:00,3
2026-08-17T10:42:56.009398-04:00,6
2026-08-17T11:27:47.813589-04:00,6
2026-08-17T11:48:46.218046-04:00,7
2026-08-17T12:01:57.647366-04:00,4
2026-08-17T12:35:10.403097-04:00,2
2026-08-17T12:58:38.412842-04:00,4
2026-08-17T13:25:03.138510-04:00,4
2026-08-17T13:50:36.274966-04:00,2
2026-08-17T14:15:55.045662-04:00,3
2026-08-17T14:58:23.390933-04:00,2
2026-08-17T15:25:25.139950-04:00,1
2026-08-17T15:48:23.498174-04:00,1
2026-08-17T16:03:09.671316-04:00,5
2026-08-17T16:35:43.287896-04:00,1
2026-08-17T16:57:42.915834-04:00,3
2026-08-17T17:20:50.680320-04:00,2
2026-08-17T17:44:39.066680-04:00,6
2026-08-17T18:00:26.967236-04:00,6
2026-08-17T18:26:44.409857-04:00,7
2026-08-17T18:47:32.011545-04:00,5
2026-08-17T19:02:19.749724-04:00,6
2026-08-17T19:29:36.130288-04:00,6
2026-08-17T19:47:25.552796-04:00,5
2026-08-17T20:01:10.621817-04:00,4
2026-08-17T21:26:34.373606-04:00,2
2026-08-17T22:33:05.148154-04:00,2
2026-08-17T23:24:13.402760-04:00,5
2026-08-18T00:02:53.983181-04:00,3
2026-08-18T00:43:30.468389-04:00,4
2026-08-18T01:12:50.459270-04:00,1
2026-08-18T01:44:11.517991-04:00,2
2026-08-18T02:02:22.454447-04:00,2
2026-08-18T02:56:54.469482-04:00,1
2026-08-18T03:31:54.008677-04:00,4
2026-08-18T04:04:17.127219-04:00,4
2026-08-18T04:48:51.232254-04:00,3
2026-08-18T05:16:56.144698-04:00,6
2026-08-18T05:50:17.352901-04:00,5
2026-08-18T06:12:42.592909-04:00,5
2026-08-18T06:45:26.700730-04:00,3
2026-08-18T07:03:25.385723-04:00,3
2026-08-18T07:33:37.934804-04:00,8
2026-08-18T07:54:18.547638-04:00,3
2026-08-18T08:16:20.042955-04:00,2
2026-08-18T09:09:31.623697-04:00,3
2026-08-18T09:54:13.490913-04:00,3
2026-08-18T10:19:27.353535-04:00,4
2026-08-18T10:56:10.612316-04:00,3
2026-08-18T11:22:07.304820-04:00,3
2026-08-18T11:51:44.707921-04:00,3
2026-08-18T12:14:18.398033-04:00,2
2026-08-18T12:48:20.457846-04:00,3
2026-08-18T13:11:42.913033-04:00,5
2026-08-18T13:40:42.166824-04:00,6
2026-08-18T13:59:39.285061-04:00,3
2026-08-18T14:38:06.083326-04:00,3
2026-08-18T15:10:50.688838-04:00,2
2026-08-18T15:37:39.242563-04:00,5
2026-08-18T15:53:21.650148-04:00,3
2026-08-18T16:08:42.980742-04:00,5
2026-08-18T16:36:08.009490-04:00,6
2026-08-18T16:55:05.046150-04:00,4
2026-08-18T17:12:22.792016-04:00,4
2026-08-18T17:36:45.293836-04:00,9
2026-08-18T17:53:44.641698-04:00,10
2026-08-18T18:08:00.515202-04:00,8
2026-08-18T18:37:09.257935-04:00,8
2026-08-18T18:56:15.936673-04:00,6
2026-08-18T19:13:26.197450-04:00,8
2026-08-18T19:35:34.201732-04:00,7
2026-08-18T19:52:42.150344-04:00,6
2026-08-18T20:23:33.861945-04:00,6
2026-08-18T21:56:45.289041-04:00,2
2026-08-18T22:51:36.082346-04:00,3
2026-08-18T23:33:40.823232-04:00,13
2026-08-19T00:11:03.990684-04:00,2
2026-08-19T00:49:18.299443-04:00,1
2026-08-19T01:15:15.925153-04:00,2
2026-08-19T01:47:11.678603-04:00,5
2026-08-19T02:16:58.676695-04:00,3
2026-08-19T03:07:51.651896-04:00,1
2026-08-19T03:50:14.253590-04:00,3
2026-08-19T04:17:56.414510-04:00,3
2026-08-19T04:57:08.635407-04:00,2
2026-08-19T05:26:46.331010-04:00,5
2026-08-19T05:56:58.094543-04:00,2
2026-08-19T06:21:13.747523-04:00,3
2026-08-19T06:50:23.143651-04:00,1
2026-08-19T07:10:27.100564-04:00,2
2026-08-19T07:36:34.195760-04:00,5
2026-08-19T07:55:22.344719-04:00,2
2026-08-19T08:21:35.542449-04:00,3
2026-08-19T09:15:32.467649-04:00,4
2026-08-19T09:58:12.343778-04:00,4
2026-08-19T10:29:37.525735-04:00,6
2026-08-19T11:02:18.731406-04:00,3
2026-08-19T11:38:55.248946-04:00,3
2026-08-19T12:01:36.479604-04:00,3
2026-08-19T12:37:12.686426-04:00,3
2026-08-19T12:59:24.526095-04:00,4
2026-08-19T13:26:30.951095-04:00,6
2026-08-19T13:48:06.262869-04:00,6
2026-08-19T14:02:16.063389-04:00,7
2026-08-19T14:45:17.714570-04:00,10
2026-08-19T15:11:26.055915-04:00,13
2026-08-19T15:36:10.896762-04:00,11
2026-08-19T15:54:22.899048-04:00,7
2026-08-19T16:11:02.531439-04:00,11
2026-08-19T16:43:27.773579-04:00,10
2026-08-19T17:02:40.903681-04:00,12
2026-08-19T17:33:06.530580-04:00,17
2026-08-19T17:53:30.807915-04:00,10
2026-08-19T18:10:44.162640-04:00,8
2026-08-19T18:38:29.792575-04:00,6
2026-08-19T18:57:29.910019-04:00,8
2026-08-19T19:16:32.038757-04:00,7
2026-08-19T19:39:24.315917-04:00,7
2026-08-19T19:55:30.754218-04:00,9
2026-08-19T20:36:07.279748-04:00,5
2026-08-19T22:04:44.833413-04:00,3
2026-08-19T23:05:49.877596-04:00,3
2026-08-19T23:54:03.053422-04:00,4
2026-08-20T00:22:53.322280-04:00,4
2026-08-20T00:58:31.649749-04:00,3
2026-08-20T01:27:34.445904-04:00,4
2026-08-20T01:55:26.981019-04:00,2
2026-08-20T02:25:16.948916-04:00,4
2026-08-20T03:14:18.572110-04:00,5
2026-08-20T03:56:48.326634-04:00,2
2026-08-20T04:28:44.301442-04:00,4
2026-08-20T05:05:04.795875-04:00,4
2026-08-20T05:45:01.735602-04:00,3
2026-08-20T06:08:04.664953-04:00,3
2026-08-20T06:43:21.146979-04:00,3
2026-08-20T07:03:44.541300-04:00,4
2026-08-20T07:35:03.095011-04:00,4
2026-08-20T07:56:34.557524-04:00,7
2026-08-20T08:31:31.357550-04:00,3
2026-08-20T09:28:33.067550-04:00,2
2026-08-20T10:07:49.844450-04:00,2
2026-08-20T10:50:37.131424-04:00,2
2026-08-20T11:19:11.506825-04:00,3
2026-08-20T11:51:21.380896-04:00,1
2026-08-20T12:16:54.454124-04:00,3
2026-08-20T12:52:57.472274-04:00,2
2026-08-20T13:15:46.061352-04:00,2
2026-08-20T13:46:53.890302-04:00,1
2026-08-20T14:13:21.379286-04:00,2
2026-08-20T14:58:28.887865-04:00,4
2026-08-20T15:28:30.377320-04:00,4
2026-08-20T15:55:04.445629-04:00,8
2026-08-20T16:15:56.038671-04:00,4
2026-08-20T16:47:51.620547-04:00,4
2026-08-20T17:12:07.897115-04:00,2
2026-08-20T17:42:13.852435-04:00,4
2026-08-20T18:00:19.603463-04:00,5
2026-08-20T18:29:39.576095-04:00,5
2026-08-20T18:55:25.855701-04:00,8
2026-08-20T19:16:03.271278-04:00,8
2026-08-20T19:41:57.221247-04:00,7
2026-08-20T19:58:35.109899-04:00,6
2026-08-20T21:08:11.842119-04:00,3
2026-08-20T22:35:43.722203-04:00,7
2026-08-20T23:31:58.409435-04:00,2
2026-08-21T00:11:14.502809-04:00,2
2026-08-21T00:52:14.852254-04:00,4
2026-08-21T01:19:53.679584-04:00,2
2026-08-21T01:51:13.783216-04:00,3
2026-08-21T02:20:01.726628-04:00,1
2026-08-21T03:11:51.977611-04:00,4
2026-08-21T03:55:20.615671-04:00,6
2026-08-21T04:25:04.072919-04:00,4
2026-08-21T05:04:49.024565-04:00,5
2026-08-21T05:47:39.407393-04:00,4
2026-08-21T06:13:31.949589-04:00,11
2026-08-21T06:47:10.897123-04:00,1
2026-08-21T07:06:04.110644-04:00,3
2026-08-21T07:35:53.930495-04:00,4
2026-08-21T07:56:20.447938-04:00,4
2026-08-21T08:29:15.288750-04:00,2
2026-08-21T09:26:24.561192-04:00,3
2026-08-21T10:05:12.710481-04:00,6
2026-08-21T10:47:06.964234-04:00,3
2026-08-21T11:16:03.737178-04:00,1
2026-08-21T11:49:46.645947-04:00,3
2026-08-21T12:14:23.511659-04:00,3
2026-08-21T12:51:00.377189-04:00,2
2026-08-21T13:14:46.056128-04:00,2
2026-08-21T13:45:53.033610-04:00,1
2026-08-21T14:04:07.677450-04:00,2
2026-08-21T14:50:02.480730-04:00,2
2026-08-21T15:15:41.592791-04:00,4
2026-08-21T15:38:27.656697-04:00,4
2026-08-21T15:53:17.566863-04:00,4
2026-08-21T16:09:34.866505-04:00,3
2026-08-21T16:37:15.521779-04:00,4
2026-08-21T16:55:39.251102-04:00,4
2026-08-21T17:13:33.178938-04:00,6
2026-08-21T17:37:54.084215-04:00,7
2026-08-21T17:56:10.216167-04:00,5
2026-08-21T18:14:08.546681-04:00,5
2026-08-21T18:41:22.920136-04:00,2
2026-08-21T18:58:49.382056-04:00,3
2026-08-21T19:21:37.088314-04:00,1
2026-08-21T19:43:32.184368-04:00,1
2026-08-21T19:58:54.606460-04:00,1
2026-08-21T21:07:56.667730-04:00,1
2026-08-21T22:19:52.291288-04:00,1
2026-08-21T23:10:53.215706-04:00,3
2026-08-21T23:53:58.623439-04:00,11
2026-08-22T00:19:02.475286-04:00,10
2026-08-22T00:53:30.643288-04:00,2
2026-08-22T01:14:11.251244-04:00,1
2026-08-22T01:42:19.133927-04:00,3
2026-08-22T02:00:13.583764-04:00,3
2026-08-22T02:42:04.787260-04:00,3
2026-08-22T03:18:13.414819-04:00,6
2026-08-22T03:48:20.780763-04:00,4
2026-08-22T04:03:11.364523-04:00,2
2026-08-22T04:40:04.290677-04:00,1
2026-08-22T05:01:42.383971-04:00,1
2026-08-22T05:33:02.764852-04:00,3
2026-08-22T05:53:22.842719-04:00,5
2026-08-22T06:09:17.107630-04:00,1
2026-08-22T06:36:57.562198-04:00,1
2026-08-22T06:55:11.262802-04:00,3
2026-08-22T07:10:00.919294-04:00,2
2026-08-22T07:32:28.807344-04:00,2
2026-08-22T07:49:15.075968-04:00,3
2026-08-22T08:01:00.883685-04:00,3
2026-08-22T08:46:48.262049-04:00,2
2026-08-22T09:20:01.584207-04:00,3
2026-08-22T09:47:18.660469-04:00,3
2026-08-22T10:00:36.643740-04:00,3
2026-08-22T10:24:41.753105-04:00,3
2026-08-22T10:43:22.071543-04:00,3
2026-08-22T10:58:11.114701-04:00,3
2026-08-22T11:17:18.583067-04:00,4
2026-08-22T11:37:38.593228-04:00,2
2026-08-22T11:53:17.907935-04:00,2
2026-08-22T12:02:52.148897-04:00,2
2026-08-22T12:34:11.301912-04:00,2
2026-08-22T12:54:01.057158-04:00,2
2026-08-22T13:08:40.611725-04:00,4
2026-08-22T13:32:54.550095-04:00,3
2026-08-22T13:49:56.680881-04:00,3
2026-08-22T14:00:41.896733-04:00,3
2026-08-22T14:34:46.825594-04:00,4
2026-08-22T15:01:08.080803-04:00,7
2026-08-22T15:25:40.983117-04:00,5
2026-08-22T15:42:50.298952-04:00,11
2026-08-22T15:55:47.243154-04:00,10
2026-08-22T16:12:12.046966-04:00,9
2026-08-22T16:37:32.658430-04:00,12
2026-08-22T16:54:56.716038-04:00,13
2026-08-22T17:10:11.667259-04:00,12
2026-08-22T17:33:47.957262-04:00,11
2026-08-22T17:50:12.777579-04:00,9
2026-08-22T18:01:16.708691-04:00,8
2026-08-22T18:27:28.848939-04:00,5
2026-08-22T18:46:26.277268-04:00,6
2026-08-22T19:00:22.372005-04:00,7
2026-08-22T19:23:13.008451-04:00,5
2026-08-22T19:40:31.191807-04:00,6
2026-08-22T19:55:28.372538-04:00,7
2026-08-22T20:38:13.867886-04:00,4
2026-08-22T22:12:37.038049-04:00,3
2026-08-22T23:14:28.695365-04:00,1
2026-08-23T00:00:48.409479-04:00,2
2026-08-23T00:40:39.167932-04:00,1
2026-08-23T01:06:23.157298-04:00,3
2026-08-23T01:38:56.329090-04:00,1
2026-08-23T01:59:07.144783-04:00,1
2026-08-23T02:38:35.230243-04:00,4
2026-08-23T03:18:54.921763-04:00,3
2026-08-23T03:49:46.395958-04:00,7
2026-08-23T04:11:58.033114-04:00,4
2026-08-23T04:46:42.261176-04:00,4
2026-08-23T05:07:23.172915-04:00,2
2026-08-23T05:38:25.137616-04:00,1
2026-08-23T05:55:58.535901-04:00,3
2026-08-23T06:14:11.296292-04:00,4
2026-08-23T06:40:11.546770-04:00,2
2026-08-23T06:57:21.141410-04:00,2
2026-08-23T07:15:48.689961-04:00,1
2026-08-23T07:35:58.810531-04:00,3
2026-08-23T07:52:35.832169-04:00,3
2026-08-23T08:11:11.301471-04:00,2
2026-08-23T08:59:56.711202-04:00,1
2026-08-23T09:33:04.973541-04:00,3
2026-08-23T09:56:00.342593-04:00,3
2026-08-23T10:14:00.272469-04:00,3
2026-08-23T10:38:55.512593-04:00,3
2026-08-23T10:56:51.249529-04:00,2
2026-08-23T11:19:46.512383-04:00,1
2026-08-23T11:36:45.387184-04:00,1
2026-08-23T11:53:31.170746-04:00,3
2026-08-23T12:08:24.689920-04:00,4
2026-08-23T12:38:34.155061-04:00,3
2026-08-23T12:57:47.346954-04:00,8
2026-08-23T13:16:30.011077-04:00,11
2026-08-23T13:36:31.509035-04:00,14
2026-08-23T13:52:05.111282-04:00,15
2026-08-23T14:01:40.667844-04:00,15
2026-08-23T14:37:37.967332-04:00,17
2026-08-23T15:00:53.826694-04:00,19
2026-08-23T15:24:31.663428-04:00,13
2026-08-23T15:41:42.024365-04:00,15
2026-08-23T15:54:54.559275-04:00,13
2026-08-23T16:08:52.617122-04:00,12
2026-08-23T16:35:32.342391-04:00,9
2026-08-23T16:53:57.301747-04:00,10
2026-08-23T17:08:34.096415-04:00,9
2026-08-23T17:32:47.622910-04:00,9
2026-08-23T17:49:04.213375-04:00,9
2026-08-23T18:00:45.521145-04:00,7
2026-08-23T18:25:32.590570-04:00,5
2026-08-23T18:44:08.180309-04:00,5
2026-08-23T18:58:36.482270-04:00,10
2026-08-23T19:18:16.819494-04:00,6
2026-08-23T19:38:52.996275-04:00,7
2026-08-23T19:54:00.703878-04:00,6
2026-08-23T20:25:47.106759-04:00,6
2026-08-23T22:03:50.019165-04:00,8
2026-08-23T23:12:05.848128-04:00,1
2026-08-24T00:03:42.366610-04:00,1
2026-08-24T00:55:10.849288-04:00,4
2026-08-24T01:28:17.933125-04:00,2
2026-08-24T02:02:55.827838-04:00,3
2026-08-24T03:13:33.007119-04:00,6
2026-08-24T04:04:00.188168-04:00,4
2026-08-24T04:58:32.655347-04:00,6
2026-08-24T05:43:27.701637-04:00,3
2026-08-24T06:21:55.876547-04:00,4
2026-08-24T06:57:55.298823-04:00,5
2026-08-24T07:22:59.801192-04:00,6
2026-08-24T07:48:19.557070-04:00,3
2026-08-24T08:16:07.652646-04:00,2
2026-08-24T09:14:47.060067-04:00,2
2026-08-24T10:03:01.840204-04:00,3
2026-08-24T10:51:45.131829-04:00,3
2026-08-24T11:24:59.014375-04:00,3
2026-08-24T12:01:10.832615-04:00,2
2026-08-24T12:43:00.106147-04:00,6
2026-08-24T13:15:20.368100-04:00,9
2026-08-24T13:47:35.803801-04:00,7
2026-08-24T14:15:15.354797-04:00,6
2026-08-24T15:00:18.865114-04:00,5
2026-08-24T15:31:19.173255-04:00,3
2026-08-24T15:56:39.063022-04:00,4
2026-08-24T16:21:10.952022-04:00,6
2026-08-24T16:53:06.518995-04:00,9
2026-08-24T17:15:09.494476-04:00,9
2026-08-24T17:44:43.352239-04:00,9
2026-08-24T18:01:45.778044-04:00,6
2026-08-24T18:32:58.656889-04:00,2
2026-08-24T18:55:53.512112-04:00,3
2026-08-24T19:14:09.714644-04:00,4
2026-08-24T19:35:04.131500-04:00,5
2026-08-24T19:52:04.935764-04:00,5
2026-08-24T20:24:22.668812-04:00,4
2026-08-24T21:56:56.898581-04:00,4
2026-08-24T22:52:43.889372-04:00,14
2026-08-24T23:36:13.599099-04:00,15
2026-08-25T00:19:59.034996-04:00,7
2026-08-25T00:57:58.163809-04:00,8
2026-08-25T01:27:39.875957-04:00,13
2026-08-25T01:57:21.553385-04:00,1
2026-08-25T02:36:41.266851-04:00,5
2026-08-25T03:28:02.302315-04:00,3
2026-08-25T04:06:31.149560-04:00,5
2026-08-25T04:54:53.010610-04:00,8
2026-08-25T05:23:01.172444-04:00,7
2026-08-25T05:56:17.322072-04:00,8
2026-08-25T06:22:25.250239-04:00,7
2026-08-25T06:55:25.959212-04:00,5
2026-08-25T07:16:28.844697-04:00,3
2026-08-25T07:45:32.522032-04:00,5
2026-08-25T08:04:04.872047-04:00,6
2026-08-25T09:57:09.455730-04:00,8
2026-08-25T10:38:16.890692-04:00,4
2026-08-25T12:06:28.506959-04:00,4
2026-08-25T12:42:36.803776-04:00,7
2026-08-25T12:50:35.298738-04:00,9
2026-08-25T13:18:17.206407-04:00,9
2026-08-25T13:47:38.729429-04:00,17
2026-08-25T14:20:30.700035-04:00,9
2026-08-25T14:58:00.992180-04:00,13
2026-08-25T15:27:44.341828-04:00,14
2026-08-25T15:54:23.495181-04:00,8
2026-08-25T16:13:14.473918-04:00,10
2026-08-25T16:45:18.674675-04:00,9
2026-08-25T17:04:37.715541-04:00,7
2026-08-25T17:37:08.773727-04:00,8
2026-08-25T17:56:49.660477-04:00,7
2026-08-25T18:18:37.817279-04:00,12
2026-08-25T18:48:11.500567-04:00,11
2026-08-25T19:09:35.228060-04:00,8
2026-08-25T19:35:00.984501-04:00,12
2026-08-25T19:53:27.405276-04:00,7
2026-08-25T20:26:40.628083-04:00,3
2026-08-25T22:07:16.122776-04:00,7
2026-08-25T23:15:00.396681-04:00,6
2026-08-26T00:03:55.143100-04:00,4
2026-08-26T00:49:40.184135-04:00,8
2026-08-26T01:18:57.651812-04:00,8
2026-08-26T01:53:14.755467-04:00,11
2026-08-26T02:22:31.024448-04:00,8
2026-08-26T03:13:54.283710-04:00,13
2026-08-26T03:59:09.609610-04:00,8
2026-08-26T04:41:43.540564-04:00,7
2026-08-26T05:24:06.790689-04:00,6
2026-08-26T06:02:28.297075-04:00,7
2026-08-26T06:42:20.742766-04:00,5
2026-08-26T07:05:52.865665-04:00,4
2026-08-26T07:38:45.869791-04:00,3
2026-08-26T08:00:47.182238-04:00,4
2026-08-26T08:58:44.473467-04:00,3
2026-08-26T09:53:09.198721-04:00,6
2026-08-26T10:31:16.864514-04:00,2
2026-08-26T12:01:17.173332-04:00,5
2026-08-26T12:51:13.627223-04:00,4
2026-08-26T14:28:35.971635-04:00,5
2026-08-26T16:29:51.870629-04:00,5
2026-08-27T02:49:33.452316-04:00,2
2026-08-27T13:55:03.902424-04:00,5
2026-08-27T21:50:38.467009-04:00,6
2026-08-28T09:24:09.711020-04:00,3
2026-08-28T19:05:41.505062-04:00,8
2026-08-29T00:07:08.262576-04:00,3
2026-08-29T07:00:18.577632-04:00,2
2026-08-29T11:31:50.399432-04:00,2
2026-08-29T14:46:57.512449-04:00,6
2026-08-29T17:18:37.022000-04:00,11
2026-08-29T19:23:57.823148-04:00,8
2026-08-29T21:20:20.386242-04:00,3
2026-08-30T02:47:16.602167-04:00,2
2026-08-30T12:43:09.864105-04:00,4
2026-08-30T15:26:58.499780-04:00,12
2026-08-30T17:56:43.540875-04:00,8
2026-08-30T20:05:14.112073-04:00,9
2026-08-31T01:22:04.656868-04:00,3
2026-08-31T07:40:23.538728-04:00,4
2026-08-31T14:07:49.623019-04:00,4
2026-08-31T18:46:32.946785-04:00,5
2026-08-31T21:24:04.514708-04:00,4
2026-09-01T02:18:18.463563-04:00,5
2026-09-01T07:44:34.880092-04:00,3
2026-09-01T11:33:07.895996-04:00,2
2026-09-01T14:45:41.315790-04:00,1
2026-09-01T17:21:58.430633-04:00,6
2026-09-01T19:23:23.976070-04:00,4
2026-09-01T21:07:31.542007-04:00,3
2026-09-02T01:44:10.395815-04:00,6
2026-09-02T05:55:00.164411-04:00,2
2026-09-02T09:55:42.789820-04:00,3
2026-09-02T13:29:35.103400-04:00,5
2026-09-02T15:59:43.427770-04:00,9
