timestamp,wind_kt
2025-09-01T16:29:40.948361-04:00,8
2025-09-01T16:36:41.856054-04:00,6
2025-09-01T16:44:57.857699-04:00,6
2025-09-01T16:53:10.527516-04:00,8
2025-09-01T17:26:31.050130-04:00,7
2025-09-01T17:37:36.757752-04:00,7
2025-09-01T17:45:13.564496-04:00,7
2025-09-01T17:53:15.950295-04:00,5
2025-09-01T18:33:14.397692-04:00,7
2025-09-01T18:43:52.084858-04:00,7
2025-09-01T18:51:48.325726-04:00,8
2025-09-01T18:59:24.544882-04:00,8
2025-09-01T19:29:16.115579-04:00,7
2025-09-01T19:41:30.312959-04:00,2
2025-09-01T19:49:39.640980-04:00,2
2025-09-01T19:57:36.553452-04:00,3
2025-09-01T23:16:48.206647-04:00,11
2025-09-01T23:55:55.064941-04:00,11
2025-09-02T00:41:43.784165-04:00,5
2025-09-02T01:38:02.065027-04:00,2
2025-09-02T01:47:56.765022-04:00,2
2025-09-02T01:56:02.344659-04:00,4
2025-09-02T02:52:55.742311-04:00,2
2025-09-02T03:00:43.034573-04:00,2
2025-09-02T03:32:09.517588-04:00,2
2025-09-02T03:44:25.809030-04:00,1
2025-09-02T03:52:16.346274-04:00,2
2025-09-02T04:00:05.103580-04:00,2
2025-09-02T04:49:09.905554-04:00,4
2025-09-02T04:58:01.418085-04:00,3
2025-09-02T05:36:11.138169-04:00,3
2025-09-02T05:47:06.833032-04:00,3
2025-09-02T05:54:46.716053-04:00,2
2025-09-02T06:40:13.059693-04:00,4
2025-09-02T06:50:50.124942-04:00,4
2025-09-02T06:58:39.789156-04:00,4
2025-09-02T07:27:22.552492-04:00,3
2025-09-02T07:41:05.408365-04:00,2
2025-09-02T07:49:13.342814-04:00,2
2025-09-02T07:56:48.330924-04:00,3
2025-09-02T09:37:07.480472-04:00,3
2025-09-02T09:52:42.806330-04:00,3
2025-09-02T10:00:11.105469-04:00,3
2025-09-02T10:42:27.870081-04:00,4
2025-09-02T10:53:21.231388-04:00,3
2025-09-02T11:38:04.571326-04:00,2
2025-09-02T11:48:40.064184-04:00,2
2025-09-02T11:56:24.637709-04:00,4
2025-09-02T12:47:06.568097-04:00,6
2025-09-02T12:54:51.351568-04:00,4
2025-09-02T13:30:13.425879-04:00,1
2025-09-02T13:42:34.945691-04:00,2
2025-09-02T13:50:14.356395-04:00,2
2025-09-02T13:58:25.537547-04:00,2
2025-09-02T14:45:42.289361-04:00,9
2025-09-02T14:53:48.200426-04:00,10
2025-09-02T15:21:48.537050-04:00,6
2025-09-02T15:29:42.712247-04:00,6
2025-09-02T15:39:55.270780-04:00,7
2025-09-02T15:47:52.646119-04:00,7
2025-09-02T15:55:37.542492-04:00,3
2025-09-02T16:29:01.369229-04:00,6
2025-09-02T16:42:07.796694-04:00,7
2025-09-02T16:49:53.056438-04:00,7
2025-09-02T16:58:02.221242-04:00,8
2025-09-02T17:26:43.151360-04:00,5
2025-09-02T17:37:41.072224-04:00,4
2025-09-02T17:45:18.104076-04:00,4
2025-09-02T17:53:11.487846-04:00,3
2025-09-02T18:30:29.707291-04:00,4
2025-09-02T18:42:04.330736-04:00,3
2025-09-02T18:50:09.021399-04:00,3
2025-09-02T18:57:38.383297-04:00,5
2025-09-02T19:26:06.466446-04:00,5
2025-09-02T19:38:16.854107-04:00,6
2025-09-02T19:45:57.065692-04:00,6
2025-09-02T19:53:32.355029-04:00,2
2025-09-02T23:01:11.814181-04:00,2
2025-09-02T23:43:43.059134-04:00,12
2025-09-02T23:51:57.370691-04:00,1
2025-09-02T23:59:31.401938-04:00,1
2025-09-03T00:39:20.644072-04:00,5
2025-09-03T00:49:32.790368-04:00,5
2025-09-03T00:57:06.193371-04:00,3
2025-09-03T01:32:34.381453-04:00,4
2025-09-03T01:43:10.442638-04:00,4
2025-09-03T01:51:01.930631-04:00,4
2025-09-03T01:58:47.859850-04:00,4
2025-09-03T02:47:28.425621-04:00,4
2025-09-03T02:55:11.619963-04:00,5
2025-09-03T03:28:32.285958-04:00,5
2025-09-03T03:41:27.167287-04:00,4
2025-09-03T03:49:24.985857-04:00,4
2025-09-03T03:56:55.941382-04:00,3
2025-09-03T04:43:10.123065-04:00,3
2025-09-03T04:55:35.453487-04:00,4
2025-09-03T05:31:56.915059-04:00,4
2025-09-03T05:44:05.462886-04:00,2
2025-09-03T05:52:16.062540-04:00,4
2025-09-03T06:00:21.185844-04:00,4
2025-09-03T06:38:29.407999-04:00,3
2025-09-03T06:46:12.534020-04:00,3
2025-09-03T06:54:31.274279-04:00,3
2025-09-03T07:24:47.235056-04:00,7
2025-09-03T07:38:40.634775-04:00,7
2025-09-03T07:46:29.007178-04:00,7
2025-09-03T07:54:29.699596-04:00,7
2025-09-03T09:18:08.241726-04:00,2
2025-09-03T09:44:47.680548-04:00,2
2025-09-03T09:52:32.269943-04:00,1
2025-09-03T10:00:19.093795-04:00,1
2025-09-03T10:39:20.274275-04:00,1
2025-09-03T10:49:19.383733-04:00,1
2025-09-03T10:57:19.134692-04:00,1
2025-09-03T11:34:34.357227-04:00,6
2025-09-03T11:45:40.524595-04:00,3
2025-09-03T11:54:10.815143-04:00,2
2025-09-03T12:42:35.139937-04:00,2
2025-09-03T12:53:44.808656-04:00,4
2025-09-03T13:30:40.020642-04:00,5
2025-09-03T13:41:51.027277-04:00,5
2025-09-03T13:49:51.359666-04:00,5
2025-09-03T13:57:35.568843-04:00,4
2025-09-03T14:42:29.732705-04:00,2
2025-09-03T14:51:17.994424-04:00,5
2025-09-03T14:58:45.449893-04:00,5
2025-09-03T15:24:51.424124-04:00,8
2025-09-03T15:37:23.437948-04:00,3
2025-09-03T15:45:24.184452-04:00,3
2025-09-03T15:52:57.653065-04:00,9
2025-09-03T16:32:28.526670-04:00,4
2025-09-03T16:43:53.704996-04:00,6
2025-09-03T16:52:10.049614-04:00,6
2025-09-03T16:59:53.752363-04:00,6
2025-09-03T17:28:10.359080-04:00,7
2025-09-03T17:38:29.629139-04:00,4
2025-09-03T17:46:18.091245-04:00,4
2025-09-03T17:54:00.090000-04:00,6
2025-09-03T18:31:57.074014-04:00,6
2025-09-03T18:42:12.113393-04:00,4
2025-09-03T18:50:11.944512-04:00,4
2025-09-03T18:57:44.471423-04:00,2
2025-09-03T19:26:52.581601-04:00,2
2025-09-03T19:37:53.917511-04:00,2
2025-09-03T19:45:25.409007-04:00,2
2025-09-03T19:53:30.319751-04:00,9
2025-09-03T23:01:45.086611-04:00,1
2025-09-03T23:45:59.900622-04:00,9
2025-09-03T23:53:51.065094-04:00,3
2025-09-04T00:38:01.804210-04:00,4
2025-09-04T00:47:18.883778-04:00,4
2025-09-04T00:55:15.919831-04:00,4
2025-09-04T01:32:39.388964-04:00,4
2025-09-04T01:43:16.842753-04:00,4
2025-09-04T01:51:20.943872-04:00,4
2025-09-04T01:59:28.499075-04:00,4
2025-09-04T02:49:25.011631-04:00,1
2025-09-04T02:57:03.678184-04:00,4
2025-09-04T03:28:39.873003-04:00,2
2025-09-04T03:41:00.473160-04:00,3
2025-09-04T03:49:08.651355-04:00,3
2025-09-04T03:56:47.132487-04:00,2
2025-09-04T04:43:15.697586-04:00,4
2025-09-04T04:55:32.379207-04:00,4
2025-09-04T05:31:59.758313-04:00,4
2025-09-04T05:43:41.022206-04:00,2
2025-09-04T05:51:48.312130-04:00,1
2025-09-04T05:59:46.523834-04:00,1
2025-09-04T06:38:09.539849-04:00,4
2025-09-04T06:46:23.164336-04:00,4
2025-09-04T06:53:57.219992-04:00,1
2025-09-04T07:25:49.584030-04:00,4
2025-09-04T07:37:34.780283-04:00,4
2025-09-04T07:45:29.084061-04:00,4
2025-09-04T07:53:37.898839-04:00,4
2025-09-04T09:16:02.426692-04:00,1
2025-09-04T09:43:45.646308-04:00,2
2025-09-04T09:52:10.858355-04:00,3
2025-09-04T09:59:53.021990-04:00,3
2025-09-04T10:39:31.316404-04:00,2
2025-09-04T10:48:54.313907-04:00,2
2025-09-04T10:56:50.535422-04:00,1
2025-09-04T11:34:28.348391-04:00,5
2025-09-04T11:46:47.874065-04:00,2
2025-09-04T11:55:07.662569-04:00,2
2025-09-04T12:43:45.975583-04:00,2
2025-09-04T12:55:40.295675-04:00,2
2025-09-04T13:30:14.002448-04:00,2
2025-09-04T13:42:14.593806-04:00,7
2025-09-04T13:50:27.918817-04:00,6
2025-09-04T13:58:28.056083-04:00,6
2025-09-04T14:47:33.374250-04:00,5
2025-09-04T14:55:25.443543-04:00,5
2025-09-04T15:22:10.950121-04:00,8
2025-09-04T15:30:12.231063-04:00,8
2025-09-04T15:40:15.071960-04:00,7
2025-09-04T15:48:21.383655-04:00,7
2025-09-04T15:55:47.514529-04:00,7
2025-09-04T16:32:39.258488-04:00,6
2025-09-04T16:43:24.037575-04:00,8
2025-09-04T16:51:39.671181-04:00,12
2025-09-04T16:59:28.676981-04:00,12
2025-09-04T17:27:57.576517-04:00,7
2025-09-04T17:39:37.818842-04:00,5
2025-09-04T17:47:24.363328-04:00,5
2025-09-04T17:55:18.529790-04:00,7
2025-09-04T18:32:11.998723-04:00,3
2025-09-04T18:42:43.354795-04:00,2
2025-09-04T18:50:31.665934-04:00,3
2025-09-04T18:58:09.101014-04:00,3
2025-09-04T19:27:22.813451-04:00,3
2025-09-04T19:47:37.074088-04:00,4
2025-09-04T19:55:49.510403-04:00,5
2025-09-04T23:06:40.423149-04:00,4
2025-09-04T23:48:25.785239-04:00,12
2025-09-04T23:56:00.184775-04:00,12
2025-09-05T00:38:58.099654-04:00,6
2025-09-05T00:49:17.030063-04:00,6
2025-09-05T00:57:07.928107-04:00,6
2025-09-05T01:33:06.407820-04:00,6
2025-09-05T01:43:56.225564-04:00,6
2025-09-05T01:52:08.922541-04:00,6
2025-09-05T01:59:47.058896-04:00,6
2025-09-05T02:49:39.999415-04:00,6
2025-09-05T02:57:26.457599-04:00,6
2025-09-05T03:29:17.820409-04:00,6
2025-09-05T03:40:32.212813-04:00,3
2025-09-05T03:48:22.043103-04:00,3
2025-09-05T03:56:09.791776-04:00,2
2025-09-05T04:43:09.787942-04:00,6
2025-09-05T04:55:25.525473-04:00,1
2025-09-05T05:32:19.604212-04:00,6
2025-09-05T05:43:52.032854-04:00,6
2025-09-05T05:51:36.329038-04:00,1
2025-09-05T05:59:30.027260-04:00,1
2025-09-05T06:39:33.707682-04:00,2
2025-09-05T06:48:00.644077-04:00,2
2025-09-05T06:55:49.133486-04:00,1
2025-09-05T07:24:42.189190-04:00,6
2025-09-05T07:38:42.398458-04:00,6
2025-09-05T07:46:39.967175-04:00,6
2025-09-05T07:54:45.006570-04:00,6
2025-09-05T09:16:52.010435-04:00,6
2025-09-05T09:43:59.698298-04:00,6
2025-09-05T09:51:47.558684-04:00,1
2025-09-05T09:59:35.694791-04:00,1
2025-09-05T10:37:02.072462-04:00,2
2025-09-05T10:47:09.273618-04:00,2
2025-09-05T10:54:52.222275-04:00,1
2025-09-05T11:32:18.854241-04:00,1
2025-09-05T11:40:49.085128-04:00,2
2025-09-05T11:49:09.163440-04:00,2
2025-09-05T11:57:15.380302-04:00,2
2025-09-05T12:39:43.495791-04:00,2
2025-09-05T12:50:51.792360-04:00,7
2025-09-05T12:59:00.572234-04:00,7
2025-09-05T13:31:41.776717-04:00,1
2025-09-05T13:42:37.544107-04:00,7
2025-09-05T13:50:39.973920-04:00,7
2025-09-05T13:58:29.577378-04:00,7
2025-09-05T14:44:44.622968-04:00,7
2025-09-05T14:52:27.480871-04:00,12
2025-09-05T15:00:21.401735-04:00,12
2025-09-05T15:24:47.119229-04:00,9
2025-09-05T15:37:12.414421-04:00,7
2025-09-05T15:44:46.692514-04:00,7
2025-09-05T15:52:40.188572-04:00,8
2025-09-05T16:00:27.349169-04:00,8
2025-09-05T16:34:59.524987-04:00,7
2025-09-05T16:45:12.960120-04:00,5
2025-09-05T16:53:18.571159-04:00,9
2025-09-05T17:26:17.597778-04:00,6
2025-09-05T17:39:13.752771-04:00,6
2025-09-05T17:46:54.046824-04:00,6
2025-09-05T17:54:29.705152-04:00,7
2025-09-05T18:32:34.585722-04:00,6
2025-09-05T18:41:41.683674-04:00,4
2025-09-05T18:49:46.460712-04:00,4
2025-09-05T18:57:36.824861-04:00,3
2025-09-05T19:27:07.842826-04:00,5
2025-09-05T19:40:53.638250-04:00,4
2025-09-05T19:48:53.503957-04:00,4
2025-09-05T19:56:45.268956-04:00,3
2025-09-05T23:02:07.677073-04:00,1
2025-09-05T23:42:16.916750-04:00,2
2025-09-05T23:50:19.249961-04:00,1
2025-09-05T23:58:01.248270-04:00,1
2025-09-06T00:37:20.069764-04:00,6
2025-09-06T00:45:20.141986-04:00,6
2025-09-06T00:52:58.371299-04:00,6
2025-09-06T01:30:13.900671-04:00,6
2025-09-06T01:41:37.269499-04:00,6
2025-09-06T01:49:44.755506-04:00,6
2025-09-06T01:57:20.443970-04:00,4
2025-09-06T02:42:15.934815-04:00,3
2025-09-06T02:50:39.763966-04:00,3
2025-09-06T02:58:19.638588-04:00,3
2025-09-06T03:25:14.259552-04:00,8
2025-09-06T03:37:44.665246-04:00,7
2025-09-06T03:45:18.982626-04:00,7
2025-09-06T03:53:18.314999-04:00,6
2025-09-06T04:33:33.834991-04:00,7
2025-09-06T04:45:40.729324-04:00,6
2025-09-06T04:53:42.677629-04:00,4
2025-09-06T05:26:25.263427-04:00,3
2025-09-06T05:37:01.352306-04:00,4
2025-09-06T05:44:46.472884-04:00,4
2025-09-06T05:52:19.709633-04:00,4
2025-09-06T05:59:48.071375-04:00,4
2025-09-06T06:32:42.475977-04:00,4
2025-09-06T06:41:20.313277-04:00,1
2025-09-06T06:49:07.888405-04:00,1
2025-09-06T06:57:02.941061-04:00,3
2025-09-06T07:21:37.904172-04:00,2
2025-09-06T07:29:06.664150-04:00,2
2025-09-06T07:39:35.120187-04:00,4
2025-09-06T07:47:27.745782-04:00,4
2025-09-06T07:55:15.954962-04:00,1
2025-09-06T09:00:21.913897-04:00,1
2025-09-06T09:30:21.508756-04:00,8
2025-09-06T09:38:31.926324-04:00,8
2025-09-06T09:46:37.100259-04:00,8
2025-09-06T09:54:17.060420-04:00,1
2025-09-06T10:28:18.667140-04:00,1
2025-09-06T10:39:24.316011-04:00,1
2025-09-06T10:47:32.372146-04:00,1
2025-09-06T10:55:25.619169-04:00,1
2025-09-06T11:26:23.674950-04:00,1
2025-09-06T11:37:27.153206-04:00,4
2025-09-06T11:44:45.785984-04:00,4
2025-09-06T11:52:24.579986-04:00,2
2025-09-06T12:00:08.847942-04:00,2
2025-09-06T12:37:53.773164-04:00,2
2025-09-06T12:46:00.551016-04:00,2
2025-09-06T12:53:38.948206-04:00,4
2025-09-06T13:25:15.059476-04:00,3
2025-09-06T13:35:34.019890-04:00,4
2025-09-06T13:43:40.318974-04:00,4
2025-09-06T13:51:48.400122-04:00,4
2025-09-06T13:59:21.928274-04:00,4
2025-09-06T14:48:37.096678-04:00,3
2025-09-06T14:56:29.267740-04:00,7
2025-09-06T15:19:41.266141-04:00,5
2025-09-06T15:27:21.619758-04:00,2
2025-09-06T15:37:30.602606-04:00,4
2025-09-06T15:45:16.792776-04:00,4
2025-09-06T15:52:56.142843-04:00,4
2025-09-06T16:28:48.719999-04:00,4
2025-09-06T16:40:18.829701-04:00,5
2025-09-06T16:48:22.974911-04:00,5
2025-09-06T16:55:50.127282-04:00,6
2025-09-06T17:24:09.348293-04:00,3
2025-09-06T17:35:46.399037-04:00,4
2025-09-06T17:43:26.644486-04:00,4
2025-09-06T17:51:05.778051-04:00,3
2025-09-06T17:59:03.610184-04:00,3
2025-09-06T18:30:56.331062-04:00,1
2025-09-06T18:41:09.357793-04:00,1
2025-09-06T18:49:14.561139-04:00,1
2025-09-06T18:56:52.372423-04:00,8
2025-09-06T19:25:32.935222-04:00,1
2025-09-06T19:37:44.367801-04:00,1
2025-09-06T19:45:40.656392-04:00,1
2025-09-06T19:53:43.857623-04:00,2
2025-09-06T23:11:04.500689-04:00,2
2025-09-06T23:49:18.067913-04:00,8
2025-09-06T23:57:00.265968-04:00,4
2025-09-07T01:36:48.295089-03:00,3
2025-09-07T01:45:58.344289-03:00,3
2025-09-07T01:53:54.500127-03:00,3
2025-09-07T02:30:17.681254-03:00,3
2025-09-07T02:41:52.075872-03:00,5
2025-09-07T02:49:51.270238-03:00,5
2025-09-07T02:58:00.916131-03:00,2
2025-09-07T03:43:12.671775-03:00,4
2025-09-07T03:51:13.071903-03:00,3
2025-09-07T03:59:14.089502-03:00,3
2025-09-07T04:26:13.612152-03:00,2
2025-09-07T04:36:38.006331-03:00,3
2025-09-07T04:44:11.943950-03:00,3
2025-09-07T04:52:01.622558-03:00,3
2025-09-07T04:59:57.584035-03:00,3
2025-09-07T05:36:10.017087-03:00,6
2025-09-07T05:45:27.488964-03:00,6
2025-09-07T05:53:34.325588-03:00,3
2025-09-07T06:26:37.557017-03:00,3
2025-09-07T06:37:31.552906-03:00,3
2025-09-07T06:45:16.735718-03:00,3
2025-09-07T06:52:57.038465-03:00,4
2025-09-07T07:32:13.256489-03:00,4
2025-09-07T07:41:40.240167-03:00,4
2025-09-07T07:49:12.950478-03:00,4
2025-09-07T07:57:10.161127-03:00,4
2025-09-07T08:22:00.496005-03:00,5
2025-09-07T08:29:40.520490-03:00,5
2025-09-07T08:39:53.881784-03:00,4
2025-09-07T08:48:10.719642-03:00,4
2025-09-07T08:56:07.879290-03:00,3
2025-09-07T10:01:42.166922-03:00,2
2025-09-07T10:31:24.661182-03:00,5
2025-09-07T10:39:46.724275-03:00,7
2025-09-07T10:47:38.711934-03:00,7
2025-09-07T10:55:26.241346-03:00,3
2025-09-07T11:29:00.908970-03:00,5
2025-09-07T11:40:26.611603-03:00,4
2025-09-07T11:48:40.136886-03:00,4
2025-09-07T11:56:18.688192-03:00,6
2025-09-07T12:27:15.862986-03:00,4
2025-09-07T12:37:43.310810-03:00,4
2025-09-07T12:45:40.190234-03:00,4
2025-09-07T12:53:24.648947-03:00,7
2025-09-07T13:34:57.358451-03:00,7
2025-09-07T13:45:20.105608-03:00,5
2025-09-07T13:53:20.105329-03:00,6
2025-09-07T14:26:15.298057-03:00,6
2025-09-07T14:36:47.824801-03:00,5
2025-09-07T14:44:36.029529-03:00,5
2025-09-07T14:52:24.748351-03:00,4
2025-09-07T15:00:10.918016-03:00,4
2025-09-07T15:40:55.099071-03:00,7
2025-09-07T15:48:55.720267-03:00,7
2025-09-07T15:56:37.265206-03:00,8
2025-09-07T16:20:09.382147-03:00,8
2025-09-07T16:27:35.282523-03:00,5
2025-09-07T16:38:36.150467-03:00,6
2025-09-07T16:46:24.939019-03:00,6
2025-09-07T16:54:04.320333-03:00,5
2025-09-07T17:29:32.094648-03:00,5
2025-09-07T17:40:59.837754-03:00,5
2025-09-07T17:49:15.105341-03:00,5
2025-09-07T17:56:52.862615-03:00,6
2025-09-07T18:25:10.198485-03:00,3
2025-09-07T18:36:11.065027-03:00,3
2025-09-07T18:43:51.038379-03:00,3
2025-09-07T18:51:32.263263-03:00,2
2025-09-07T18:59:31.094305-03:00,2
2025-09-07T19:31:46.336694-03:00,3
2025-09-07T19:41:58.620288-03:00,3
2025-09-07T19:49:35.650212-03:00,3
2025-09-07T19:57:33.677975-03:00,3
2025-09-07T20:26:01.594771-03:00,2
2025-09-07T20:38:28.559419-03:00,3
2025-09-07T20:46:20.213094-03:00,3
2025-09-07T20:54:13.197098-03:00,2
2025-09-08T00:15:50.081697-03:00,4
2025-09-08T00:55:17.713559-03:00,2
2025-09-08T01:39:52.673765-03:00,3
2025-09-08T01:51:14.490538-03:00,1
2025-09-08T01:59:01.729822-03:00,1
2025-09-08T02:35:50.530614-03:00,2
2025-09-08T02:44:44.330848-03:00,2
2025-09-08T02:52:50.384367-03:00,1
2025-09-08T03:51:40.671395-03:00,4
2025-09-08T03:59:07.426052-03:00,4
2025-09-08T04:31:15.970474-03:00,4
2025-09-08T04:42:33.178554-03:00,4
2025-09-08T04:50:43.430778-03:00,1
2025-09-08T04:58:09.108630-03:00,1
2025-09-08T05:49:58.310037-03:00,4
2025-09-08T05:58:47.876470-03:00,4
2025-09-08T06:38:45.838889-03:00,4
2025-09-08T06:49:42.188108-03:00,4
2025-09-08T06:57:15.745193-03:00,4
2025-09-08T07:40:49.695543-03:00,4
2025-09-08T07:51:13.014696-03:00,4
2025-09-08T07:59:11.017175-03:00,4
2025-09-08T08:26:58.514866-03:00,4
2025-09-08T08:41:02.504203-03:00,4
2025-09-08T08:49:24.066685-03:00,4
2025-09-08T08:57:10.261951-03:00,4
2025-09-08T10:37:14.477145-03:00,1
2025-09-08T10:51:40.572965-03:00,2
2025-09-08T10:59:25.498286-03:00,2
2025-09-08T11:42:07.055947-03:00,2
2025-09-08T11:52:50.829244-03:00,2
2025-09-08T12:00:28.042344-03:00,2
2025-09-08T12:37:42.392973-03:00,2
2025-09-08T12:46:58.520450-03:00,2
2025-09-08T12:55:17.129180-03:00,3
2025-09-08T13:43:28.927842-03:00,4
2025-09-08T13:55:54.020123-03:00,4
2025-09-08T14:32:14.320219-03:00,4
2025-09-08T14:43:59.880873-03:00,1
2025-09-08T14:52:08.820038-03:00,2
2025-09-08T14:59:38.807908-03:00,2
2025-09-08T15:48:06.484360-03:00,2
2025-09-08T15:56:23.592584-03:00,4
2025-09-08T16:24:14.103938-03:00,2
2025-09-08T16:37:24.146168-03:00,7
2025-09-08T16:45:07.719211-03:00,7
2025-09-08T16:52:54.426534-03:00,3
2025-09-08T17:33:05.348034-03:00,4
2025-09-08T17:45:57.760050-03:00,6
2025-09-08T17:53:38.196228-03:00,6
2025-09-08T18:27:53.175908-03:00,7
2025-09-08T18:41:03.191380-03:00,4
2025-09-08T18:49:02.195273-03:00,4
2025-09-08T18:56:49.447296-03:00,8
2025-09-08T19:32:57.278342-03:00,6
2025-09-08T19:43:34.123591-03:00,9
2025-09-08T19:51:24.868317-03:00,5
2025-09-08T19:59:01.428444-03:00,5
2025-09-08T20:29:28.885856-03:00,5
2025-09-08T20:41:12.079234-03:00,4
2025-09-08T20:49:24.745766-03:00,4
2025-09-08T20:57:06.869177-03:00,2
2025-09-09T00:10:34.659756-03:00,1
2025-09-09T00:50:51.302471-03:00,6
2025-09-09T00:58:55.337323-03:00,6
2025-09-09T01:40:26.246923-03:00,6
2025-09-09T01:50:52.815428-03:00,6
2025-09-09T01:58:40.312905-03:00,6
2025-09-09T02:33:42.485627-03:00,6
2025-09-09T02:43:49.224941-03:00,6
2025-09-09T02:51:38.495174-03:00,6
2025-09-09T02:59:21.540494-03:00,6
2025-09-09T03:51:40.436739-03:00,6
2025-09-09T03:59:01.671864-03:00,6
2025-09-09T04:31:19.822925-03:00,6
2025-09-09T04:42:39.106943-03:00,6
2025-09-09T04:50:21.181782-03:00,6
2025-09-09T04:57:51.959914-03:00,6
2025-09-09T05:48:06.537928-03:00,6
2025-09-09T05:57:28.433072-03:00,6
2025-09-09T06:36:48.482816-03:00,6
2025-09-09T06:46:41.566377-03:00,6
2025-09-09T06:54:19.038439-03:00,6
2025-09-09T07:39:43.391507-03:00,6
2025-09-09T07:50:46.688550-03:00,6
2025-09-09T07:58:25.951895-03:00,6
2025-09-09T08:27:32.961340-03:00,6
2025-09-09T08:41:29.058397-03:00,6
2025-09-09T08:49:35.812949-03:00,6
2025-09-09T08:57:20.525084-03:00,6
2025-09-09T10:40:14.483553-03:00,4
2025-09-09T10:55:13.187582-03:00,3
2025-09-09T11:38:31.769939-03:00,2
2025-09-09T11:50:40.430508-03:00,3
2025-09-09T11:58:46.938663-03:00,3
2025-09-09T12:38:49.468694-03:00,3
2025-09-09T12:50:44.366905-03:00,3
2025-09-09T12:58:12.462298-03:00,3
2025-09-09T13:47:42.412995-03:00,3
2025-09-09T13:56:47.680103-03:00,2
2025-09-09T14:30:41.932334-03:00,5
2025-09-09T14:41:07.615401-03:00,4
2025-09-09T14:49:38.732510-03:00,4
2025-09-09T14:57:00.655409-03:00,5
2025-09-09T15:43:17.682203-03:00,7
2025-09-09T15:51:13.535801-03:00,7
2025-09-09T15:58:54.818327-03:00,7
2025-09-09T16:24:00.555344-03:00,3
2025-09-09T16:36:33.606276-03:00,6
2025-09-09T16:43:58.939951-03:00,6
2025-09-09T16:52:10.502467-03:00,6
2025-09-09T17:00:05.706922-03:00,6
2025-09-09T17:33:21.352852-03:00,10
2025-09-09T17:44:01.649278-03:00,10
2025-09-09T17:52:26.499572-03:00,11
2025-09-09T18:00:29.114022-03:00,11
2025-09-09T18:27:55.319467-03:00,13
2025-09-09T18:38:50.026396-03:00,10
2025-09-09T18:46:50.754283-03:00,10
2025-09-09T18:54:40.897961-03:00,8
2025-09-09T19:31:27.419065-03:00,6
2025-09-09T19:42:01.499186-03:00,6
2025-09-09T19:49:47.008161-03:00,6
2025-09-09T19:57:31.117323-03:00,5
2025-09-09T20:25:40.288971-03:00,4
2025-09-09T20:38:35.237928-03:00,5
2025-09-09T20:46:34.638458-03:00,5
2025-09-09T20:54:20.309356-03:00,1
2025-09-10T00:02:13.009632-03:00,3
2025-09-10T00:44:39.317652-03:00,5
2025-09-10T00:52:44.821981-03:00,6
2025-09-10T01:00:15.599862-03:00,6
2025-09-10T01:37:48.001344-03:00,4
2025-09-10T01:45:50.235160-03:00,4
2025-09-10T01:53:49.054306-03:00,5
2025-09-10T02:32:33.421333-03:00,3
2025-09-10T02:43:27.667843-03:00,8
2025-09-10T02:51:19.294118-03:00,8
2025-09-10T02:59:00.483609-03:00,8
2025-09-10T03:49:26.146189-03:00,1
2025-09-10T03:56:52.482284-03:00,8
2025-09-10T04:29:21.196814-03:00,1
2025-09-10T04:41:54.968746-03:00,3
2025-09-10T04:49:46.861266-03:00,3
2025-09-10T04:57:25.734055-03:00,3
2025-09-10T05:45:15.825125-03:00,3
2025-09-10T05:55:59.210119-03:00,1
2025-09-10T06:32:58.509911-03:00,3
2025-09-10T06:44:22.903590-03:00,1
2025-09-10T06:52:19.275749-03:00,1
2025-09-10T06:59:54.379546-03:00,1
2025-09-10T07:38:37.834274-03:00,8
2025-09-10T07:46:24.835862-03:00,8
2025-09-10T07:53:59.573836-03:00,8
2025-09-10T08:26:24.591509-03:00,8
2025-09-10T08:36:59.286466-03:00,8
2025-09-10T08:44:50.589831-03:00,8
2025-09-10T08:52:59.818419-03:00,2
2025-09-10T10:50:49.536917-03:00,2
2025-09-10T10:51:34.267453-03:00,2
2025-09-10T10:59:13.965690-03:00,2
2025-09-10T11:37:44.092044-03:00,4
2025-09-10T11:46:59.371859-03:00,4
2025-09-10T11:55:16.118254-03:00,4
2025-09-10T12:32:57.759615-03:00,2
2025-09-10T12:44:42.702981-03:00,2
2025-09-10T12:52:50.028970-03:00,3
2025-09-10T13:00:36.256495-03:00,3
2025-09-10T13:45:13.327694-03:00,3
2025-09-10T13:53:42.805058-03:00,2
2025-09-10T14:28:57.397438-03:00,5
2025-09-10T14:41:12.577864-03:00,4
2025-09-10T14:49:43.229216-03:00,4
2025-09-10T14:57:31.525367-03:00,6
2025-09-10T15:48:03.157867-03:00,6
2025-09-10T15:55:34.984478-03:00,5
2025-09-10T16:23:09.868756-03:00,7
2025-09-10T16:31:16.240364-03:00,7
2025-09-10T16:40:23.782726-03:00,8
2025-09-10T16:48:37.425215-03:00,8
2025-09-10T16:56:15.337148-03:00,8
2025-09-10T17:32:42.911864-03:00,8
2025-09-10T17:45:12.377038-03:00,5
2025-09-10T17:53:28.504459-03:00,5
2025-09-10T18:26:15.489513-03:00,7
2025-09-10T18:37:08.673060-03:00,5
2025-09-10T18:44:43.379155-03:00,5
2025-09-10T18:52:47.672617-03:00,5
2025-09-10T19:00:45.119788-03:00,5
2025-09-10T19:33:03.833692-03:00,5
2025-09-10T19:42:34.774848-03:00,3
2025-09-10T19:50:34.318950-03:00,1
2025-09-10T19:58:29.184205-03:00,1
2025-09-10T20:27:21.634873-03:00,3
2025-09-10T20:39:00.833739-03:00,12
2025-09-10T20:47:09.348276-03:00,12
2025-09-10T20:55:11.777809-03:00,12
2025-09-11T00:08:15.769401-03:00,4
2025-09-11T00:50:14.643499-03:00,4
2025-09-11T00:58:21.496810-03:00,4
2025-09-11T01:39:28.698764-03:00,4
2025-09-11T01:49:50.033445-03:00,4
2025-09-11T01:57:30.840571-03:00,4
2025-09-11T02:33:03.354726-03:00,4
2025-09-11T02:43:59.043160-03:00,4
2025-09-11T02:52:15.304710-03:00,4
2025-09-11T02:59:47.793013-03:00,4
2025-09-11T03:49:51.101764-03:00,1
2025-09-11T03:57:27.131855-03:00,1
2025-09-11T04:29:37.293921-03:00,4
2025-09-11T04:40:49.096021-03:00,4
2025-09-11T04:48:35.618671-03:00,4
2025-09-11T04:56:48.092080-03:00,4
2025-09-11T05:43:07.884668-03:00,4
2025-09-11T05:54:49.684113-03:00,4
2025-09-11T06:31:36.321079-03:00,4
2025-09-11T06:42:50.057942-03:00,4
2025-09-11T06:50:22.586448-03:00,4
2025-09-11T06:57:59.754141-03:00,4
2025-09-11T07:37:57.437223-03:00,4
2025-09-11T07:46:23.642571-03:00,4
2025-09-11T07:54:39.612241-03:00,4
2025-09-11T08:24:07.064390-03:00,4
2025-09-11T08:38:11.037240-03:00,4
2025-09-11T08:46:07.007402-03:00,4
2025-09-11T08:53:39.425131-03:00,4
2025-09-11T10:14:56.319519-03:00,4
2025-09-11T10:40:15.389286-03:00,1
2025-09-11T10:48:21.835660-03:00,1
2025-09-11T10:56:30.918522-03:00,1
2025-09-11T11:36:52.499834-03:00,2
2025-09-11T11:47:00.370015-03:00,2
2025-09-11T11:54:55.937736-03:00,1
2025-09-11T12:29:14.646562-03:00,1
2025-09-11T12:41:46.078419-03:00,1
2025-09-11T12:49:52.776620-03:00,1
2025-09-11T12:57:31.016520-03:00,1
2025-09-11T13:38:43.724531-03:00,1
2025-09-11T13:49:53.580276-03:00,1
2025-09-11T13:58:02.253199-03:00,3
2025-09-11T14:29:52.338630-03:00,8
2025-09-11T14:38:16.425809-03:00,7
2025-09-11T14:45:59.355814-03:00,7
2025-09-11T14:53:54.055239-03:00,6
2025-09-11T15:40:37.062307-03:00,13
2025-09-11T15:49:53.143916-03:00,13
2025-09-11T15:58:04.264612-03:00,10
2025-09-11T16:22:14.060587-03:00,7
2025-09-11T16:29:42.561320-03:00,7
2025-09-11T16:40:06.678623-03:00,6
2025-09-11T16:48:55.917365-03:00,6
2025-09-11T16:56:34.531809-03:00,11
2025-09-11T17:29:31.842444-03:00,12
2025-09-11T17:39:26.268979-03:00,9
2025-09-11T17:47:01.716585-03:00,9
2025-09-11T17:54:43.658273-03:00,5
2025-09-11T18:25:18.919410-03:00,8
2025-09-11T18:36:58.233830-03:00,10
2025-09-11T18:44:41.496718-03:00,10
2025-09-11T18:52:46.931498-03:00,4
2025-09-11T19:00:24.271674-03:00,4
2025-09-11T19:32:22.277136-03:00,5
2025-09-11T19:41:41.178663-03:00,3
2025-09-11T19:49:53.660847-03:00,3
2025-09-11T19:57:34.109566-03:00,3
2025-09-11T20:27:12.618941-03:00,3
2025-09-11T20:38:14.764082-03:00,14
2025-09-11T20:45:41.891588-03:00,14
2025-09-11T20:53:35.617709-03:00,14
2025-09-12T00:01:00.614525-03:00,6
2025-09-12T00:42:26.769774-03:00,6
2025-09-12T00:50:29.236958-03:00,6
2025-09-12T00:58:07.914565-03:00,6
2025-09-12T01:37:35.522330-03:00,6
2025-09-12T01:45:18.340747-03:00,6
2025-09-12T01:53:25.055637-03:00,1
2025-09-12T02:32:22.280556-03:00,6
2025-09-12T02:42:43.582094-03:00,6
2025-09-12T02:50:26.556808-03:00,6
2025-09-12T02:58:29.677309-03:00,6
2025-09-12T03:48:30.883840-03:00,6
2025-09-12T03:56:24.355129-03:00,1
2025-09-12T04:28:05.735684-03:00,6
2025-09-12T04:38:00.883724-03:00,6
2025-09-12T04:46:04.268643-03:00,6
2025-09-12T04:54:24.178570-03:00,6
2025-09-12T05:41:34.321110-03:00,6
2025-09-12T05:54:22.999349-03:00,1
2025-09-12T06:31:15.944606-03:00,6
2025-09-12T06:42:15.326340-03:00,6
2025-09-12T06:50:34.063107-03:00,2
2025-09-12T06:58:40.201823-03:00,2
2025-09-12T07:37:35.048601-03:00,6
2025-09-12T07:45:41.524356-03:00,6
2025-09-12T07:53:36.602026-03:00,6
2025-09-12T08:24:35.951301-03:00,1
2025-09-12T08:37:35.010229-03:00,6
2025-09-12T08:45:10.868030-03:00,6
2025-09-12T08:52:46.917640-03:00,6
2025-09-12T09:00:17.180849-03:00,6
2025-09-12T10:15:54.331128-03:00,3
2025-09-12T10:42:16.658695-03:00,3
2025-09-12T10:50:29.649275-03:00,3
2025-09-12T10:58:22.575927-03:00,3
2025-09-12T11:37:37.113849-03:00,2
2025-09-12T11:46:24.940136-03:00,2
2025-09-12T11:54:35.218879-03:00,3
2025-09-12T12:30:24.350976-03:00,1
2025-09-12T12:39:41.957854-03:00,1
2025-09-12T12:48:09.138944-03:00,1
2025-09-12T12:56:19.332983-03:00,3
2025-09-12T13:38:12.561277-03:00,3
2025-09-12T13:48:11.069949-03:00,3
2025-09-12T13:55:57.386682-03:00,4
2025-09-12T14:29:07.723907-03:00,8
2025-09-12T14:40:05.445067-03:00,11
2025-09-12T14:48:02.270832-03:00,11
2025-09-12T14:55:39.784620-03:00,8
2025-09-12T15:39:47.827954-03:00,6
2025-09-12T15:50:21.240450-03:00,9
2025-09-12T15:58:48.649272-03:00,9
2025-09-12T16:23:17.280140-03:00,13
2025-09-12T16:31:08.801383-03:00,13
2025-09-12T16:39:47.696617-03:00,7
2025-09-12T16:47:50.309261-03:00,7
2025-09-12T16:55:34.330247-03:00,13
2025-09-12T17:31:39.785666-03:00,12
2025-09-12T17:42:32.459585-03:00,12
2025-09-12T17:50:48.984426-03:00,8
2025-09-12T17:58:28.943873-03:00,8
2025-09-12T18:26:06.422022-03:00,11
2025-09-12T18:36:42.515375-03:00,7
2025-09-12T18:44:32.492140-03:00,7
2025-09-12T18:52:30.366062-03:00,6
2025-09-12T19:00:30.025765-03:00,6
2025-09-12T19:32:00.856533-03:00,9
2025-09-12T19:41:35.721001-03:00,10
2025-09-12T19:49:35.263232-03:00,10
2025-09-12T19:57:20.839099-03:00,6
2025-09-12T20:25:35.706305-03:00,5
2025-09-12T20:38:46.939497-03:00,10
2025-09-12T20:46:45.029799-03:00,10
2025-09-12T20:54:25.481264-03:00,4
2025-09-12T23:39:18.193866-03:00,5
2025-09-13T00:31:58.609331-03:00,1
2025-09-13T00:42:54.022448-03:00,4
2025-09-13T00:50:42.119395-03:00,5
2025-09-13T00:58:26.436496-03:00,5
2025-09-13T01:35:47.416230-03:00,4
2025-09-13T01:44:46.992315-03:00,4
2025-09-13T01:52:33.676055-03:00,6
2025-09-13T02:00:10.783899-03:00,6
2025-09-13T02:31:29.189561-03:00,6
2025-09-13T02:40:59.888286-03:00,7
2025-09-13T02:48:53.057703-03:00,7
2025-09-13T02:56:23.451824-03:00,4
2025-09-13T03:41:49.567650-03:00,3
2025-09-13T03:50:02.095135-03:00,3
2025-09-13T03:58:18.810979-03:00,9
2025-09-13T04:24:50.053808-03:00,6
2025-09-13T04:36:27.783423-03:00,4
2025-09-13T04:44:29.562958-03:00,4
2025-09-13T04:52:02.554594-03:00,6
2025-09-13T04:59:44.996880-03:00,6
2025-09-13T05:36:56.769284-03:00,2
2025-09-13T05:46:37.510930-03:00,2
2025-09-13T05:54:45.095625-03:00,3
2025-09-13T06:27:05.877241-03:00,5
2025-09-13T06:37:09.323027-03:00,4
2025-09-13T06:44:47.672212-03:00,4
2025-09-13T06:52:50.360931-03:00,3
2025-09-13T07:00:38.277687-03:00,3
2025-09-13T07:32:56.119120-03:00,2
2025-09-13T07:41:14.315208-03:00,5
2025-09-13T07:49:02.920089-03:00,5
2025-09-13T07:56:21.166390-03:00,2
2025-09-13T08:21:03.851757-03:00,1
2025-09-13T08:28:51.652555-03:00,1
2025-09-13T08:39:30.690487-03:00,3
2025-09-13T08:47:40.353278-03:00,3
2025-09-13T08:55:19.816927-03:00,3
2025-09-13T10:00:15.684659-03:00,4
2025-09-13T10:30:36.435391-03:00,2
2025-09-13T10:39:07.953051-03:00,4
2025-09-13T10:47:13.063601-03:00,4
2025-09-13T10:55:13.341436-03:00,3
2025-09-13T11:26:38.802948-03:00,3
2025-09-13T11:35:40.046452-03:00,6
2025-09-13T11:43:42.493595-03:00,6
2025-09-13T11:51:36.130357-03:00,3
2025-09-13T11:59:21.031868-03:00,3
2025-09-13T12:25:47.981034-03:00,4
2025-09-13T12:36:13.360474-03:00,3
2025-09-13T12:44:10.839961-03:00,3
2025-09-13T12:52:14.413761-03:00,6
2025-09-13T13:00:16.034898-03:00,6
2025-09-13T13:34:32.178571-03:00,7
2025-09-13T13:43:21.527100-03:00,5
2025-09-13T13:51:20.541622-03:00,7
2025-09-13T13:59:22.727763-03:00,7
2025-09-13T14:25:35.904758-03:00,9
2025-09-13T14:36:19.695479-03:00,4
2025-09-13T14:44:09.795484-03:00,4
2025-09-13T14:51:50.209713-03:00,5
2025-09-13T14:59:35.565660-03:00,5
2025-09-13T15:38:51.250501-03:00,5
2025-09-13T15:46:32.831517-03:00,5
2025-09-13T15:54:31.855896-03:00,5
2025-09-13T16:18:36.400591-03:00,8
2025-09-13T16:26:11.343011-03:00,8
2025-09-13T16:36:44.591334-03:00,6
2025-09-13T16:44:40.955152-03:00,6
2025-09-13T16:52:46.200551-03:00,6
2025-09-13T17:00:19.110800-03:00,6
2025-09-13T17:29:12.607013-03:00,6
2025-09-13T17:39:30.253485-03:00,7
2025-09-13T17:47:16.249543-03:00,7
2025-09-13T17:55:04.436624-03:00,7
2025-09-13T18:23:27.778294-03:00,7
2025-09-13T18:35:56.154553-03:00,5
2025-09-13T18:43:33.151119-03:00,5
2025-09-13T18:51:19.525954-03:00,8
2025-09-13T18:58:52.553222-03:00,8
2025-09-13T19:29:47.006768-03:00,7
2025-09-13T19:39:37.861010-03:00,5
2025-09-13T19:47:46.233194-03:00,5
2025-09-13T19:55:19.578275-03:00,4
2025-09-13T20:24:28.980484-03:00,3
2025-09-13T20:37:14.895868-03:00,2
2025-09-13T20:45:09.050753-03:00,2
2025-09-13T20:53:05.933239-03:00,3
2025-09-14T00:09:46.266499-03:00,2
2025-09-14T00:49:18.942978-03:00,6
2025-09-14T00:57:19.640055-03:00,3
2025-09-14T01:36:14.899708-03:00,4
2025-09-14T01:45:29.657720-03:00,4
2025-09-14T01:53:23.407668-03:00,6
2025-09-14T02:29:55.000389-03:00,2
2025-09-14T02:41:28.062445-03:00,3
2025-09-14T02:49:08.449222-03:00,3
2025-09-14T02:56:48.223408-03:00,1
2025-09-14T03:43:16.400074-03:00,2
2025-09-14T03:50:56.292389-03:00,6
2025-09-14T03:58:54.329085-03:00,6
2025-09-14T04:25:59.888446-03:00,3
2025-09-14T04:37:20.612626-03:00,1
2025-09-14T04:44:57.216296-03:00,1
2025-09-14T04:52:21.088794-03:00,1
2025-09-14T05:00:29.983551-03:00,1
2025-09-14T05:37:24.755356-03:00,6
2025-09-14T05:46:51.176421-03:00,6
2025-09-14T05:54:45.803633-03:00,6
2025-09-14T06:27:04.456178-03:00,6
2025-09-14T06:38:51.245244-03:00,1
2025-09-14T06:46:50.481804-03:00,1
2025-09-14T06:54:41.294111-03:00,1
2025-09-14T07:29:54.360655-03:00,6
2025-09-14T07:39:44.922335-03:00,6
2025-09-14T07:48:01.096234-03:00,6
2025-09-14T07:56:09.932693-03:00,2
2025-09-14T08:20:23.969700-03:00,6
2025-09-14T08:28:10.294619-03:00,6
2025-09-14T08:38:13.215796-03:00,6
2025-09-14T08:45:43.218542-03:00,6
2025-09-14T08:53:51.090609-03:00,6
2025-09-14T09:59:16.671017-03:00,6
2025-09-14T10:29:41.602016-03:00,6
2025-09-14T10:38:09.423811-03:00,6
2025-09-14T10:46:08.551061-03:00,6
2025-09-14T10:53:53.298044-03:00,6
2025-09-14T11:28:01.066967-03:00,2
2025-09-14T11:37:56.455259-03:00,4
2025-09-14T11:46:07.374262-03:00,4
2025-09-14T11:54:00.614335-03:00,2
2025-09-14T12:25:58.051639-03:00,3
2025-09-14T12:35:56.822269-03:00,1
2025-09-14T12:43:51.421761-03:00,1
2025-09-14T12:52:00.128228-03:00,2
2025-09-14T13:00:02.739121-03:00,2
2025-09-14T13:34:02.659024-03:00,7
2025-09-14T13:43:08.911962-03:00,4
2025-09-14T13:50:48.915937-03:00,4
2025-09-14T13:58:36.097956-03:00,4
2025-09-14T14:25:59.554760-03:00,6
2025-09-14T14:36:33.361728-03:00,2
2025-09-14T14:44:47.571696-03:00,2
2025-09-14T14:52:32.362318-03:00,5
2025-09-14T15:00:17.065333-03:00,5
2025-09-14T15:40:02.878436-03:00,4
2025-09-14T15:47:25.440702-03:00,4
2025-09-14T15:55:41.152474-03:00,6
2025-09-14T16:19:28.498930-03:00,3
2025-09-14T16:27:24.679458-03:00,2
2025-09-14T16:37:40.118185-03:00,10
2025-09-14T16:45:14.374362-03:00,10
2025-09-14T16:53:03.176032-03:00,10
2025-09-14T17:28:26.901165-03:00,6
2025-09-14T17:40:11.689454-03:00,5
2025-09-14T17:48:21.556031-03:00,5
2025-09-14T17:56:14.948228-03:00,10
2025-09-14T18:24:24.159723-03:00,9
2025-09-14T18:35:58.258368-03:00,8
2025-09-14T18:43:29.702184-03:00,8
2025-09-14T18:51:43.437835-03:00,3
2025-09-14T18:59:27.585233-03:00,3
2025-09-14T19:31:04.701225-03:00,2
2025-09-14T19:40:47.389574-03:00,4
2025-09-14T19:48:48.674079-03:00,4
2025-09-14T19:56:48.241250-03:00,3
2025-09-14T20:25:51.452527-03:00,2
2025-09-14T20:38:28.969421-03:00,1
2025-09-14T20:46:47.303089-03:00,1
2025-09-14T20:54:40.763439-03:00,4
2025-09-15T00:17:02.581837-03:00,6
2025-09-15T00:56:06.564081-03:00,2
2025-09-15T01:40:23.413006-03:00,6
2025-09-15T01:51:06.038842-03:00,6
2025-09-15T01:59:09.885102-03:00,6
2025-09-15T02:37:08.133717-03:00,6
2025-09-15T02:46:22.807680-03:00,6
2025-09-15T02:53:58.067056-03:00,6
2025-09-15T03:52:29.647285-03:00,6
2025-09-15T04:00:33.741104-03:00,6
2025-09-15T04:32:00.782644-03:00,6
2025-09-15T04:43:06.759580-03:00,6
2025-09-15T04:51:06.568661-03:00,6
2025-09-15T04:58:39.074703-03:00,6
2025-09-15T05:46:39.873387-03:00,6
2025-09-15T05:56:15.206226-03:00,6
2025-09-15T06:37:36.193485-03:00,6
2025-09-15T06:47:29.448709-03:00,6
2025-09-15T06:55:01.043157-03:00,6
2025-09-15T07:39:38.682435-03:00,6
2025-09-15T07:49:36.549844-03:00,6
2025-09-15T07:57:15.735608-03:00,6
2025-09-15T08:25:26.865767-03:00,6
2025-09-15T08:38:05.639882-03:00,6
2025-09-15T08:45:52.671179-03:00,6
2025-09-15T08:53:58.407584-03:00,6
2025-09-15T10:18:44.351190-03:00,6
2025-09-15T10:44:10.387656-03:00,1
2025-09-15T10:52:15.863459-03:00,1
2025-09-15T11:00:19.465104-03:00,1
2025-09-15T11:32:52.896179-03:00,6
2025-09-15T11:46:30.506743-03:00,3
2025-09-15T11:54:14.687450-03:00,3
2025-09-15T12:33:29.457502-03:00,2
2025-09-15T12:45:05.743416-03:00,3
2025-09-15T12:53:23.864673-03:00,2
2025-09-15T13:43:12.750597-03:00,3
2025-09-15T13:54:09.415742-03:00,5
2025-09-15T14:29:49.524654-03:00,5
2025-09-15T14:42:20.168376-03:00,6
2025-09-15T14:50:20.671088-03:00,5
2025-09-15T14:58:12.678198-03:00,5
2025-09-15T15:48:04.602653-03:00,8
2025-09-15T15:55:55.106451-03:00,6
2025-09-15T16:23:11.472016-03:00,5
2025-09-15T16:30:36.249712-03:00,5
2025-09-15T16:40:39.616333-03:00,9
2025-09-15T16:48:25.375483-03:00,9
2025-09-15T17:32:41.797067-03:00,7
2025-09-15T17:43:37.353980-03:00,6
2025-09-15T17:51:53.950128-03:00,7
2025-09-15T17:59:29.244549-03:00,7
2025-09-15T18:28:20.721124-03:00,5
2025-09-15T18:37:47.678776-03:00,6
2025-09-15T18:45:24.628187-03:00,6
2025-09-15T18:53:13.597636-03:00,6
2025-09-15T19:31:53.414140-03:00,4
2025-09-15T19:41:33.038566-03:00,5
2025-09-15T19:49:33.840849-03:00,5
2025-09-15T19:57:06.300189-03:00,5
2025-09-15T20:25:55.518396-03:00,5
2025-09-15T20:37:29.596518-03:00,3
2025-09-15T20:45:05.086554-03:00,3
2025-09-15T20:52:59.542078-03:00,3
2025-09-16T00:02:51.974924-03:00,2
2025-09-16T00:46:06.624411-03:00,5
2025-09-16T00:54:08.290378-03:00,5
2025-09-16T01:38:04.129074-03:00,5
2025-09-16T01:47:36.468179-03:00,5
2025-09-16T01:55:33.564402-03:00,5
2025-09-16T02:33:30.141842-03:00,5
2025-09-16T02:43:29.574021-03:00,5
2025-09-16T02:51:01.705549-03:00,5
2025-09-16T02:59:04.807414-03:00,5
2025-09-16T03:50:31.755472-03:00,5
2025-09-16T03:58:28.622257-03:00,5
2025-09-16T04:30:40.805173-03:00,5
2025-09-16T04:41:49.715665-03:00,5
2025-09-16T04:49:36.637945-03:00,5
2025-09-16T04:57:19.797583-03:00,5
2025-09-16T05:47:40.213972-03:00,5
2025-09-16T05:57:21.599221-03:00,5
2025-09-16T06:35:57.943874-03:00,5
2025-09-16T06:46:05.594708-03:00,5
2025-09-16T06:54:09.606486-03:00,5
2025-09-16T07:38:51.782511-03:00,5
2025-09-16T07:48:58.029101-03:00,5
2025-09-16T07:56:40.836165-03:00,5
2025-09-16T08:25:38.675880-03:00,5
2025-09-16T08:39:06.855038-03:00,5
2025-09-16T08:47:10.586368-03:00,5
2025-09-16T08:54:51.952611-03:00,5
2025-09-16T10:20:02.349251-03:00,3
2025-09-16T10:47:55.590266-03:00,1
2025-09-16T10:56:04.846459-03:00,4
2025-09-16T11:39:38.796465-03:00,2
2025-09-16T11:50:49.622655-03:00,4
2025-09-16T11:58:49.291689-03:00,4
2025-09-16T12:35:31.890658-03:00,3
2025-09-16T12:46:14.795346-03:00,3
2025-09-16T12:54:25.238743-03:00,2
2025-09-16T13:42:33.413370-03:00,1
2025-09-16T13:53:42.646741-03:00,4
2025-09-16T14:30:46.159881-03:00,4
2025-09-16T14:42:14.312281-03:00,2
2025-09-16T14:50:40.964940-03:00,3
2025-09-16T14:58:36.534910-03:00,3
2025-09-16T15:47:25.895918-03:00,7
2025-09-16T15:55:37.386370-03:00,8
2025-09-16T16:22:42.544663-03:00,11
2025-09-16T16:30:14.659401-03:00,11
2025-09-16T16:40:19.764177-03:00,10
2025-09-16T16:48:08.267583-03:00,10
2025-09-16T16:55:46.436841-03:00,12
2025-09-16T17:33:06.995233-03:00,10
2025-09-16T17:44:19.440532-03:00,14
2025-09-16T17:52:40.325131-03:00,7
2025-09-16T18:00:21.120042-03:00,7
2025-09-16T18:28:21.895304-03:00,11
2025-09-16T18:40:34.046022-03:00,9
2025-09-16T18:48:20.686737-03:00,9
2025-09-16T18:56:07.420355-03:00,11
2025-09-16T19:28:43.296766-03:00,6
2025-09-16T19:37:04.930860-03:00,6
2025-09-16T19:45:06.456663-03:00,6
2025-09-16T19:52:50.783491-03:00,7
2025-09-16T20:00:39.805732-03:00,7
2025-09-16T20:24:37.380886-03:00,5
2025-09-16T20:37:56.831850-03:00,6
2025-09-16T20:46:00.914666-03:00,6
2025-09-16T20:54:10.233177-03:00,5
2025-09-17T00:02:03.508762-03:00,4
2025-09-17T00:44:37.533387-03:00,7
2025-09-17T00:52:40.830252-03:00,5
2025-09-17T01:00:30.364460-03:00,5
2025-09-17T01:38:47.556271-03:00,5
2025-09-17T01:48:01.555004-03:00,5
2025-09-17T01:55:39.996708-03:00,3
2025-09-17T02:33:06.225058-03:00,8
2025-09-17T02:43:45.521010-03:00,5
2025-09-17T02:51:19.706703-03:00,6
2025-09-17T02:59:08.647374-03:00,6
2025-09-17T03:50:35.404367-03:00,3
2025-09-17T03:58:13.372180-03:00,3
2025-09-17T04:28:35.175723-03:00,4
2025-09-17T04:41:32.671633-03:00,2
2025-09-17T04:49:10.282060-03:00,2
2025-09-17T04:56:57.774136-03:00,2
2025-09-17T05:45:14.100883-03:00,4
2025-09-17T05:56:18.893401-03:00,3
2025-09-17T06:33:08.295645-03:00,4
2025-09-17T06:45:22.466523-03:00,3
2025-09-17T06:53:27.781058-03:00,2
2025-09-17T07:37:45.920316-03:00,1
2025-09-17T07:46:45.570126-03:00,1
2025-09-17T07:54:26.558324-03:00,9
2025-09-17T08:25:05.978869-03:00,1
2025-09-17T08:38:08.149127-03:00,9
2025-09-17T08:46:08.614045-03:00,9
2025-09-17T08:53:57.084994-03:00,2
2025-09-17T10:18:17.188318-03:00,9
2025-09-17T10:44:45.118075-03:00,9
2025-09-17T10:52:58.143053-03:00,9
2025-09-17T11:36:53.411630-03:00,4
2025-09-17T11:47:28.364157-03:00,4
2025-09-17T11:55:03.208889-03:00,3
2025-09-17T12:33:25.523825-03:00,3
2025-09-17T12:44:39.547773-03:00,3
2025-09-17T12:52:43.992131-03:00,1
2025-09-17T13:01:16.264912-03:00,1
2025-09-17T13:44:57.961855-03:00,1
2025-09-17T13:54:41.529873-03:00,2
2025-09-17T14:30:29.542420-03:00,9
2025-09-17T14:41:34.603365-03:00,2
2025-09-17T14:49:40.195351-03:00,2
2025-09-17T14:57:34.572194-03:00,1
2025-09-17T15:47:25.516712-03:00,5
2025-09-17T15:55:15.582223-03:00,5
2025-09-17T16:22:38.121020-03:00,5
2025-09-17T16:30:43.880893-03:00,5
2025-09-17T16:40:39.322671-03:00,4
2025-09-17T16:48:33.358708-03:00,4
2025-09-17T16:56:02.550864-03:00,8
2025-09-17T17:32:52.107481-03:00,6
2025-09-17T17:44:18.620968-03:00,6
2025-09-17T17:52:02.824811-03:00,4
2025-09-17T17:59:57.039447-03:00,4
2025-09-17T18:25:17.121329-03:00,4
2025-09-17T18:38:33.670731-03:00,4
2025-09-17T18:46:36.377972-03:00,4
2025-09-17T18:54:20.654349-03:00,4
2025-09-17T19:27:40.698072-03:00,8
2025-09-17T19:39:15.798545-03:00,7
2025-09-17T19:47:31.827493-03:00,7
2025-09-17T19:55:06.615732-03:00,3
2025-09-17T20:26:18.234914-03:00,3
2025-09-17T20:37:16.188896-03:00,3
2025-09-17T20:45:02.777192-03:00,3
2025-09-17T20:53:14.975284-03:00,2
2025-09-18T00:04:37.555778-03:00,5
2025-09-18T00:48:36.875166-03:00,5
2025-09-18T00:56:26.352409-03:00,5
2025-09-18T01:38:36.287495-03:00,3
2025-09-18T01:47:41.239472-03:00,3
2025-09-18T01:55:19.464973-03:00,3
2025-09-18T02:33:11.766947-03:00,3
2025-09-18T02:42:53.185114-03:00,1
2025-09-18T02:50:57.308990-03:00,5
2025-09-18T02:58:50.428135-03:00,5
2025-09-18T03:49:29.968327-03:00,1
2025-09-18T03:57:01.124958-03:00,2
2025-09-18T04:28:39.041098-03:00,1
2025-09-18T04:41:05.546600-03:00,4
2025-09-18T04:49:14.520499-03:00,4
2025-09-18T04:57:24.227501-03:00,3
2025-09-18T05:44:40.493778-03:00,1
2025-09-18T05:55:37.520560-03:00,5
2025-09-18T06:32:34.449601-03:00,5
2025-09-18T06:44:51.756532-03:00,2
2025-09-18T06:53:05.246700-03:00,1
2025-09-18T07:37:37.987253-03:00,5
2025-09-18T07:47:42.493289-03:00,5
2025-09-18T07:55:51.122643-03:00,5
2025-09-18T08:24:45.265555-03:00,5
2025-09-18T08:38:08.765677-03:00,5
2025-09-18T08:45:57.359126-03:00,5
2025-09-18T08:54:22.413265-03:00,5
2025-09-18T10:18:15.898855-03:00,4
2025-09-18T10:44:30.444122-03:00,4
2025-09-18T10:53:04.235957-03:00,4
2025-09-18T11:37:17.607648-03:00,1
2025-09-18T11:46:17.498949-03:00,1
2025-09-18T11:54:02.445857-03:00,2
2025-09-18T12:33:14.392742-03:00,3
2025-09-18T12:44:41.276414-03:00,5
2025-09-18T12:52:48.516157-03:00,5
2025-09-18T13:00:23.368900-03:00,5
2025-09-18T13:43:26.014758-03:00,8
2025-09-18T13:53:16.656077-03:00,4
2025-09-18T14:31:06.487849-03:00,5
2025-09-18T14:43:16.801162-03:00,7
2025-09-18T14:51:20.843461-03:00,5
2025-09-18T14:58:56.324957-03:00,5
2025-09-18T15:49:26.597298-03:00,4
2025-09-18T15:57:18.604995-03:00,5
2025-09-18T16:22:31.947033-03:00,3
2025-09-18T16:30:06.300776-03:00,3
2025-09-18T16:40:25.257271-03:00,3
2025-09-18T16:47:48.291851-03:00,3
2025-09-18T16:55:29.440759-03:00,7
2025-09-18T17:33:54.079288-03:00,9
2025-09-18T17:45:11.812200-03:00,7
2025-09-18T17:52:41.621764-03:00,7
2025-09-18T18:00:23.693593-03:00,7
2025-09-18T18:29:53.398951-03:00,4
2025-09-18T18:41:02.323782-03:00,7
2025-09-18T18:48:51.923056-03:00,7
2025-09-18T18:56:41.112886-03:00,6
2025-09-18T19:30:58.039917-03:00,5
2025-09-18T19:41:48.796528-03:00,4
2025-09-18T19:49:18.982410-03:00,4
2025-09-18T19:57:00.277675-03:00,7
2025-09-18T20:27:16.914373-03:00,3
2025-09-18T20:40:53.639891-03:00,5
2025-09-18T20:49:07.853759-03:00,5
2025-09-18T20:56:41.663443-03:00,3
2025-09-19T00:09:31.373210-03:00,7
2025-09-19T00:49:55.637065-03:00,7
2025-09-19T00:57:32.268677-03:00,7
2025-09-19T01:39:25.679899-03:00,6
2025-09-19T01:50:23.997659-03:00,3
2025-09-19T01:58:27.028790-03:00,3
2025-09-19T02:33:20.880788-03:00,1
2025-09-19T02:43:10.963323-03:00,3
2025-09-19T02:51:28.980309-03:00,1
2025-09-19T02:59:05.305168-03:00,1
2025-09-19T03:49:53.294813-03:00,7
2025-09-19T03:57:30.057108-03:00,7
2025-09-19T04:29:07.732913-03:00,7
2025-09-19T04:40:21.379913-03:00,2
2025-09-19T04:48:12.243593-03:00,2
2025-09-19T04:56:21.132771-03:00,1
2025-09-19T05:43:09.862550-03:00,7
2025-09-19T05:55:20.193867-03:00,7
2025-09-19T06:32:41.857626-03:00,7
2025-09-19T06:43:58.326536-03:00,7
2025-09-19T06:52:21.653530-03:00,2
2025-09-19T07:00:16.184583-03:00,2
2025-09-19T07:39:37.973238-03:00,7
2025-09-19T07:48:03.237233-03:00,7
2025-09-19T07:56:07.729349-03:00,1
2025-09-19T08:26:23.598787-03:00,7
2025-09-19T08:39:16.342044-03:00,7
2025-09-19T08:47:13.927006-03:00,7
2025-09-19T08:55:03.027856-03:00,7
2025-09-19T10:17:29.577908-03:00,1
2025-09-19T10:44:59.453367-03:00,1
2025-09-19T10:53:14.853817-03:00,1
2025-09-19T11:37:07.812676-03:00,1
2025-09-19T11:47:20.334430-03:00,1
2025-09-19T11:55:00.630858-03:00,3
2025-09-19T12:32:01.878143-03:00,2
2025-09-19T12:44:32.591008-03:00,1
2025-09-19T12:52:27.379736-03:00,1
2025-09-19T12:59:58.542348-03:00,1
2025-09-19T13:42:59.674657-03:00,5
2025-09-19T13:52:07.879060-03:00,6
2025-09-19T13:59:49.056337-03:00,6
2025-09-19T14:18:47.317669-03:00,8
2025-09-19T14:31:42.019586-03:00,7
2025-09-19T14:41:25.437220-03:00,8
2025-09-19T14:49:26.039683-03:00,8
2025-09-19T14:56:58.356790-03:00,8
2025-09-19T15:23:06.266676-03:00,9
2025-09-19T15:43:11.008938-03:00,3
2025-09-19T15:52:45.919117-03:00,11
2025-09-19T16:00:27.039307-03:00,11
2025-09-19T16:18:40.305015-03:00,5
2025-09-19T16:27:02.245477-03:00,9
2025-09-19T16:36:48.269726-03:00,10
2025-09-19T16:44:30.615517-03:00,10
2025-09-19T16:52:17.033688-03:00,14
2025-09-19T16:59:45.662044-03:00,14
2025-09-19T17:24:24.692641-03:00,12
2025-09-19T17:36:23.125781-03:00,7
2025-09-19T17:44:20.495680-03:00,7
2025-09-19T17:52:00.220912-03:00,7
2025-09-19T17:59:33.294058-03:00,7
2025-09-19T18:19:08.892480-03:00,12
2025-09-19T18:28:50.282760-03:00,7
2025-09-19T18:37:37.862562-03:00,6
2025-09-19T18:45:07.363444-03:00,6
2025-09-19T18:53:10.849492-03:00,9
2025-09-19T19:08:01.795292-03:00,7
2025-09-19T19:28:12.948813-03:00,8
2025-09-19T19:38:38.306825-03:00,7
2025-09-19T19:46:46.124445-03:00,7
2025-09-19T19:54:57.063314-03:00,4
2025-09-19T20:11:16.984080-03:00,3
2025-09-19T20:25:22.573213-03:00,5
2025-09-19T20:34:37.074711-03:00,5
2025-09-19T20:42:52.765373-03:00,6
2025-09-19T20:50:27.433906-03:00,7
2025-09-19T20:58:00.702522-03:00,7
2025-09-19T22:21:26.971472-03:00,5
2025-09-19T23:33:56.660456-03:00,7
2025-09-20T00:08:32.853658-03:00,6
2025-09-20T00:35:53.342148-03:00,9
2025-09-20T00:47:40.561437-03:00,9
2025-09-20T00:55:11.035697-03:00,7
2025-09-20T01:15:37.155887-03:00,4
2025-09-20T01:34:53.684058-03:00,5
2025-09-20T01:45:27.264865-03:00,5
2025-09-20T01:53:31.787466-03:00,3
2025-09-20T02:09:01.121276-03:00,3
2025-09-20T02:28:55.956843-03:00,3
2025-09-20T02:39:57.336336-03:00,5
2025-09-20T02:47:59.404894-03:00,5
2025-09-20T02:55:50.681276-03:00,2
2025-09-20T03:19:21.374862-03:00,3
2025-09-20T03:41:30.915728-03:00,12
2025-09-20T03:51:05.337466-03:00,12
2025-09-20T03:58:55.526707-03:00,12
2025-09-20T04:18:01.228632-03:00,12
2025-09-20T04:28:19.960598-03:00,3
2025-09-20T04:37:36.374245-03:00,12
2025-09-20T04:45:46.986190-03:00,12
2025-09-20T04:53:49.626667-03:00,2
2025-09-20T05:12:14.824955-03:00,4
2025-09-20T05:33:44.801838-03:00,3
2025-09-20T05:46:07.193564-03:00,4
2025-09-20T05:53:56.694764-03:00,2
2025-09-20T06:09:45.130616-03:00,1
2025-09-20T06:26:39.183056-03:00,1
2025-09-20T06:36:02.914519-03:00,2
2025-09-20T06:43:44.156483-03:00,2
2025-09-20T06:51:38.254596-03:00,12
2025-09-20T06:59:27.267196-03:00,12
2025-09-20T07:20:55.677168-03:00,1
2025-09-20T07:34:59.572655-03:00,1
2025-09-20T07:43:06.750229-03:00,3
2025-09-20T07:51:11.987900-03:00,3
2025-09-20T07:58:51.464673-03:00,3
2025-09-20T08:15:45.283479-03:00,2
2025-09-20T08:25:21.354120-03:00,4
2025-09-20T08:35:07.324824-03:00,4
2025-09-20T08:43:02.390853-03:00,1
2025-09-20T08:51:00.748708-03:00,12
2025-09-20T08:58:37.481342-03:00,12
2025-09-20T09:38:00.700086-03:00,4
2025-09-20T10:02:07.455460-03:00,5
2025-09-20T10:27:18.120715-03:00,6
2025-09-20T10:37:47.928900-03:00,4
2025-09-20T10:45:39.205888-03:00,4
2025-09-20T10:53:52.100750-03:00,3
2025-09-20T11:08:19.546444-03:00,3
2025-09-20T11:26:36.182232-03:00,6
2025-09-20T11:37:02.080007-03:00,7
2025-09-20T11:44:50.947950-03:00,7
2025-09-20T11:52:53.819467-03:00,5
2025-09-20T12:01:25.518821-03:00,5
2025-09-20T12:22:55.257498-03:00,2
2025-09-20T12:31:08.540812-03:00,2
2025-09-20T12:40:09.116024-03:00,7
2025-09-20T12:48:17.606468-03:00,7
2025-09-20T12:55:49.962051-03:00,2
2025-09-20T13:15:20.529314-03:00,4
2025-09-20T13:33:20.478547-03:00,4
2025-09-20T13:43:30.495638-03:00,5
2025-09-20T13:51:38.836465-03:00,2
2025-09-20T13:59:12.492142-03:00,2
2025-09-20T14:15:29.852115-03:00,4
2025-09-20T14:27:18.404632-03:00,3
2025-09-20T14:36:14.957222-03:00,5
2025-09-20T14:44:21.109782-03:00,5
2025-09-20T14:52:21.967933-03:00,4
2025-09-20T15:00:36.068131-03:00,4
2025-09-20T15:30:26.011100-03:00,8
2025-09-20T15:43:22.522362-03:00,7
2025-09-20T15:51:05.088869-03:00,6
2025-09-20T15:58:42.437339-03:00,6
2025-09-20T16:13:34.313903-03:00,5
2025-09-20T16:22:22.437583-03:00,8
2025-09-20T16:30:01.026804-03:00,8
2025-09-20T16:38:14.995238-03:00,8
2025-09-20T16:45:48.719023-03:00,8
2025-09-20T16:53:58.840809-03:00,7
2025-09-20T17:10:13.182368-03:00,4
2025-09-20T17:27:04.435551-03:00,1
2025-09-20T17:36:12.364400-03:00,6
2025-09-20T17:44:22.233352-03:00,6
2025-09-20T17:52:29.347472-03:00,4
2025-09-20T18:00:03.665894-03:00,4
2025-09-20T18:18:15.044718-03:00,5
2025-09-20T18:27:10.549378-03:00,5
2025-09-20T18:36:22.483801-03:00,3
2025-09-20T18:44:12.976826-03:00,3
2025-09-20T18:52:18.499430-03:00,6
2025-09-20T19:00:06.160147-03:00,6
2025-09-20T19:19:55.214822-03:00,5
2025-09-20T19:31:51.943502-03:00,5
2025-09-20T19:40:27.666920-03:00,5
2025-09-20T19:48:31.636382-03:00,5
2025-09-20T19:56:45.455400-03:00,7
2025-09-20T20:13:41.753557-03:00,4
2025-09-20T20:26:19.725823-03:00,5
2025-09-20T20:35:43.492752-03:00,4
2025-09-20T20:43:34.986503-03:00,4
2025-09-20T20:51:05.539763-03:00,2
2025-09-20T20:58:41.622523-03:00,2
2025-09-20T22:45:12.607376-03:00,4
2025-09-21T00:00:14.193666-03:00,2
2025-09-21T00:39:28.139700-03:00,3
2025-09-21T00:54:25.739244-03:00,3
2025-09-21T01:13:15.442617-03:00,3
2025-09-21T01:33:30.016977-03:00,3
2025-09-21T01:44:57.117156-03:00,1
2025-09-21T01:52:27.297692-03:00,2
2025-09-21T02:00:08.758659-03:00,2
2025-09-21T02:21:41.222992-03:00,5
2025-09-21T02:34:51.575939-03:00,5
2025-09-21T02:43:04.356467-03:00,1
2025-09-21T02:50:57.469831-03:00,1
2025-09-21T02:58:52.240733-03:00,1
2025-09-21T03:30:00.614859-03:00,2
2025-09-21T03:46:36.515248-03:00,1
2025-09-21T03:54:38.819797-03:00,4
2025-09-21T04:09:46.262335-03:00,1
2025-09-21T04:24:05.277128-03:00,2
2025-09-21T04:32:29.183844-03:00,2
2025-09-21T04:39:57.307625-03:00,7
2025-09-21T04:47:52.575791-03:00,7
2025-09-21T04:55:52.055046-03:00,7
2025-09-21T05:15:24.256134-03:00,11
2025-09-21T05:33:02.335596-03:00,8
2025-09-21T05:43:28.536016-03:00,6
2025-09-21T05:51:35.537137-03:00,2
2025-09-21T05:59:27.758732-03:00,2
2025-09-21T06:19:56.962093-03:00,3
2025-09-21T06:29:52.498141-03:00,3
2025-09-21T06:38:48.796764-03:00,3
2025-09-21T06:46:43.914231-03:00,3
2025-09-21T06:54:12.982255-03:00,6
2025-09-21T07:10:07.683151-03:00,4
2025-09-21T07:29:49.155277-03:00,5
2025-09-21T07:39:53.142563-03:00,3
2025-09-21T07:47:49.596337-03:00,3
2025-09-21T07:55:31.701160-03:00,3
2025-09-21T08:09:44.702652-03:00,3
2025-09-21T08:21:56.219180-03:00,2
2025-09-21T08:29:53.116726-03:00,2
2025-09-21T08:39:14.343963-03:00,12
2025-09-21T08:47:03.159776-03:00,12
2025-09-21T08:55:17.549262-03:00,12
2025-09-21T09:22:58.806094-03:00,2
2025-09-21T09:54:49.124000-03:00,1
2025-09-21T10:17:07.370165-03:00,3
2025-09-21T10:32:09.958228-03:00,5
2025-09-21T10:40:39.930833-03:00,2
2025-09-21T10:48:48.400570-03:00,2
2025-09-21T10:57:00.277723-03:00,1
2025-09-21T11:13:28.041765-03:00,1
2025-09-21T11:29:19.782769-03:00,2
2025-09-21T11:39:01.460400-03:00,3
2025-09-21T11:46:45.974121-03:00,3
2025-09-21T11:54:24.807346-03:00,2
2025-09-21T12:09:46.358549-03:00,1
2025-09-21T12:26:23.557625-03:00,2
2025-09-21T12:35:42.529501-03:00,3
2025-09-21T12:43:38.484886-03:00,3
2025-09-21T12:51:51.144747-03:00,5
2025-09-21T12:59:42.802311-03:00,5
2025-09-21T13:25:12.165736-03:00,2
2025-09-21T13:39:46.420035-03:00,6
2025-09-21T13:47:29.306817-03:00,6
2025-09-21T13:55:38.116170-03:00,4
2025-09-21T14:11:02.399164-03:00,7
2025-09-21T14:26:38.096540-03:00,6
2025-09-21T14:36:35.251945-03:00,12
2025-09-21T14:44:17.547983-03:00,12
2025-09-21T14:52:25.651651-03:00,10
2025-09-21T15:00:24.128043-03:00,10
2025-09-21T15:31:52.215915-03:00,8
2025-09-21T15:45:59.488615-03:00,6
2025-09-21T15:54:12.739018-03:00,8
2025-09-21T16:07:42.197673-03:00,10
2025-09-21T16:20:31.766196-03:00,12
2025-09-21T16:28:21.453187-03:00,12
2025-09-21T16:37:42.380170-03:00,10
2025-09-21T16:45:58.647987-03:00,10
2025-09-21T16:54:05.833989-03:00,7
2025-09-21T17:11:00.020343-03:00,9
2025-09-21T17:29:11.334659-03:00,12
2025-09-21T17:39:41.546414-03:00,4
2025-09-21T17:47:18.999045-03:00,4
2025-09-21T17:55:34.900995-03:00,10
2025-09-21T18:11:24.167196-03:00,8
2025-09-21T18:25:25.743009-03:00,8
2025-09-21T18:34:47.403553-03:00,8
2025-09-21T18:42:31.711312-03:00,3
2025-09-21T18:50:40.577387-03:00,6
2025-09-21T18:58:26.520924-03:00,6
2025-09-21T19:17:38.243313-03:00,8
2025-09-21T19:32:16.723196-03:00,4
2025-09-21T19:42:01.458084-03:00,6
2025-09-21T19:50:12.901100-03:00,6
2025-09-21T19:57:58.284432-03:00,5
2025-09-21T20:16:23.444501-03:00,4
2025-09-21T20:28:23.904048-03:00,3
2025-09-21T20:37:24.406673-03:00,3
2025-09-21T20:45:09.335797-03:00,3
2025-09-21T20:52:46.978177-03:00,2
2025-09-21T21:00:15.226882-03:00,2
2025-09-21T23:00:42.610914-03:00,15
2025-09-22T00:11:35.648536-03:00,5
2025-09-22T00:45:42.063660-03:00,5
2025-09-22T00:57:21.088093-03:00,3
2025-09-22T01:20:54.420652-03:00,2
2025-09-22T01:39:05.212439-03:00,5
2025-09-22T01:48:22.783540-03:00,5
2025-09-22T01:56:56.770506-03:00,5
2025-09-22T02:15:02.501151-03:00,5
2025-09-22T02:32:45.832741-03:00,5
2025-09-22T02:43:43.193727-03:00,5
2025-09-22T02:51:47.729509-03:00,5
2025-09-22T02:59:32.480523-03:00,5
2025-09-22T03:35:22.978348-03:00,5
2025-09-22T03:53:42.618060-03:00,5
2025-09-22T04:11:13.166008-03:00,5
2025-09-22T04:29:41.860340-03:00,2
2025-09-22T04:40:38.509484-03:00,2
2025-09-22T04:48:45.885448-03:00,2
2025-09-22T04:56:30.145533-03:00,1
2025-09-22T05:22:14.123913-03:00,1
2025-09-22T05:43:42.661367-03:00,5
2025-09-22T05:55:47.382000-03:00,5
2025-09-22T06:17:50.890996-03:00,1
2025-09-22T06:37:00.401121-03:00,5
2025-09-22T06:47:40.433991-03:00,5
2025-09-22T06:55:48.548457-03:00,5
2025-09-22T07:16:18.971042-03:00,5
2025-09-22T07:38:43.625127-03:00,5
2025-09-22T07:49:38.386758-03:00,5
2025-09-22T07:57:55.539850-03:00,5
2025-09-22T08:16:18.191281-03:00,5
2025-09-22T08:28:44.534476-03:00,5
2025-09-22T08:38:28.277309-03:00,5
2025-09-22T08:46:49.712580-03:00,5
2025-09-22T08:54:53.032200-03:00,5
2025-09-22T09:24:49.218495-03:00,1
2025-09-22T10:03:44.862464-03:00,1
2025-09-22T10:34:52.211782-03:00,2
2025-09-22T10:47:41.927479-03:00,3
2025-09-22T10:55:58.752596-03:00,3
2025-09-22T11:15:50.829358-03:00,2
2025-09-22T11:36:13.288764-03:00,2
2025-09-22T11:48:18.534162-03:00,2
2025-09-22T11:56:17.808435-03:00,4
2025-09-22T12:17:03.185993-03:00,1
2025-09-22T12:33:32.892556-03:00,5
2025-09-22T12:44:27.963569-03:00,1
2025-09-22T12:52:47.330254-03:00,3
2025-09-22T13:00:29.740106-03:00,3
2025-09-22T13:31:51.288615-03:00,1
2025-09-22T13:45:39.106923-03:00,3
2025-09-22T13:54:02.405882-03:00,3
2025-09-22T14:09:42.717687-03:00,3
2025-09-22T14:27:09.425658-03:00,6
2025-09-22T14:38:05.704790-03:00,2
2025-09-22T14:46:16.060268-03:00,2
2025-09-22T14:54:09.179611-03:00,4
2025-09-22T15:15:35.236544-03:00,3
2025-09-22T15:41:10.899148-03:00,5
2025-09-22T15:52:09.363508-03:00,3
2025-09-22T15:59:36.269266-03:00,3
2025-09-22T16:18:02.869657-03:00,5
2025-09-22T16:27:46.915477-03:00,8
2025-09-22T16:37:43.914298-03:00,6
2025-09-22T16:45:33.718596-03:00,6
2025-09-22T16:53:55.858809-03:00,6
2025-09-22T17:11:28.207616-03:00,10
2025-09-22T17:30:51.826133-03:00,10
2025-09-22T17:42:22.548952-03:00,2
2025-09-22T17:50:38.536248-03:00,5
2025-09-22T17:58:44.690452-03:00,5
2025-09-22T18:17:29.152684-03:00,6
2025-09-22T18:28:36.821919-03:00,5
2025-09-22T18:36:45.581970-03:00,7
2025-09-22T18:44:14.859622-03:00,7
2025-09-22T18:52:28.796539-03:00,9
2025-09-22T19:00:23.977673-03:00,9
2025-09-22T19:22:10.835629-03:00,7
2025-09-22T19:34:33.251143-03:00,7
2025-09-22T19:42:47.533648-03:00,3
2025-09-22T19:50:16.915399-03:00,5
2025-09-22T19:57:49.395768-03:00,5
2025-09-22T20:16:34.085675-03:00,3
2025-09-22T20:28:37.964502-03:00,3
2025-09-22T20:37:48.945272-03:00,3
2025-09-22T20:45:22.163974-03:00,3
2025-09-22T20:53:39.788597-03:00,3
2025-09-22T21:43:10.063938-03:00,2
2025-09-22T23:11:08.281369-03:00,10
2025-09-23T00:05:03.226418-03:00,5
2025-09-23T00:36:10.815744-03:00,5
2025-09-23T00:50:01.699735-03:00,5
2025-09-23T00:57:40.855938-03:00,5
2025-09-23T01:21:15.089420-03:00,5
2025-09-23T01:38:13.140603-03:00,1
2025-09-23T01:47:33.436872-03:00,1
2025-09-23T01:55:34.325338-03:00,5
2025-09-23T02:13:53.734503-03:00,5
2025-09-23T02:32:18.432021-03:00,5
2025-09-23T02:43:39.477985-03:00,5
2025-09-23T02:51:57.104185-03:00,5
2025-09-23T02:59:35.910562-03:00,5
2025-09-23T03:34:15.983530-03:00,5
2025-09-23T03:52:03.242471-03:00,5
2025-09-23T04:00:20.098816-03:00,5
2025-09-23T04:24:03.546563-03:00,5
2025-09-23T04:35:33.062091-03:00,5
2025-09-23T04:43:49.560321-03:00,5
2025-09-23T04:51:54.899476-03:00,5
2025-09-23T04:59:59.743165-03:00,5
2025-09-23T05:31:21.902954-03:00,5
2025-09-23T05:48:15.175596-03:00,5
2025-09-23T05:56:42.361709-03:00,5
2025-09-23T06:17:24.350467-03:00,5
2025-09-23T06:33:34.997504-03:00,5
2025-09-23T06:43:52.845221-03:00,5
2025-09-23T06:52:09.608016-03:00,5
2025-09-23T06:59:49.863959-03:00,5
2025-09-23T07:24:37.605754-03:00,5
2025-09-23T07:40:36.922097-03:00,5
2025-09-23T07:49:47.523753-03:00,5
2025-09-23T07:57:38.566965-03:00,5
2025-09-23T08:15:04.993206-03:00,5
2025-09-23T08:27:15.454292-03:00,3
2025-09-23T08:36:57.150706-03:00,5
2025-09-23T08:45:15.643254-03:00,5
2025-09-23T08:53:28.891773-03:00,2
2025-09-23T09:17:46.690684-03:00,1
2025-09-23T09:58:43.148697-03:00,2
2025-09-23T10:29:54.217894-03:00,3
2025-09-23T10:46:25.136046-03:00,3
2025-09-23T10:54:32.235636-03:00,1
2025-09-23T11:12:07.969839-03:00,1
2025-09-23T11:33:51.714170-03:00,1
2025-09-23T11:46:53.232799-03:00,1
2025-09-23T11:54:50.080002-03:00,3
2025-09-23T12:12:50.644939-03:00,2
2025-09-23T12:31:39.965826-03:00,2
2025-09-23T12:43:41.987362-03:00,1
2025-09-23T12:51:52.480474-03:00,2
2025-09-23T12:59:31.184248-03:00,2
2025-09-23T13:28:50.903855-03:00,5
2025-09-23T13:46:22.056178-03:00,4
2025-09-23T13:54:20.357513-03:00,6
2025-09-23T14:08:27.835946-03:00,5
2025-09-23T14:27:22.384358-03:00,5
2025-09-23T14:35:47.074210-03:00,6
2025-09-23T14:43:48.610256-03:00,6
2025-09-23T14:51:28.437852-03:00,6
2025-09-23T14:59:00.800817-03:00,6
2025-09-23T15:31:34.190501-03:00,6
2025-09-23T15:49:49.368085-03:00,7
2025-09-23T15:58:02.153760-03:00,7
2025-09-23T16:15:30.494245-03:00,9
2025-09-23T16:26:53.296039-03:00,12
2025-09-23T16:36:31.731242-03:00,12
2025-09-23T16:44:40.550721-03:00,12
2025-09-23T16:52:35.887536-03:00,11
2025-09-23T17:00:43.957664-03:00,11
2025-09-23T17:27:41.898586-03:00,8
2025-09-23T17:39:45.563313-03:00,11
2025-09-23T17:47:58.748439-03:00,11
2025-09-23T17:55:31.811266-03:00,8
2025-09-23T18:11:42.612916-03:00,11
2025-09-23T18:26:56.685900-03:00,4
2025-09-23T18:36:10.662446-03:00,9
2025-09-23T18:43:47.391321-03:00,9
2025-09-23T18:51:52.467004-03:00,5
2025-09-23T18:59:26.002064-03:00,5
2025-09-23T19:19:45.557468-03:00,4
2025-09-23T19:33:43.584387-03:00,5
2025-09-23T19:42:37.991646-03:00,5
2025-09-23T19:50:11.262789-03:00,5
2025-09-23T19:57:45.360243-03:00,5
2025-09-23T20:15:51.793872-03:00,3
2025-09-23T20:27:59.089582-03:00,3
2025-09-23T20:36:59.522544-03:00,4
2025-09-23T20:45:11.827169-03:00,4
2025-09-23T20:53:06.875029-03:00,3
2025-09-23T21:39:26.227396-03:00,1
2025-09-23T23:11:51.198100-03:00,15
2025-09-24T00:06:19.908302-03:00,3
2025-09-24T00:37:59.180735-03:00,3
2025-09-24T00:51:37.900324-03:00,3
2025-09-24T00:59:14.101332-03:00,3
2025-09-24T01:25:40.293188-03:00,3
2025-09-24T01:40:54.410851-03:00,3
2025-09-24T01:50:11.808283-03:00,3
2025-09-24T01:58:17.725004-03:00,3
2025-09-24T02:18:38.026215-03:00,3
2025-09-24T02:33:23.902308-03:00,3
2025-09-24T02:43:15.066336-03:00,3
2025-09-24T02:50:49.962645-03:00,3
2025-09-24T02:58:20.102678-03:00,3
2025-09-24T03:29:47.637376-03:00,3
2025-09-24T03:49:59.958030-03:00,3
2025-09-24T03:58:05.635092-03:00,3
2025-09-24T04:19:22.746762-03:00,3
2025-09-24T04:32:19.710425-03:00,3
2025-09-24T04:42:24.169896-03:00,3
2025-09-24T04:50:08.042437-03:00,3
2025-09-24T04:57:46.728646-03:00,3
2025-09-24T05:25:39.524719-03:00,3
2025-09-24T05:45:03.756613-03:00,3
2025-09-24T05:55:54.259775-03:00,3
2025-09-24T06:15:56.894222-03:00,3
2025-09-24T06:32:55.539131-03:00,3
2025-09-24T06:44:59.237218-03:00,3
2025-09-24T06:52:39.596876-03:00,3
2025-09-24T07:00:14.588965-03:00,3
2025-09-24T07:25:41.103695-03:00,3
2025-09-24T07:41:04.078806-03:00,3
2025-09-24T07:49:25.359367-03:00,3
2025-09-24T07:57:26.328893-03:00,3
2025-09-24T08:14:39.550409-03:00,3
2025-09-24T08:26:58.332980-03:00,3
2025-09-24T08:36:41.429453-03:00,3
2025-09-24T08:44:10.964041-03:00,3
2025-09-24T08:52:18.390657-03:00,3
2025-09-24T09:00:38.123160-03:00,3
2025-09-24T09:52:24.818786-03:00,1
2025-09-24T10:19:48.655541-03:00,3
2025-09-24T10:41:25.252896-03:00,1
2025-09-24T10:51:14.985443-03:00,2
2025-09-24T10:59:25.994510-03:00,2
2025-09-24T11:20:04.208183-03:00,3
2025-09-24T11:36:31.946087-03:00,1
2025-09-24T11:45:37.180854-03:00,1
2025-09-24T11:53:52.831297-03:00,3
2025-09-24T12:10:09.748237-03:00,3
2025-09-24T12:30:37.961868-03:00,4
2025-09-24T12:43:39.849178-03:00,4
2025-09-24T12:51:15.500375-03:00,3
2025-09-24T12:58:45.910756-03:00,3
2025-09-24T13:27:30.200952-03:00,5
2025-09-24T13:46:38.536405-03:00,9
2025-09-24T13:56:28.212280-03:00,9
2025-09-24T14:13:58.250247-03:00,4
2025-09-24T14:31:13.675414-03:00,4
2025-09-24T14:42:40.978372-03:00,8
2025-09-24T14:50:39.919850-03:00,11
2025-09-24T14:58:08.100598-03:00,11
2025-09-24T15:26:14.894155-03:00,6
2025-09-24T15:44:54.203096-03:00,8
2025-09-24T15:53:24.791151-03:00,11
2025-09-24T16:07:41.772031-03:00,5
2025-09-24T16:22:54.763458-03:00,5
2025-09-24T16:31:15.533865-03:00,5
2025-09-24T16:40:00.253784-03:00,7
2025-09-24T16:48:19.341086-03:00,7
2025-09-24T16:56:19.514818-03:00,7
2025-09-24T17:17:22.345576-03:00,6
2025-09-24T17:32:42.711976-03:00,10
2025-09-24T17:40:58.614962-03:00,8
2025-09-24T17:49:21.500280-03:00,8
2025-09-24T17:56:55.288222-03:00,7
2025-09-24T18:14:46.948268-03:00,8
2025-09-24T18:27:54.257977-03:00,8
2025-09-24T18:37:32.728922-03:00,7
2025-09-24T18:45:05.640722-03:00,7
2025-09-24T18:53:15.285978-03:00,6
2025-09-24T19:08:09.171063-03:00,11
2025-09-24T19:28:17.121488-03:00,11
2025-09-24T19:37:56.094702-03:00,5
2025-09-24T19:45:50.135670-03:00,5
2025-09-24T19:53:30.837762-03:00,5
2025-09-24T20:08:43.046162-03:00,5
2025-09-24T20:25:15.611441-03:00,2
2025-09-24T20:34:29.452846-03:00,2
2025-09-24T20:42:09.342025-03:00,4
2025-09-24T20:49:53.115769-03:00,4
2025-09-24T20:57:40.949177-03:00,4
2025-09-24T22:21:32.902015-03:00,4
2025-09-24T23:41:32.941475-03:00,14
2025-09-25T00:24:44.097967-03:00,2
2025-09-25T00:46:33.831679-03:00,8
2025-09-25T00:55:05.342248-03:00,8
2025-09-25T01:15:45.077459-03:00,8
2025-09-25T01:35:59.080779-03:00,8
2025-09-25T01:46:52.162165-03:00,8
2025-09-25T01:54:52.787536-03:00,8
2025-09-25T02:12:53.818339-03:00,8
2025-09-25T02:31:37.520330-03:00,8
2025-09-25T02:42:44.480659-03:00,8
2025-09-25T02:50:58.441152-03:00,8
2025-09-25T02:58:34.219275-03:00,8
2025-09-25T03:31:01.924231-03:00,2
2025-09-25T03:50:54.597541-03:00,8
2025-09-25T03:59:02.616778-03:00,8
2025-09-25T04:21:15.163117-03:00,8
2025-09-25T04:32:41.611610-03:00,8
2025-09-25T04:42:54.615697-03:00,2
2025-09-25T04:50:46.835428-03:00,8
2025-09-25T04:58:14.872521-03:00,8
2025-09-25T05:26:53.094136-03:00,1
2025-09-25T05:45:52.419478-03:00,8
2025-09-25T05:56:46.124043-03:00,8
2025-09-25T06:17:27.221305-03:00,8
2025-09-25T06:33:34.409160-03:00,8
2025-09-25T06:44:11.401486-03:00,8
2025-09-25T06:52:04.120428-03:00,8
2025-09-25T06:59:44.896769-03:00,8
2025-09-25T07:24:38.675425-03:00,2
2025-09-25T07:40:42.673351-03:00,8
2025-09-25T07:49:18.560147-03:00,8
2025-09-25T07:57:34.612079-03:00,1
2025-09-25T08:15:57.198360-03:00,8
2025-09-25T08:28:11.174644-03:00,8
2025-09-25T08:37:32.557833-03:00,8
2025-09-25T08:45:39.709984-03:00,8
2025-09-25T08:53:57.142031-03:00,8
2025-09-25T09:20:58.195751-03:00,2
2025-09-25T10:01:39.421223-03:00,2
2025-09-25T10:34:46.102995-03:00,3
2025-09-25T10:47:49.850479-03:00,1
2025-09-25T10:55:55.733754-03:00,1
2025-09-25T11:15:13.667373-03:00,1
2025-09-25T11:36:52.350490-03:00,1
2025-09-25T11:49:20.745793-03:00,1
2025-09-25T11:57:24.580192-03:00,1
2025-09-25T12:19:21.687277-03:00,1
2025-09-25T12:35:43.464056-03:00,1
2025-09-25T12:46:19.726490-03:00,1
2025-09-25T12:54:12.433631-03:00,1
2025-09-25T13:13:08.067910-03:00,3
2025-09-25T13:37:33.303640-03:00,12
2025-09-25T13:51:52.859947-03:00,10
2025-09-25T13:59:35.163767-03:00,10
2025-09-25T14:19:20.892730-03:00,7
2025-09-25T14:32:56.675008-03:00,7
2025-09-25T14:41:49.387120-03:00,11
2025-09-25T14:49:58.950778-03:00,11
2025-09-25T14:57:53.313243-03:00,8
2025-09-25T15:27:55.432496-03:00,11
2025-09-25T15:48:26.787253-03:00,14
2025-09-25T15:56:10.471519-03:00,8
2025-09-25T16:12:14.333114-03:00,10
2025-09-25T16:25:15.797833-03:00,13
2025-09-25T16:34:54.875251-03:00,13
2025-09-25T16:43:07.637507-03:00,9
2025-09-25T16:50:58.190448-03:00,11
2025-09-25T16:59:00.923310-03:00,11
2025-09-25T17:23:42.242447-03:00,9
2025-09-25T17:36:56.250073-03:00,13
2025-09-25T17:44:52.554019-03:00,13
2025-09-25T17:52:47.088298-03:00,8
2025-09-25T18:00:25.604671-03:00,8
2025-09-25T18:20:04.817002-03:00,8
2025-09-25T18:28:12.405567-03:00,6
2025-09-25T18:37:43.710328-03:00,11
2025-09-25T18:46:00.141281-03:00,11
2025-09-25T18:53:35.657449-03:00,12
2025-09-25T19:07:51.773301-03:00,10
2025-09-25T19:27:40.150600-03:00,9
2025-09-25T19:38:37.741667-03:00,10
2025-09-25T19:46:51.088544-03:00,10
2025-09-25T19:54:50.406115-03:00,8
2025-09-25T20:11:07.167047-03:00,4
2025-09-25T20:26:19.310145-03:00,5
2025-09-25T20:35:48.596409-03:00,8
2025-09-25T20:43:20.146795-03:00,8
2025-09-25T20:51:27.723118-03:00,4
2025-09-25T20:59:06.200634-03:00,4
2025-09-25T22:41:17.294458-03:00,3
2025-09-25T23:49:11.723814-03:00,5
2025-09-26T00:23:53.996314-03:00,5
2025-09-26T00:44:38.354650-03:00,3
2025-09-26T00:53:39.842059-03:00,1
2025-09-26T01:11:55.113754-03:00,1
2025-09-26T01:33:39.772722-03:00,4
2025-09-26T01:45:09.688182-03:00,3
2025-09-26T01:52:51.328057-03:00,4
2025-09-26T02:01:21.523115-03:00,4
2025-09-26T02:25:16.814500-03:00,6
2025-09-26T02:38:25.403820-03:00,10
2025-09-26T02:46:44.915655-03:00,10
2025-09-26T02:54:34.787432-03:00,10
2025-09-26T03:17:26.055650-03:00,5
2025-09-26T03:44:29.388862-03:00,3
2025-09-26T03:55:30.572095-03:00,3
2025-09-26T04:13:28.938899-03:00,2
2025-09-26T04:29:07.200487-03:00,7
2025-09-26T04:39:24.164813-03:00,2
2025-09-26T04:47:35.559317-03:00,2
2025-09-26T04:55:18.835595-03:00,3
2025-09-26T05:19:00.578590-03:00,5
2025-09-26T05:41:39.049533-03:00,3
2025-09-26T05:53:30.304334-03:00,3
2025-09-26T06:10:28.649345-03:00,4
2025-09-26T06:30:45.679958-03:00,3
2025-09-26T06:42:00.666908-03:00,6
2025-09-26T06:50:06.850706-03:00,6
2025-09-26T06:57:51.287400-03:00,2
2025-09-26T07:19:31.769148-03:00,3
2025-09-26T07:38:27.218495-03:00,4
2025-09-26T07:46:59.817294-03:00,4
2025-09-26T07:54:29.032298-03:00,2
2025-09-26T08:09:43.910516-03:00,5
2025-09-26T08:24:57.685804-03:00,2
2025-09-26T08:34:15.612257-03:00,2
2025-09-26T08:41:51.875360-03:00,14
2025-09-26T08:50:00.484624-03:00,14
2025-09-26T08:57:30.700840-03:00,14
2025-09-26T09:37:27.810491-03:00,14
2025-10-03T10:43:25.974823-03:00,3
2025-10-03T10:55:59.933951-03:00,2
2025-10-03T11:19:38.834401-03:00,3
2025-10-03T11:37:49.255390-03:00,3
2025-10-03T11:49:11.450040-03:00,3
2025-10-03T12:00:15.157011-03:00,5
2025-10-03T12:26:31.405425-03:00,7
2025-10-03T12:41:05.280050-03:00,8
2025-10-03T12:56:33.507985-03:00,8
2025-10-03T13:27:03.294697-03:00,9
2025-10-03T13:45:37.781012-03:00,8
2025-10-03T13:56:29.912955-03:00,12
2025-10-03T14:18:26.805159-03:00,8
2025-10-03T14:32:17.475457-03:00,12
2025-10-03T14:46:36.256388-03:00,8
2025-10-03T14:57:13.345635-03:00,9
2025-10-03T15:33:30.353237-03:00,9
2025-10-03T15:50:31.910126-03:00,12
2025-10-03T16:15:08.332864-03:00,12
2025-10-03T16:25:55.144392-03:00,11
2025-10-03T16:38:09.948895-03:00,12
2025-10-03T16:49:32.104586-03:00,12
2025-10-03T17:00:31.675216-03:00,14
2025-10-03T17:29:25.889782-03:00,15
2025-10-03T17:42:29.724918-03:00,17
2025-10-03T17:55:47.659626-03:00,15
2025-10-03T18:16:59.274533-03:00,7
2025-10-03T18:28:54.730632-03:00,11
2025-10-03T18:40:09.443455-03:00,8
2025-10-03T18:50:59.631417-03:00,10
2025-10-03T19:17:16.367024-03:00,11
2025-10-03T19:32:12.826955-03:00,15
2025-10-03T19:46:27.556661-03:00,6
2025-10-03T19:56:53.913018-03:00,8
2025-10-03T20:19:46.124675-03:00,5
2025-10-03T20:30:54.590126-03:00,7
2025-10-03T20:46:23.611045-03:00,6
2025-10-03T20:57:10.464590-03:00,7
2025-10-03T22:44:35.507080-03:00,6
2025-10-03T23:41:26.265819-03:00,4
2025-10-04T00:15:26.029249-03:00,2
2025-10-04T00:37:36.479101-03:00,1
2025-10-04T00:48:38.466115-03:00,1
2025-10-04T00:59:17.156128-03:00,3
2025-10-04T01:29:13.697459-03:00,4
2025-10-04T01:42:49.425792-03:00,3
2025-10-04T01:56:29.378904-03:00,4
2025-10-04T02:19:36.577797-03:00,4
2025-10-04T02:34:14.529084-03:00,6
2025-10-04T02:46:21.828218-03:00,2
2025-10-04T02:57:46.101760-03:00,2
2025-10-04T03:33:17.986662-03:00,3
2025-10-04T03:48:57.122738-03:00,2
2025-10-04T03:59:37.199116-03:00,3
2025-10-04T04:21:21.227463-03:00,5
2025-10-04T04:37:11.169762-03:00,3
2025-10-04T04:48:03.146181-03:00,3
2025-10-04T04:58:35.094183-03:00,4
2025-10-04T05:29:11.343112-03:00,3
2025-10-04T05:44:28.423834-03:00,2
2025-10-04T05:55:56.138615-03:00,1
2025-10-04T06:19:06.212132-03:00,4
2025-10-04T06:30:20.724863-03:00,5
2025-10-04T06:45:59.747837-03:00,3
2025-10-04T06:56:44.267117-03:00,3
2025-10-04T07:20:29.519558-03:00,3
2025-10-04T07:38:43.288153-03:00,5
2025-10-04T07:49:23.151358-03:00,5
2025-10-04T07:59:51.630978-03:00,3
2025-10-04T08:18:38.448063-03:00,4
2025-10-04T08:29:10.240534-03:00,5
2025-10-04T08:40:23.727137-03:00,1
2025-10-04T08:55:54.441332-03:00,2
2025-10-04T09:38:14.234896-03:00,10
2025-10-04T10:02:16.698993-03:00,1
2025-10-04T10:27:51.256859-03:00,5
2025-10-04T10:39:19.291633-03:00,4
2025-10-04T10:49:44.593064-03:00,4
2025-10-04T11:00:36.599759-03:00,1
2025-10-04T11:26:26.007992-03:00,4
2025-10-04T11:38:07.429609-03:00,4
2025-10-04T11:49:17.226572-03:00,4
2025-10-04T12:00:25.329863-03:00,7
2025-10-04T12:24:36.415086-03:00,6
2025-10-04T12:37:14.089049-03:00,1
2025-10-04T12:48:19.927762-03:00,1
2025-10-04T12:59:01.270189-03:00,2
2025-10-04T13:28:33.352797-03:00,4
2025-10-04T13:43:30.696078-03:00,2
2025-10-04T13:56:24.773953-03:00,11
2025-10-04T14:16:36.045886-03:00,6
2025-10-04T14:29:28.266135-03:00,6
2025-10-04T14:40:13.561050-03:00,6
2025-10-04T14:51:14.023099-03:00,8
2025-10-04T15:25:16.727811-03:00,9
2025-10-04T15:44:09.878981-03:00,11
2025-10-04T15:56:02.378526-03:00,13
2025-10-04T16:15:10.389718-03:00,10
2025-10-04T16:25:49.304210-03:00,11
2025-10-04T16:37:41.393857-03:00,10
2025-10-04T16:48:40.534193-03:00,10
2025-10-04T16:59:06.321874-03:00,11
2025-10-04T17:25:26.403264-03:00,6
2025-10-04T17:38:09.010295-03:00,15
2025-10-04T17:49:13.970907-03:00,15
2025-10-04T18:00:05.760286-03:00,9
2025-10-04T18:20:56.122675-03:00,12
2025-10-04T18:37:02.551543-03:00,8
2025-10-04T18:48:15.918900-03:00,8
2025-10-04T18:58:46.683577-03:00,8
2025-10-04T19:22:31.422979-03:00,9
2025-10-04T19:38:24.032185-03:00,4
2025-10-04T19:49:37.370061-03:00,4
2025-10-04T20:00:43.202289-03:00,13
2025-10-04T20:24:08.767954-03:00,9
2025-10-04T20:37:18.913821-03:00,10
2025-10-04T20:48:33.691461-03:00,10
2025-10-04T20:59:39.736244-03:00,4
2025-10-04T23:06:47.260304-03:00,2
2025-10-05T00:13:10.492138-03:00,4
2025-10-05T00:43:59.676016-03:00,4
2025-10-05T00:55:56.828768-03:00,4
2025-10-05T01:23:29.545224-03:00,4
2025-10-05T01:40:17.106147-03:00,4
2025-10-05T01:50:47.395876-03:00,3
2025-10-05T02:17:46.220879-03:00,2
2025-10-05T02:32:32.609717-03:00,5
2025-10-05T02:46:02.355208-03:00,5
2025-10-05T02:56:53.854988-03:00,4
2025-10-05T03:31:26.446777-03:00,7
2025-10-05T03:48:37.787855-03:00,7
2025-10-05T03:59:30.736095-03:00,5
2025-10-05T04:21:42.386181-03:00,9
2025-10-05T04:37:11.127310-03:00,3
2025-10-05T04:48:16.939883-03:00,3
2025-10-05T04:59:22.442107-03:00,10
2025-10-05T05:29:17.401350-03:00,9
2025-10-05T05:43:43.168497-03:00,4
2025-10-05T05:55:43.859011-03:00,3
2025-10-05T06:17:50.739794-03:00,4
2025-10-05T06:29:50.380736-03:00,4
2025-10-05T06:40:54.588704-03:00,3
2025-10-05T06:56:04.562682-03:00,6
2025-10-05T07:19:40.714952-03:00,5
2025-10-05T07:35:17.387970-03:00,3
2025-10-05T07:46:24.671012-03:00,3
2025-10-05T07:57:17.196364-03:00,4
2025-10-05T08:17:23.270577-03:00,5
2025-10-05T08:28:15.828115-03:00,5
2025-10-05T08:39:52.151858-03:00,4
2025-10-05T08:50:41.934280-03:00,1
2025-10-05T09:35:55.941421-03:00,5
2025-10-05T10:02:01.904910-03:00,4
2025-10-05T10:28:11.498361-03:00,2
2025-10-05T10:39:48.126152-03:00,4
2025-10-05T10:50:52.810720-03:00,1
2025-10-05T11:15:37.513529-03:00,11
2025-10-05T11:31:07.763568-03:00,1
2025-10-05T11:45:58.295562-03:00,3
2025-10-05T11:56:28.637576-03:00,5
2025-10-05T12:19:08.576217-03:00,5
2025-10-05T12:30:31.180235-03:00,5
2025-10-05T12:46:13.188909-03:00,8
2025-10-05T12:56:34.130685-03:00,5
2025-10-05T13:24:53.499993-03:00,5
2025-10-05T13:41:09.736387-03:00,5
2025-10-05T13:56:26.669652-03:00,6
2025-10-05T14:17:03.973910-03:00,5
2025-10-05T14:30:06.036155-03:00,7
2025-10-05T14:41:18.706460-03:00,5
2025-10-05T14:56:29.283361-03:00,5
2025-10-05T15:28:39.622488-03:00,6
2025-10-05T15:45:29.848839-03:00,2
2025-10-05T15:56:44.888408-03:00,2
2025-10-05T16:16:19.541201-03:00,3
2025-10-05T16:27:26.219809-03:00,4
2025-10-05T16:39:09.792152-03:00,8
2025-10-05T16:50:14.081733-03:00,3
2025-10-05T17:19:25.966591-03:00,4
2025-10-05T17:32:50.705835-03:00,7
2025-10-05T17:46:31.149361-03:00,3
2025-10-05T17:57:17.904647-03:00,8
2025-10-05T18:19:20.906932-03:00,1
2025-10-05T18:30:12.481149-03:00,3
2025-10-05T18:41:16.718137-03:00,2
2025-10-05T18:55:47.189174-03:00,3
2025-10-05T19:17:59.213680-03:00,6
2025-10-05T19:32:49.611436-03:00,3
2025-10-05T19:45:57.763376-03:00,6
2025-10-05T19:56:34.876309-03:00,4
2025-10-05T20:17:57.099835-03:00,3
2025-10-05T20:28:22.247065-03:00,6
2025-10-05T20:40:01.687404-03:00,5
2025-10-05T20:51:03.146246-03:00,3
2025-10-05T22:27:02.772179-03:00,12
2025-10-05T23:49:11.382619-03:00,2
2025-10-06T00:27:07.460533-03:00,4
2025-10-06T00:49:19.893562-03:00,4
2025-10-06T01:00:22.543187-03:00,4
2025-10-06T01:32:10.100258-03:00,1
2025-10-06T01:47:09.778810-03:00,2
2025-10-06T01:57:45.555665-03:00,4
2025-10-06T02:25:11.610087-03:00,4
2025-10-06T02:40:23.574003-03:00,4
2025-10-06T02:55:53.652780-03:00,3
2025-10-06T03:33:17.080118-03:00,2
2025-10-06T03:53:13.713958-03:00,6
2025-10-06T04:20:27.134340-03:00,6
2025-10-06T04:39:35.175155-03:00,6
2025-10-06T04:50:17.777164-03:00,6
2025-10-06T05:27:12.883959-03:00,6
2025-10-06T05:48:01.917361-03:00,6
2025-10-06T05:58:30.427264-03:00,6
2025-10-06T06:30:38.696432-03:00,6
2025-10-06T06:47:10.679392-03:00,6
2025-10-06T06:57:37.748283-03:00,6
2025-10-06T07:28:10.399063-03:00,6
2025-10-06T07:44:33.123783-03:00,6
2025-10-06T07:56:10.550643-03:00,6
2025-10-06T08:18:12.841353-03:00,6
2025-10-06T08:30:04.310534-03:00,1
2025-10-06T08:41:23.103582-03:00,6
2025-10-06T08:56:21.064354-03:00,2
2025-10-06T09:47:53.883506-03:00,1
2025-10-06T10:20:12.268476-03:00,1
2025-10-06T10:43:00.053314-03:00,2
2025-10-06T10:56:18.610820-03:00,3
2025-10-06T11:22:40.893116-03:00,5
2025-10-06T11:43:10.302933-03:00,1
2025-10-06T11:56:14.365622-03:00,3
2025-10-06T12:22:53.218784-03:00,2
2025-10-06T12:40:35.129291-03:00,4
2025-10-06T12:56:19.124945-03:00,1
2025-10-06T13:27:55.537148-03:00,5
2025-10-06T13:47:40.721438-03:00,4
2025-10-06T13:58:30.940577-03:00,9
2025-10-06T14:23:29.155442-03:00,4
2025-10-06T14:39:36.192213-03:00,13
2025-10-06T14:50:33.439165-03:00,2
2025-10-06T15:29:36.596519-03:00,5
2025-10-06T15:49:59.319074-03:00,7
2025-10-06T16:01:30.507874-03:00,2
2025-10-06T16:23:08.225222-03:00,6
2025-10-06T16:38:02.987564-03:00,3
2025-10-06T16:49:17.235850-03:00,3
2025-10-06T17:00:23.745269-03:00,11
2025-10-06T17:30:09.585498-03:00,6
2025-10-06T17:44:19.484500-03:00,3
2025-10-06T17:55:52.151893-03:00,6
2025-10-06T18:18:17.498827-03:00,4
2025-10-06T18:30:47.456408-03:00,8
2025-10-06T18:46:26.264797-03:00,9
2025-10-06T18:57:17.182728-03:00,3
2025-10-06T19:21:28.862005-03:00,7
2025-10-06T19:39:10.464514-03:00,7
2025-10-06T19:50:13.189862-03:00,7
2025-10-06T20:07:54.743013-03:00,2
2025-10-06T20:26:16.972108-03:00,4
2025-10-06T20:38:20.639035-03:00,3
2025-10-06T20:49:27.696359-03:00,3
2025-10-06T21:00:01.742418-03:00,3
2025-10-06T22:56:56.339392-03:00,4
2025-10-07T00:00:58.166098-03:00,1
2025-10-07T00:37:54.067404-03:00,6
2025-10-07T00:52:14.628056-03:00,3
2025-10-07T01:23:50.495921-03:00,2
2025-10-07T01:42:08.472165-03:00,6
2025-10-07T01:56:26.231518-03:00,6
2025-10-07T02:21:00.476237-03:00,1
2025-10-07T02:40:15.819301-03:00,6
2025-10-07T02:50:54.097548-03:00,6
2025-10-07T03:29:51.312205-03:00,6
2025-10-07T03:51:02.166169-03:00,6
2025-10-07T04:19:14.944628-03:00,6
2025-10-07T04:32:15.522488-03:00,6
2025-10-07T04:45:46.731554-03:00,6
2025-10-07T04:56:19.282523-03:00,6
2025-10-07T05:30:02.644010-03:00,6
2025-10-07T05:49:21.544878-03:00,6
2025-10-07T05:59:43.271001-03:00,6
2025-10-07T06:28:19.516098-03:00,6
2025-10-07T06:44:02.338465-03:00,6
2025-10-07T06:56:09.214856-03:00,6
2025-10-07T07:22:54.627428-03:00,2
2025-10-07T07:42:34.321311-03:00,6
2025-10-07T07:56:20.827630-03:00,6
2025-10-07T08:18:23.559050-03:00,6
2025-10-07T08:30:04.436900-03:00,6
2025-10-07T08:41:51.977312-03:00,6
2025-10-07T08:56:01.873359-03:00,6
2025-10-07T09:44:52.104966-03:00,2
2025-10-07T10:20:03.093005-03:00,7
2025-10-07T10:43:07.523004-03:00,3
2025-10-07T10:56:44.265977-03:00,3
2025-10-07T11:24:00.174256-03:00,4
2025-10-07T11:44:38.430874-03:00,2
2025-10-07T11:56:10.407701-03:00,3
2025-10-07T12:24:27.392999-03:00,6
2025-10-07T12:42:00.968410-03:00,5
2025-10-07T12:56:35.216081-03:00,1
2025-10-07T13:28:34.614029-03:00,4
2025-10-07T13:48:06.623430-03:00,4
2025-10-07T13:58:32.672978-03:00,2
2025-10-07T14:24:09.315151-03:00,11
2025-10-07T14:39:53.101359-03:00,10
2025-10-07T14:50:58.886237-03:00,4
2025-10-07T15:29:37.788972-03:00,8
2025-10-07T15:50:45.548389-03:00,6
2025-10-07T16:15:52.034287-03:00,10
2025-10-07T16:27:47.506703-03:00,9
2025-10-07T16:40:10.175973-03:00,11
2025-10-07T16:51:11.256925-03:00,6
2025-10-07T17:21:05.812097-03:00,9
2025-10-07T17:40:34.497986-03:00,12
2025-10-07T17:56:20.167320-03:00,6
2025-10-07T18:19:03.696664-03:00,6
2025-10-07T18:30:28.907965-03:00,5
2025-10-07T18:46:04.581714-03:00,6
2025-10-07T18:57:16.016623-03:00,5
2025-10-07T19:21:55.159066-03:00,2
2025-10-07T19:39:30.494157-03:00,5
2025-10-07T19:50:23.257155-03:00,3
2025-10-07T20:17:21.537590-03:00,3
2025-10-07T20:29:25.102322-03:00,4
2025-10-07T20:40:46.440541-03:00,3
2025-10-07T20:55:54.462695-03:00,3
2025-10-07T22:39:00.383489-03:00,5
2025-10-07T23:47:10.638506-03:00,4
2025-10-08T00:21:52.630097-03:00,8
2025-10-08T00:46:37.662255-03:00,8
2025-10-08T00:57:09.462891-03:00,8
2025-10-08T01:27:56.065844-03:00,1
2025-10-08T01:44:37.085635-03:00,2
2025-10-08T01:55:47.845402-03:00,2
2025-10-08T02:20:11.122911-03:00,8
2025-10-08T02:37:37.810568-03:00,8
2025-10-08T02:48:49.986614-03:00,8
2025-10-08T02:59:28.596499-03:00,8
2025-10-08T03:38:58.758474-03:00,8
2025-10-08T03:53:30.018652-03:00,8
2025-10-08T04:18:54.576150-03:00,8
2025-10-08T04:31:48.160021-03:00,8
2025-10-08T04:46:33.116068-03:00,8
2025-10-08T04:57:20.071257-03:00,8
2025-10-08T05:33:03.263793-03:00,8
2025-10-08T05:52:27.033614-03:00,8
2025-10-08T06:21:04.821811-03:00,8
2025-10-08T06:41:09.134095-03:00,8
2025-10-08T06:55:49.377180-03:00,8
2025-10-08T07:21:50.292145-03:00,8
2025-10-08T07:42:52.662586-03:00,8
2025-10-08T07:56:25.644091-03:00,2
2025-10-08T08:18:10.735944-03:00,8
2025-10-08T08:29:42.263127-03:00,1
2025-10-08T08:41:30.700508-03:00,8
2025-10-08T08:55:50.859519-03:00,8
2025-10-08T09:44:08.563940-03:00,8
2025-10-08T10:19:56.200088-03:00,1
2025-10-08T10:43:00.590306-03:00,4
2025-10-08T10:56:09.598708-03:00,1
2025-10-08T11:22:54.958672-03:00,1
2025-10-08T11:44:53.307039-03:00,1
2025-10-08T11:55:59.924018-03:00,2
2025-10-08T12:23:04.299129-03:00,4
2025-10-08T12:41:59.835072-03:00,3
2025-10-08T12:56:32.871006-03:00,2
2025-10-08T13:28:43.127413-03:00,2
2025-10-08T13:47:55.710775-03:00,2
2025-10-08T13:58:30.234852-03:00,6
2025-10-08T14:23:54.213371-03:00,6
2025-10-08T14:40:24.059608-03:00,3
2025-10-08T14:56:21.990975-03:00,3
2025-10-08T15:33:43.489524-03:00,7
2025-10-08T15:53:03.020881-03:00,9
2025-10-08T16:15:44.608492-03:00,9
2025-10-08T16:27:39.040443-03:00,8
2025-10-08T16:40:10.461623-03:00,10
2025-10-08T16:51:10.780445-03:00,4
2025-10-08T17:21:20.887481-03:00,6
2025-10-08T17:40:32.486193-03:00,9
2025-10-08T17:56:28.340094-03:00,7
2025-10-08T18:19:46.045434-03:00,10
2025-10-08T18:30:58.224811-03:00,5
2025-10-08T18:46:24.335147-03:00,8
2025-10-08T18:57:00.001690-03:00,9
2025-10-08T19:22:17.021384-03:00,6
2025-10-08T19:40:11.575350-03:00,9
2025-10-08T19:50:50.116975-03:00,5
2025-10-08T20:17:28.741504-03:00,3
2025-10-08T20:29:49.120800-03:00,4
2025-10-08T20:41:21.747186-03:00,3
2025-10-08T20:55:54.326167-03:00,3
2025-10-08T22:39:18.517498-03:00,2
2025-10-08T23:49:42.112474-03:00,14
2025-10-09T00:24:57.155451-03:00,1
2025-10-09T00:48:01.242270-03:00,2
2025-10-09T00:59:14.234766-03:00,7
2025-10-09T01:30:57.512949-03:00,7
2025-10-09T01:48:29.239706-03:00,7
2025-10-09T01:59:16.194283-03:00,7
2025-10-09T02:26:44.915649-03:00,7
2025-10-09T02:41:56.976822-03:00,7
2025-10-09T02:56:18.672738-03:00,7
2025-10-09T03:34:16.875599-03:00,7
2025-10-09T03:53:35.677517-03:00,7
2025-10-09T04:19:01.422550-03:00,7
2025-10-09T04:32:19.996093-03:00,7
2025-10-09T04:46:40.937892-03:00,7
2025-10-09T04:57:38.066229-03:00,7
2025-10-09T05:34:00.122292-03:00,7
2025-10-09T05:52:11.776506-03:00,7
2025-10-09T06:21:04.876140-03:00,7
2025-10-09T06:40:58.432776-03:00,7
2025-10-09T06:56:18.701590-03:00,7
2025-10-09T07:24:21.419453-03:00,7
2025-10-09T07:43:44.101847-03:00,7
2025-10-09T07:56:10.011245-03:00,7
2025-10-09T08:18:35.802736-03:00,7
2025-10-09T08:31:05.835995-03:00,7
2025-10-09T08:45:55.170899-03:00,7
2025-10-09T08:56:43.180620-03:00,7
2025-10-09T09:49:42.781113-03:00,1
2025-10-09T10:22:35.409560-03:00,4
2025-10-09T10:57:52.355710-03:00,2
2025-10-09T11:27:05.454630-03:00,3
2025-10-09T12:05:46.004275-03:00,4
2025-10-09T12:24:08.815143-03:00,1
2025-10-09T12:30:48.847220-03:00,1
2025-10-09T12:50:40.361307-03:00,4
2025-10-09T13:26:54.939940-03:00,4
2025-10-09T13:49:16.560035-03:00,6
2025-10-09T14:00:25.646725-03:00,7
2025-10-09T14:28:59.817324-03:00,4
2025-10-09T14:43:38.554629-03:00,4
2025-10-09T14:55:58.598153-03:00,9
2025-10-09T15:30:54.545968-03:00,11
2025-10-09T15:52:09.142565-03:00,10
2025-10-09T16:16:55.878295-03:00,12
2025-10-09T16:28:38.861790-03:00,10
2025-10-09T16:40:41.180257-03:00,5
2025-10-09T16:55:45.310705-03:00,10
2025-10-09T17:23:32.834535-03:00,4
2025-10-09T17:40:53.352520-03:00,10
2025-10-09T17:55:58.162670-03:00,5
2025-10-09T18:18:42.724025-03:00,11
2025-10-09T18:31:43.024035-03:00,8
2025-10-09T18:46:27.582355-03:00,6
2025-10-09T18:57:35.238265-03:00,9
2025-10-09T19:22:52.651066-03:00,5
2025-10-09T19:39:48.209887-03:00,7
2025-10-09T19:50:55.017429-03:00,11
2025-10-09T20:17:36.721825-03:00,5
2025-10-09T20:30:13.324020-03:00,6
2025-10-09T20:41:36.125090-03:00,3
2025-10-09T20:56:24.169473-03:00,2
2025-10-09T22:44:17.011648-03:00,15
2025-10-09T23:53:50.724562-03:00,15
2025-10-10T00:32:36.922012-03:00,7
2025-10-10T00:52:08.301116-03:00,7
2025-10-10T01:23:43.619597-03:00,7
2025-10-10T01:42:52.000638-03:00,7
2025-10-10T01:56:24.714439-03:00,7
2025-10-10T02:21:34.097991-03:00,7
2025-10-10T02:56:09.069339-03:00,7
2025-10-10T03:32:56.841077-03:00,7
2025-10-10T03:53:08.436459-03:00,7
2025-10-10T04:18:54.453608-03:00,7
2025-10-10T04:32:04.124140-03:00,7
2025-10-10T04:45:55.265017-03:00,7
2025-10-10T04:56:54.797158-03:00,7
2025-10-10T05:31:00.943918-03:00,7
2025-10-10T05:51:52.700029-03:00,7
2025-10-10T06:21:37.548874-03:00,7
2025-10-10T06:40:36.714430-03:00,7
2025-10-10T06:56:00.307595-03:00,7
2025-10-10T07:23:13.377856-03:00,7
2025-10-10T07:42:41.712199-03:00,7
2025-10-10T07:56:24.496456-03:00,7
2025-10-10T08:19:04.981076-03:00,7
2025-10-10T08:30:25.903919-03:00,4
2025-10-10T08:46:01.149383-03:00,3
2025-10-10T08:56:49.096768-03:00,3
2025-10-10T09:48:37.190043-03:00,3
2025-10-10T10:19:15.550780-03:00,4
2025-10-10T10:41:16.095409-03:00,7
2025-10-10T10:56:30.979808-03:00,9
2025-10-10T11:22:02.446371-03:00,9
2025-10-10T11:42:42.187773-03:00,8
2025-10-10T11:56:42.582366-03:00,7
2025-10-10T12:22:45.542451-03:00,13
2025-10-10T12:39:41.129455-03:00,11
2025-10-10T12:50:53.422960-03:00,10
2025-10-10T13:24:29.241873-03:00,11
2025-10-10T13:45:48.184509-03:00,9
2025-10-10T13:56:23.020478-03:00,9
2025-10-10T14:19:41.429862-03:00,11
2025-10-10T14:34:16.484926-03:00,13
2025-10-10T14:46:06.601386-03:00,14
2025-10-10T14:56:39.845841-03:00,13
2025-10-10T15:32:37.274305-03:00,11
2025-10-10T15:51:04.526420-03:00,11
2025-10-10T16:15:54.482324-03:00,11
2025-10-10T16:27:51.488397-03:00,5
2025-10-10T16:39:52.841269-03:00,12
2025-10-10T16:51:06.057699-03:00,16
2025-10-10T17:21:10.314195-03:00,6
2025-10-10T17:40:22.683170-03:00,8
2025-10-10T17:56:04.630732-03:00,9
2025-10-10T18:18:05.840874-03:00,8
2025-10-10T18:29:52.486688-03:00,7
2025-10-10T18:41:09.648658-03:00,8
2025-10-10T18:56:13.731115-03:00,7
2025-10-10T19:19:00.060929-03:00,7
2025-10-10T19:34:16.134124-03:00,5
2025-10-10T19:45:46.401499-03:00,5
2025-10-10T19:56:51.039057-03:00,6
2025-10-10T20:19:46.782541-03:00,6
2025-10-10T20:30:21.150110-03:00,5
2025-10-10T20:45:51.642117-03:00,7
2025-10-10T20:56:47.242775-03:00,2
2025-10-10T22:43:00.506257-03:00,11
2025-10-10T23:44:11.427948-03:00,3
2025-10-11T00:17:51.205355-03:00,5
2025-10-11T00:40:02.216927-03:00,4
2025-10-11T00:51:11.015151-03:00,6
2025-10-11T01:22:07.414841-03:00,5
2025-10-11T01:41:14.032587-03:00,1
2025-10-11T01:56:08.914941-03:00,7
2025-10-11T02:19:10.107923-03:00,8
2025-10-11T02:34:39.118811-03:00,2
2025-10-11T02:46:12.770506-03:00,1
2025-10-11T02:56:46.819074-03:00,2
2025-10-11T03:30:41.663906-03:00,3
2025-10-11T03:49:02.246340-03:00,4
2025-10-11T04:00:10.116472-03:00,3
2025-10-11T04:22:03.070501-03:00,6
2025-10-11T04:37:06.457110-03:00,3
2025-10-11T04:47:51.017171-03:00,3
2025-10-11T04:58:23.232862-03:00,5
2025-10-11T05:29:41.359569-03:00,5
2025-10-11T05:44:54.996788-03:00,5
2025-10-11T05:56:09.266995-03:00,3
2025-10-11T06:19:28.480075-03:00,4
2025-10-11T06:31:02.185317-03:00,3
2025-10-11T06:46:27.589829-03:00,3
2025-10-11T06:57:17.463570-03:00,2
2025-10-11T07:22:29.610258-03:00,2
2025-10-11T07:39:09.821736-03:00,2
2025-10-11T07:50:10.534503-03:00,2
2025-10-11T08:01:30.401487-03:00,1
2025-10-11T08:21:19.543658-03:00,1
2025-10-11T08:37:46.555305-03:00,2
2025-10-11T08:48:52.711339-03:00,2
2025-10-11T08:59:38.839488-03:00,3
2025-10-11T09:48:12.255982-03:00,1
2025-10-11T10:12:24.087010-03:00,1
2025-10-11T10:31:54.764331-03:00,1
2025-10-11T10:45:49.623923-03:00,2
2025-10-11T10:56:24.587108-03:00,2
2025-10-11T11:17:03.659713-03:00,2
2025-10-11T11:30:26.997429-03:00,6
2025-10-11T11:46:05.823099-03:00,6
2025-10-11T11:56:35.186555-03:00,3
2025-10-11T12:18:43.553419-03:00,5
2025-10-11T12:29:52.444281-03:00,2
2025-10-11T12:40:26.323329-03:00,4
2025-10-11T12:56:00.780252-03:00,9
2025-10-11T13:23:04.028342-03:00,5
2025-10-11T13:41:01.932299-03:00,9
2025-10-11T13:55:49.633199-03:00,8
2025-10-11T14:15:27.636419-03:00,4
2025-10-11T14:29:05.213843-03:00,8
2025-10-11T14:39:33.915889-03:00,4
2025-10-11T14:50:42.120350-03:00,6
2025-10-11T15:23:28.637104-03:00,8
2025-10-11T15:42:00.412225-03:00,8
2025-10-11T15:55:44.345484-03:00,5
2025-10-11T16:14:25.015377-03:00,5
2025-10-11T16:26:07.486018-03:00,5
2025-10-11T16:37:50.320580-03:00,7
2025-10-11T16:48:45.463368-03:00,7
2025-10-11T16:59:31.218948-03:00,7
2025-10-11T17:25:07.987997-03:00,10
2025-10-11T17:37:46.455498-03:00,5
2025-10-11T17:48:55.445466-03:00,5
2025-10-11T17:59:28.592890-03:00,8
2025-10-11T18:20:41.873306-03:00,5
2025-10-11T18:37:05.067118-03:00,8
2025-10-11T18:47:45.185062-03:00,8
2025-10-11T18:58:29.557045-03:00,7
2025-10-11T19:22:41.661108-03:00,8
2025-10-11T19:38:19.680001-03:00,8
2025-10-11T19:49:29.699158-03:00,8
2025-10-11T20:00:08.766195-03:00,7
2025-10-11T20:22:47.970295-03:00,5
2025-10-11T20:37:33.971390-03:00,8
2025-10-11T20:48:44.641256-03:00,8
2025-10-11T20:59:16.706311-03:00,4
2025-10-11T23:01:44.127369-03:00,5
2025-10-12T00:09:15.316261-03:00,3
2025-10-12T00:42:11.328030-03:00,2
2025-10-12T00:55:50.937527-03:00,2
2025-10-12T01:23:48.413998-03:00,11
2025-10-12T01:41:26.763492-03:00,11
2025-10-12T01:56:28.121510-03:00,11
2025-10-12T02:20:12.499334-03:00,11
2025-10-12T02:34:30.259067-03:00,11
2025-10-12T02:46:03.853751-03:00,11
2025-10-12T02:56:40.928553-03:00,11
2025-10-12T03:30:42.477648-03:00,11
2025-10-12T03:49:10.162715-03:00,11
2025-10-12T04:00:01.362033-03:00,11
2025-10-12T04:22:21.955015-03:00,1
2025-10-12T04:37:24.758066-03:00,11
2025-10-12T04:47:57.839198-03:00,11
2025-10-12T04:58:58.640148-03:00,11
2025-10-12T05:29:57.551892-03:00,11
2025-10-12T05:44:56.180457-03:00,11
2025-10-12T05:56:06.127428-03:00,11
2025-10-12T06:19:20.296290-03:00,11
2025-10-12T06:30:38.294219-03:00,11
2025-10-12T06:46:00.905271-03:00,11
2025-10-12T06:57:03.222940-03:00,11
2025-10-12T07:21:56.631196-03:00,11
2025-10-12T07:39:24.869793-03:00,11
2025-10-12T07:50:16.849634-03:00,11
2025-10-12T08:02:40.493251-03:00,11
2025-10-12T08:21:55.814136-03:00,11
2025-10-12T08:38:03.321907-03:00,11
2025-10-12T08:49:07.734055-03:00,11
2025-10-12T08:59:45.652347-03:00,11
2025-10-12T09:48:39.055287-03:00,1
2025-10-12T10:12:47.174429-03:00,1
2025-10-12T10:32:12.418706-03:00,11
2025-10-12T10:45:45.832083-03:00,11
2025-10-12T10:56:58.396916-03:00,3
2025-10-12T11:19:05.782633-03:00,2
2025-10-12T11:32:39.226461-03:00,1
2025-10-12T11:46:02.556635-03:00,1
2025-10-12T11:56:53.350074-03:00,3
2025-10-12T12:20:09.980805-03:00,6
2025-10-12T12:31:34.103464-03:00,2
2025-10-12T12:46:27.761857-03:00,5
2025-10-12T12:56:58.007716-03:00,3
2025-10-12T13:26:15.424570-03:00,2
2025-10-12T13:42:28.846372-03:00,5
2025-10-12T13:55:44.259771-03:00,6
2025-10-12T14:15:42.524785-03:00,10
2025-10-12T14:29:35.517656-03:00,8
2025-10-12T14:40:35.617085-03:00,8
2025-10-12T14:55:54.783142-03:00,8
2025-10-12T15:26:54.628227-03:00,10
2025-10-12T15:44:44.306234-03:00,11
2025-10-12T15:56:30.970774-03:00,8
2025-10-12T16:16:24.902335-03:00,11
2025-10-12T16:27:13.207970-03:00,9
2025-10-12T16:39:14.394278-03:00,8
2025-10-12T16:50:02.993641-03:00,8
2025-10-12T17:01:33.430010-03:00,5
2025-10-12T17:28:20.916043-03:00,8
2025-10-12T17:41:25.515720-03:00,9
2025-10-12T17:56:33.488985-03:00,9
2025-10-12T18:18:25.696549-03:00,8
2025-10-12T18:29:34.865806-03:00,10
2025-10-12T18:40:05.699704-03:00,6
2025-10-12T18:51:14.365877-03:00,8
2025-10-12T19:17:04.531832-03:00,8
2025-10-12T19:32:28.853027-03:00,6
2025-10-12T19:45:44.186352-03:00,4
2025-10-12T19:56:27.105160-03:00,5
2025-10-12T20:19:00.330668-03:00,3
2025-10-12T20:29:50.424484-03:00,6
2025-10-12T20:41:06.049309-03:00,4
2025-10-12T20:56:23.949056-03:00,6
2025-10-12T22:50:47.772053-03:00,5
2025-10-13T00:10:18.625761-03:00,2
2025-10-13T00:49:10.610381-03:00,1
2025-10-13T01:00:46.060143-03:00,1
2025-10-13T01:34:26.114797-03:00,8
2025-10-13T01:49:45.356700-03:00,8
2025-10-13T02:00:29.571069-03:00,8
2025-10-13T02:31:37.534744-03:00,8
2025-10-13T02:46:55.297005-03:00,8
2025-10-13T02:57:33.222297-03:00,2
2025-10-13T03:38:53.892907-03:00,8
2025-10-13T03:55:41.177818-03:00,8
2025-10-13T04:21:17.042190-03:00,8
2025-10-13T04:39:53.774325-03:00,8
2025-10-13T04:50:52.253525-03:00,8
2025-10-13T05:29:01.575566-03:00,2
2025-10-13T05:51:34.900427-03:00,8
2025-10-13T06:24:38.719962-03:00,1
2025-10-13T06:44:08.108530-03:00,8
2025-10-13T06:56:32.606737-03:00,1
2025-10-13T07:27:12.329725-03:00,1
2025-10-13T07:46:16.748406-03:00,8
2025-10-13T07:56:40.440428-03:00,8
2025-10-13T08:19:31.585031-03:00,8
2025-10-13T08:30:55.739812-03:00,1
2025-10-13T08:45:57.685958-03:00,8
2025-10-13T08:56:36.739594-03:00,8
2025-10-13T09:49:25.121070-03:00,1
2025-10-13T10:22:18.828563-03:00,4
2025-10-13T10:47:17.940109-03:00,2
2025-10-13T10:58:13.665582-03:00,1
2025-10-13T11:27:45.756582-03:00,3
2025-10-13T11:45:22.045760-03:00,3
2025-10-13T11:56:42.620021-03:00,5
2025-10-13T12:23:49.896203-03:00,3
2025-10-13T12:40:53.785205-03:00,3
2025-10-13T12:56:26.534615-03:00,6
2025-10-13T13:28:48.781446-03:00,4
2025-10-13T13:47:59.237425-03:00,4
2025-10-13T13:59:04.960113-03:00,4
2025-10-13T14:23:07.986654-03:00,8
2025-10-13T14:39:46.774393-03:00,7
2025-10-13T14:51:05.719265-03:00,8
2025-10-13T15:27:50.607275-03:00,8
2025-10-13T15:49:00.436114-03:00,9
2025-10-13T15:59:40.970186-03:00,9
2025-10-13T16:20:24.404612-03:00,8
2025-10-13T16:37:40.007977-03:00,8
2025-10-13T16:48:47.462697-03:00,8
2025-10-13T16:59:19.544371-03:00,7
2025-10-13T17:28:38.402343-03:00,10
2025-10-13T17:42:46.160098-03:00,8
2025-10-13T17:55:58.631225-03:00,9
2025-10-13T18:18:31.206886-03:00,6
2025-10-13T18:29:31.710906-03:00,8
2025-10-13T18:39:59.456304-03:00,11
2025-10-13T18:50:30.692819-03:00,11
2025-10-13T19:18:06.900510-03:00,9
2025-10-13T19:35:10.743573-03:00,6
2025-10-13T19:45:56.199049-03:00,6
2025-10-13T19:56:50.367540-03:00,5
2025-10-13T20:20:07.259420-03:00,4
2025-10-13T20:31:34.725795-03:00,4
2025-10-13T20:45:50.511003-03:00,2
2025-10-13T20:56:33.538494-03:00,6
2025-10-13T22:46:21.667775-03:00,5
2025-10-13T23:53:57.335047-03:00,3
2025-10-14T00:33:24.217285-03:00,4
2025-10-14T00:51:39.228559-03:00,1
2025-10-14T01:24:12.533643-03:00,2
2025-10-14T01:42:33.571128-03:00,8
2025-10-14T01:56:04.171337-03:00,8
2025-10-14T02:20:39.771307-03:00,8
2025-10-14T02:40:12.582581-03:00,8
2025-10-14T02:51:06.958484-03:00,2
2025-10-14T03:30:21.657193-03:00,4
2025-10-14T03:51:09.517388-03:00,3
2025-10-14T04:20:00.170927-03:00,2
2025-10-14T04:34:17.693836-03:00,8
2025-10-14T04:45:55.985127-03:00,8
2025-10-14T04:56:53.412482-03:00,2
2025-10-14T05:30:10.902427-03:00,8
2025-10-14T05:48:42.759514-03:00,8
2025-10-14T05:59:12.866161-03:00,8
2025-10-14T06:29:09.446608-03:00,8
2025-10-14T06:44:24.313985-03:00,8
2025-10-14T06:56:25.062220-03:00,8
2025-10-14T07:24:41.122130-03:00,8
2025-10-14T07:44:07.406279-03:00,8
2025-10-14T07:56:30.368107-03:00,2
2025-10-14T08:18:53.344890-03:00,3
2025-10-14T08:30:10.869718-03:00,3
2025-10-14T08:42:00.366383-03:00,1
2025-10-14T08:56:13.468340-03:00,1
2025-10-14T09:49:17.512121-03:00,3
2025-10-14T10:22:44.311804-03:00,1
2025-10-14T10:46:50.547243-03:00,6
2025-10-14T10:58:15.517422-03:00,6
2025-10-14T11:28:20.325350-03:00,5
2025-10-14T11:47:11.636872-03:00,4
2025-10-14T11:58:19.019685-03:00,2
2025-10-14T12:29:06.307776-03:00,5
2025-10-14T12:42:28.211742-03:00,8
2025-10-14T12:56:31.796396-03:00,8
2025-10-14T13:29:01.105004-03:00,5
2025-10-14T13:48:42.554876-03:00,5
2025-10-14T13:59:17.159436-03:00,4
2025-10-14T14:22:27.037969-03:00,7
2025-10-14T14:38:16.822205-03:00,6
2025-10-14T14:49:28.017795-03:00,6
2025-10-14T15:00:02.434374-03:00,7
2025-10-14T15:38:00.813551-03:00,8
2025-10-14T15:51:39.939712-03:00,11
2025-10-14T16:16:25.117756-03:00,7
2025-10-14T16:28:38.561805-03:00,7
2025-10-14T16:40:24.616761-03:00,7
2025-10-14T16:55:58.166630-03:00,11
2025-10-14T17:23:44.381651-03:00,12
2025-10-14T17:41:07.962570-03:00,8
2025-10-14T17:56:09.242469-03:00,12
2025-10-14T18:18:48.305897-03:00,14
2025-10-14T18:30:43.602992-03:00,14
2025-10-14T18:45:45.834459-03:00,9
2025-10-14T18:56:22.821309-03:00,9
2025-10-14T19:20:34.270853-03:00,10
2025-10-14T19:39:45.969677-03:00,10
2025-10-14T19:50:31.183336-03:00,10
2025-10-14T20:17:52.313712-03:00,5
2025-10-14T20:30:30.553785-03:00,7
2025-10-14T20:45:59.365261-03:00,7
2025-10-14T20:57:04.559351-03:00,9
2025-10-14T22:52:37.728398-03:00,4
2025-10-15T00:04:49.955709-03:00,5
2025-10-15T00:41:52.910111-03:00,4
2025-10-15T00:56:51.882813-03:00,7
2025-10-15T01:27:40.286234-03:00,6
2025-10-15T01:44:50.297030-03:00,8
2025-10-15T01:55:49.611874-03:00,8
2025-10-15T02:20:40.275103-03:00,3
2025-10-15T02:40:51.888020-03:00,6
2025-10-15T02:56:28.587514-03:00,6
2025-10-15T03:34:02.622112-03:00,4
2025-10-15T03:53:11.665643-03:00,6
2025-10-15T04:20:18.127411-03:00,3
2025-10-15T04:36:37.732996-03:00,2
2025-10-15T04:47:42.512457-03:00,2
2025-10-15T04:58:30.422627-03:00,5
2025-10-15T05:36:52.190269-03:00,4
2025-10-15T05:54:48.445283-03:00,2
2025-10-15T06:22:06.076027-03:00,3
2025-10-15T06:42:17.729995-03:00,2
2025-10-15T06:55:48.608005-03:00,4
2025-10-15T07:23:54.930161-03:00,3
2025-10-15T07:45:30.535822-03:00,2
2025-10-15T07:56:52.411853-03:00,4
2025-10-15T08:19:59.678959-03:00,4
2025-10-15T08:31:21.998286-03:00,3
2025-10-15T08:46:02.039354-03:00,2
2025-10-15T08:56:44.280584-03:00,10
2025-10-15T09:51:02.150913-03:00,3
2025-10-15T10:32:33.507710-03:00,2
2025-10-15T10:51:37.292919-03:00,1
2025-10-15T11:20:55.891024-03:00,10
2025-10-15T11:45:44.593852-03:00,1
2025-10-15T11:56:37.775481-03:00,2
2025-10-15T12:22:33.682716-03:00,3
2025-10-15T12:40:18.159522-03:00,1
2025-10-15T12:50:59.194718-03:00,1
2025-10-15T13:22:06.776956-03:00,4
2025-10-15T13:45:04.153862-03:00,5
2025-10-15T13:56:30.561982-03:00,5
2025-10-15T14:20:07.681819-03:00,8
2025-10-15T14:36:26.126236-03:00,6
2025-10-15T14:47:11.433447-03:00,6
2025-10-15T14:57:59.648029-03:00,12
2025-10-15T15:38:08.491770-03:00,6
2025-10-15T15:53:26.636224-03:00,10
2025-10-15T16:16:29.498319-03:00,13
2025-10-15T16:28:34.169977-03:00,13
2025-10-15T16:40:32.508308-03:00,10
2025-10-15T16:55:53.439100-03:00,7
2025-10-15T17:00:37.148991-03:00,7
2025-10-15T17:24:37.135060-03:00,6
2025-10-15T17:41:56.881232-03:00,7
2025-10-15T17:56:12.162709-03:00,9
2025-10-15T18:19:22.163871-03:00,9
2025-10-15T18:31:21.173963-03:00,9
2025-10-15T18:46:17.170621-03:00,8
2025-10-15T18:56:47.603565-03:00,8
2025-10-15T19:19:58.812563-03:00,6
2025-10-15T19:34:47.469801-03:00,7
2025-10-15T19:46:24.288871-03:00,4
2025-10-15T19:57:02.602008-03:00,1
2025-10-15T20:21:21.084338-03:00,3
2025-10-15T20:47:51.615062-03:00,3
2025-10-15T20:58:37.123474-03:00,3
2025-10-15T22:59:27.417156-03:00,3
2025-10-16T00:09:03.490476-03:00,3
2025-10-16T00:44:49.105239-03:00,3
2025-10-16T00:57:16.397849-03:00,3
2025-10-16T01:28:21.849253-03:00,3
2025-10-16T01:44:34.648690-03:00,3
2025-10-16T01:56:42.954764-03:00,3
2025-10-16T02:22:20.750721-03:00,3
2025-10-16T02:40:29.019373-03:00,3
2025-10-16T02:56:04.414575-03:00,3
2025-10-16T03:32:41.289072-03:00,3
2025-10-16T03:52:44.231427-03:00,3
2025-10-16T04:20:05.233166-03:00,3
2025-10-16T04:34:55.801621-03:00,3
2025-10-16T04:46:11.984307-03:00,3
2025-10-16T04:56:55.999344-03:00,3
2025-10-16T05:33:43.238831-03:00,3
2025-10-16T05:54:31.331988-03:00,3
2025-10-16T06:22:38.154425-03:00,3
2025-10-16T06:42:23.043339-03:00,3
2025-10-16T06:56:09.617268-03:00,3
2025-10-16T07:25:12.502239-03:00,3
2025-10-16T07:44:23.848852-03:00,3
2025-10-16T07:55:57.503774-03:00,3
2025-10-16T08:18:42.877233-03:00,3
2025-10-16T08:31:15.709703-03:00,3
2025-10-16T08:57:02.765766-03:00,3
2025-10-16T09:52:31.816105-03:00,3
2025-10-16T10:31:51.155758-03:00,3
2025-10-16T10:51:22.934958-03:00,3
2025-10-16T11:20:21.195500-03:00,3
2025-10-16T11:44:46.522918-03:00,3
2025-10-16T11:56:16.257213-03:00,3
2025-10-16T12:24:05.582965-03:00,3
2025-10-16T12:41:55.771379-03:00,3
2025-10-16T12:56:28.016181-03:00,3
2025-10-16T13:29:48.787400-03:00,3
2025-10-16T13:49:21.242352-03:00,3
2025-10-16T14:00:38.248516-03:00,3
2025-10-16T14:29:09.156588-03:00,3
2025-10-16T14:43:15.034214-03:00,3
2025-10-16T14:56:23.210393-03:00,3
2025-10-16T15:32:53.797932-03:00,3
2025-10-16T15:52:34.706472-03:00,3
2025-10-16T16:14:46.549174-03:00,3
2025-10-16T16:27:10.097723-03:00,3
2025-10-16T16:39:45.738941-03:00,3
2025-10-16T16:50:59.048736-03:00,3
2025-10-16T17:22:03.775016-03:00,3
2025-10-16T17:41:08.717964-03:00,3
2025-10-16T17:56:41.982403-03:00,3
2025-10-16T18:19:20.550538-03:00,3
2025-10-16T18:29:56.391405-03:00,3
2025-10-16T18:41:41.236633-03:00,6
2025-10-16T18:55:59.552494-03:00,9
2025-10-16T19:17:13.859947-03:00,7
2025-10-16T19:32:09.560506-03:00,7
2025-10-16T19:46:47.339465-03:00,3
2025-10-16T19:58:01.083392-03:00,4
2025-10-16T20:20:32.362099-03:00,6
2025-10-16T20:38:11.372859-03:00,3
2025-10-16T20:49:29.920196-03:00,3
2025-10-16T21:00:07.534087-03:00,4
2025-10-16T22:59:02.163397-03:00,8
2025-10-17T00:07:13.057040-03:00,6
2025-10-17T00:40:52.757987-03:00,7
2025-10-17T00:56:48.753569-03:00,3
2025-10-17T01:28:15.619853-03:00,1
2025-10-17T01:45:07.017420-03:00,4
2025-10-17T01:56:24.120900-03:00,3
2025-10-17T02:21:00.906046-03:00,2
2025-10-17T02:40:30.871430-03:00,3
2025-10-17T02:56:43.009031-03:00,4
2025-10-17T03:33:14.550947-03:00,1
2025-10-17T03:52:33.616742-03:00,10
2025-10-17T04:19:37.951695-03:00,10
2025-10-17T04:33:23.288375-03:00,10
2025-10-17T04:46:11.424304-03:00,10
2025-10-17T04:56:58.731160-03:00,10
2025-10-17T05:31:45.581347-03:00,10
2025-10-17T05:52:21.171934-03:00,10
2025-10-17T06:22:02.320127-03:00,10
2025-10-17T06:40:48.579005-03:00,10
2025-10-17T06:56:42.501681-03:00,10
2025-10-17T07:24:21.568107-03:00,10
2025-10-17T07:42:46.152553-03:00,10
2025-10-17T07:56:04.622685-03:00,10
2025-10-17T08:17:33.539161-03:00,10
2025-10-17T08:29:29.695102-03:00,10
2025-10-17T08:41:24.734688-03:00,10
2025-10-17T08:56:10.849285-03:00,10
2025-10-17T09:45:37.731694-03:00,3
2025-10-17T10:18:46.201748-03:00,2
2025-10-17T10:41:14.140199-03:00,2
2025-10-17T10:56:21.370857-03:00,5
2025-10-17T11:22:09.501437-03:00,4
2025-10-17T11:42:54.450097-03:00,1
2025-10-17T11:56:33.373923-03:00,3
2025-10-17T12:22:53.122200-03:00,4
2025-10-17T12:40:41.720216-03:00,2
2025-10-17T12:56:30.390273-03:00,3
2025-10-17T13:27:39.993198-03:00,6
2025-10-17T13:47:23.617645-03:00,3
2025-10-17T13:57:51.081038-03:00,6
2025-10-17T14:22:10.248705-03:00,1
2025-10-17T14:39:25.547715-03:00,9
2025-10-17T14:50:03.871114-03:00,9
2025-10-17T15:10:09.120784-03:00,6
2025-10-17T15:38:47.923270-03:00,4
2025-10-17T15:52:23.312605-03:00,10
2025-10-17T16:15:36.560797-03:00,6
2025-10-17T16:27:08.142275-03:00,6
2025-10-17T16:39:21.592808-03:00,8
2025-10-17T16:50:35.079349-03:00,8
2025-10-17T17:22:02.592417-03:00,11
2025-10-17T17:40:32.217061-03:00,5
2025-10-17T17:56:12.480801-03:00,9
2025-10-17T18:19:32.031563-03:00,9
2025-10-17T18:30:45.226778-03:00,9
2025-10-17T18:45:59.678355-03:00,7
2025-10-17T18:56:45.954041-03:00,9
2025-10-17T19:20:43.382010-03:00,7
2025-10-17T19:39:35.147406-03:00,5
2025-10-17T19:50:13.328242-03:00,5
2025-10-17T20:08:05.733306-03:00,3
2025-10-17T20:26:05.769060-03:00,3
2025-10-17T20:38:03.878753-03:00,5
2025-10-17T20:49:06.678808-03:00,5
2025-10-17T20:59:48.371017-03:00,3
2025-10-17T22:53:53.501619-03:00,4
2025-10-17T23:55:24.569838-03:00,3
2025-10-18T00:28:39.096078-03:00,2
2025-10-18T00:46:40.370027-03:00,3
2025-10-18T00:57:14.112124-03:00,6
2025-10-18T01:27:03.917974-03:00,6
2025-10-18T01:42:20.017790-03:00,3
2025-10-18T01:56:06.770736-03:00,3
2025-10-18T02:19:41.992437-03:00,4
2025-10-18T02:35:46.463326-03:00,6
2025-10-18T02:46:41.563395-03:00,6
2025-10-18T02:57:10.322884-03:00,6
2025-10-18T03:32:55.889639-03:00,6
2025-10-18T03:49:38.565100-03:00,6
2025-10-18T04:00:25.866332-03:00,6
2025-10-18T04:24:36.722396-03:00,6
2025-10-18T04:37:18.031570-03:00,6
2025-10-18T04:48:16.493883-03:00,6
2025-10-18T04:59:24.850090-03:00,6
2025-10-18T05:31:27.225734-03:00,6
2025-10-18T05:49:17.108422-03:00,6
2025-10-18T06:00:27.835560-03:00,6
2025-10-18T06:26:21.114182-03:00,6
2025-10-18T06:39:01.946317-03:00,6
2025-10-18T06:50:12.725233-03:00,6
2025-10-18T07:08:08.787460-03:00,6
2025-10-18T07:31:14.020232-03:00,6
2025-10-18T07:46:23.896565-03:00,6
2025-10-18T07:57:28.286934-03:00,6
2025-10-18T08:18:32.140091-03:00,6
2025-10-18T08:29:11.340197-03:00,6
2025-10-18T08:40:23.905261-03:00,6
2025-10-18T08:55:55.095876-03:00,6
2025-10-18T09:39:23.874827-03:00,6
2025-10-18T10:04:27.670388-03:00,6
2025-10-18T10:29:52.997274-03:00,1
2025-10-18T10:41:11.003745-03:00,1
2025-10-18T10:55:55.646736-03:00,6
2025-10-18T11:17:43.207875-03:00,1
2025-10-18T11:32:39.750478-03:00,3
2025-10-18T11:46:31.269254-03:00,3
2025-10-18T11:57:10.984366-03:00,3
2025-10-18T12:21:15.401914-03:00,1
2025-10-18T12:37:20.283898-03:00,2
2025-10-18T12:48:21.030533-03:00,2
2025-10-18T12:58:59.944048-03:00,3
2025-10-18T13:29:35.260965-03:00,1
2025-10-18T13:44:44.245674-03:00,5
2025-10-18T13:55:48.887502-03:00,4
2025-10-18T14:16:22.498902-03:00,5
2025-10-18T14:30:24.162843-03:00,6
2025-10-18T14:46:25.508030-03:00,6
2025-10-18T14:57:04.004744-03:00,6
2025-10-18T15:30:25.574055-03:00,11
2025-10-18T15:48:37.891238-03:00,7
2025-10-18T15:59:46.155198-03:00,7
2025-10-18T16:18:43.001329-03:00,12
2025-10-18T16:29:43.683147-03:00,6
2025-10-18T16:40:33.804295-03:00,11
2025-10-18T16:56:05.057336-03:00,9
2025-10-18T17:21:37.634897-03:00,11
2025-10-18T17:38:34.562814-03:00,5
2025-10-18T17:49:14.369952-03:00,5
2025-10-18T18:00:25.626517-03:00,4
2025-10-18T18:23:49.918778-03:00,6
2025-10-18T18:36:59.502968-03:00,11
2025-10-18T18:48:12.458791-03:00,11
2025-10-18T18:59:05.758520-03:00,8
2025-10-18T19:23:49.210010-03:00,5
2025-10-18T19:39:02.354764-03:00,3
2025-10-18T19:50:14.856588-03:00,6
2025-10-18T20:07:41.751777-03:00,3
2025-10-18T20:26:05.691400-03:00,3
2025-10-18T20:38:31.744078-03:00,8
2025-10-18T20:49:43.827836-03:00,8
2025-10-18T21:00:34.064956-03:00,7
2025-10-18T23:19:45.096029-03:00,4
2025-10-19T00:31:32.673483-03:00,1
2025-10-19T00:59:54.934463-03:00,3
2025-10-19T01:31:30.970195-03:00,4
2025-10-19T01:48:37.561876-03:00,2
2025-10-19T01:59:31.126085-03:00,2
2025-10-19T02:26:17.274693-03:00,4
2025-10-19T02:41:15.975056-03:00,4
2025-10-19T02:56:22.376844-03:00,3
2025-10-19T03:31:45.994109-03:00,1
2025-10-19T03:49:44.937834-03:00,1
2025-10-19T04:00:26.741099-03:00,1
2025-10-19T04:23:52.751969-03:00,8
2025-10-19T04:37:12.739446-03:00,8
2025-10-19T04:48:09.197153-03:00,8
2025-10-19T04:58:43.763295-03:00,8
2025-10-19T05:30:08.083898-03:00,8
2025-10-19T05:44:58.874153-03:00,8
2025-10-19T05:55:53.284956-03:00,8
2025-10-19T06:19:15.357697-03:00,8
2025-10-19T06:31:01.105071-03:00,8
2025-10-19T06:46:16.595651-03:00,8
2025-10-19T06:57:33.091622-03:00,8
2025-10-19T07:23:44.425304-03:00,8
2025-10-19T07:39:51.644124-03:00,8
2025-10-19T07:50:44.509679-03:00,8
2025-10-19T08:14:28.887551-03:00,2
2025-10-19T08:26:53.689394-03:00,2
2025-10-19T08:39:05.180981-03:00,3
2025-10-19T09:14:42.890297-03:00,5
2025-10-19T09:54:44.909797-03:00,2
2025-10-19T10:23:18.540239-03:00,5
2025-10-19T10:38:43.326295-03:00,5
2025-10-19T10:49:50.521107-03:00,5
2025-10-19T11:01:20.828713-03:00,5
2025-10-19T11:27:24.806041-03:00,3
2025-10-19T11:40:22.549215-03:00,5
2025-10-19T11:55:43.484414-03:00,5
2025-10-19T12:18:42.705657-03:00,2
2025-10-19T12:30:56.516948-03:00,2
2025-10-19T12:46:06.727695-03:00,3
2025-10-19T12:57:05.080195-03:00,4
2025-10-19T13:27:14.637364-03:00,6
2025-10-19T13:43:52.444770-03:00,5
2025-10-19T13:56:10.698958-03:00,5
2025-10-19T14:17:30.086178-03:00,5
2025-10-19T14:31:39.265871-03:00,11
2025-10-19T14:45:57.227858-03:00,9
2025-10-19T14:56:38.461380-03:00,9
2025-10-19T15:30:03.389708-03:00,9
2025-10-19T15:46:46.430836-03:00,12
2025-10-19T15:57:46.469665-03:00,12
2025-10-19T16:18:44.703924-03:00,10
2025-10-19T16:29:14.566408-03:00,7
2025-10-19T16:40:16.021354-03:00,9
2025-10-19T16:51:26.085998-03:00,9
2025-10-19T17:20:42.473834-03:00,15
2025-10-19T17:39:47.521277-03:00,11
2025-10-19T17:50:43.205828-03:00,11
2025-10-19T18:16:36.715968-03:00,8
2025-10-19T18:29:22.204589-03:00,8
2025-10-19T18:40:27.099447-03:00,11
2025-10-19T18:56:09.220953-03:00,11
2025-10-19T19:19:49.610833-03:00,5
2025-10-19T19:35:47.126084-03:00,7
2025-10-19T19:46:56.264002-03:00,7
2025-10-19T19:57:41.909480-03:00,5
2025-10-19T20:22:21.819616-03:00,7
2025-10-19T20:37:44.584131-03:00,9
2025-10-19T20:48:22.412107-03:00,9
2025-10-19T20:58:53.278879-03:00,9
2025-10-19T23:08:53.360724-03:00,5
2025-10-20T00:31:16.519173-03:00,1
2025-10-20T01:01:38.385478-03:00,7
2025-10-20T01:35:35.115661-03:00,1
2025-10-20T01:49:20.491434-03:00,1
2025-10-20T02:00:15.722543-03:00,1
2025-10-20T02:28:36.844280-03:00,2
2025-10-20T02:43:21.031365-03:00,1
2025-10-20T02:56:04.694824-03:00,2
2025-10-20T03:34:03.045273-03:00,2
2025-10-20T03:54:34.226843-03:00,3
2025-10-20T04:20:23.370584-03:00,1
2025-10-20T04:39:27.519140-03:00,9
2025-10-20T04:49:59.992260-03:00,9
2025-10-20T05:12:52.642412-03:00,1
2025-10-20T05:42:29.679477-03:00,9
2025-10-20T05:56:46.658792-03:00,9
2025-10-20T06:28:03.832272-03:00,9
2025-10-20T06:44:04.290382-03:00,2
2025-10-20T06:56:00.999159-03:00,2
2025-10-20T07:24:46.844341-03:00,9
2025-10-20T07:45:22.992730-03:00,9
2025-10-20T07:56:38.839105-03:00,9
2025-10-20T08:20:22.821635-03:00,9
2025-10-20T08:38:03.179043-03:00,9
2025-10-20T08:48:53.816069-03:00,9
2025-10-20T08:59:49.470805-03:00,3
2025-10-20T09:56:25.017936-03:00,2
2025-10-20T10:32:20.880484-03:00,2
2025-10-20T10:49:53.913151-03:00,1
2025-10-20T11:00:24.009956-03:00,2
2025-10-20T11:32:15.388118-03:00,2
2025-10-20T11:49:28.658539-03:00,2
2025-10-20T12:00:05.291777-03:00,1
2025-10-20T12:28:04.221500-03:00,1
2025-10-20T12:42:56.029542-03:00,2
2025-10-20T12:56:27.427551-03:00,5
2025-10-20T13:29:05.468702-03:00,8
2025-10-20T13:49:04.247828-03:00,5
2025-10-20T13:59:46.195419-03:00,4
2025-10-20T14:25:10.730246-03:00,9
2025-10-20T14:40:33.917315-03:00,7
2025-10-20T14:55:56.704991-03:00,7
2025-10-20T15:33:00.920406-03:00,13
2025-10-20T15:54:31.478763-03:00,5
2025-10-20T16:17:02.688428-03:00,11
2025-10-20T16:30:07.565078-03:00,7
2025-10-20T16:41:40.982380-03:00,11
2025-10-20T16:56:20.620526-03:00,11
2025-10-20T17:25:41.770754-03:00,10
2025-10-20T17:42:41.451503-03:00,7
2025-10-20T17:56:11.765981-03:00,11
2025-10-20T18:20:20.458351-03:00,11
2025-10-20T18:33:44.965320-03:00,11
2025-10-20T18:46:39.411620-03:00,11
2025-10-20T18:57:30.943545-03:00,9
2025-10-20T19:23:05.404615-03:00,8
2025-10-20T19:40:13.301241-03:00,8
2025-10-20T19:51:24.893462-03:00,6
2025-10-20T20:17:47.294379-03:00,4
2025-10-20T20:30:49.679136-03:00,6
2025-10-20T20:46:32.558591-03:00,3
2025-10-20T20:57:03.097809-03:00,6
2025-10-20T22:52:53.247970-03:00,6
2025-10-21T00:06:20.946154-03:00,8
2025-10-21T00:43:51.183333-03:00,3
2025-10-21T00:57:24.860776-03:00,3
2025-10-21T01:29:02.096888-03:00,8
2025-10-21T01:45:45.707036-03:00,8
2025-10-21T01:56:31.535707-03:00,8
2025-10-21T02:22:34.551279-03:00,2
2025-10-21T02:41:08.831651-03:00,1
2025-10-21T02:56:24.232084-03:00,2
2025-10-21T03:33:44.778275-03:00,8
2025-10-21T03:53:21.473209-03:00,8
2025-10-21T04:20:43.308826-03:00,8
2025-10-21T04:39:46.895106-03:00,8
2025-10-21T04:50:53.003223-03:00,8
2025-10-21T05:29:08.222750-03:00,8
2025-10-21T05:51:45.875198-03:00,8
2025-10-21T06:22:21.056936-03:00,8
2025-10-21T06:42:25.940473-03:00,8
2025-10-21T06:56:23.554552-03:00,8
2025-10-21T07:24:27.123594-03:00,8
2025-10-21T07:44:13.450218-03:00,8
2025-10-21T07:56:02.461348-03:00,8
2025-10-21T08:18:15.398025-03:00,8
2025-10-21T08:30:43.735357-03:00,3
2025-10-21T08:46:22.078991-03:00,4
2025-10-21T08:56:55.057115-03:00,5
2025-10-21T09:52:01.699270-03:00,1
2025-10-21T10:34:13.021215-03:00,8
2025-10-21T10:53:09.749176-03:00,3
2025-10-21T11:19:22.829626-03:00,3
2025-10-21T11:37:56.695371-03:00,4
2025-10-21T11:51:34.337635-03:00,4
2025-10-21T12:20:31.796669-03:00,6
2025-10-21T12:41:13.935954-03:00,5
2025-10-21T12:56:32.751679-03:00,5
2025-10-21T13:29:56.649679-03:00,2
2025-10-21T13:48:38.821512-03:00,5
2025-10-21T13:59:30.443416-03:00,4
2025-10-21T14:24:27.205766-03:00,5
2025-10-21T14:41:09.106349-03:00,10
2025-10-21T14:56:26.390987-03:00,5
2025-10-21T15:33:00.518283-03:00,7
2025-10-21T15:53:52.445816-03:00,7
2025-10-21T16:16:50.815953-03:00,7
2025-10-21T16:29:59.778527-03:00,8
2025-10-21T16:42:09.889735-03:00,7
2025-10-21T16:56:18.514768-03:00,5
2025-10-21T17:26:13.272637-03:00,7
2025-10-21T17:43:47.023608-03:00,1
2025-10-21T17:56:26.008966-03:00,7
2025-10-21T18:20:22.124612-03:00,7
2025-10-21T18:32:41.059502-03:00,7
2025-10-21T18:46:33.504344-03:00,6
2025-10-21T18:57:47.382318-03:00,7
2025-10-21T19:21:43.482809-03:00,6
2025-10-21T19:39:22.866663-03:00,5
2025-10-21T19:50:22.021608-03:00,4
2025-10-21T20:08:13.017373-03:00,4
2025-10-21T20:28:14.463595-03:00,5
2025-10-21T20:41:31.372939-03:00,4
2025-10-21T20:56:02.224074-03:00,3
2025-10-21T22:46:26.452492-03:00,2
2025-10-22T00:03:32.334269-03:00,3
2025-10-22T00:49:40.960839-03:00,4
2025-10-22T01:11:11.172017-03:00,3
2025-10-22T01:39:55.868088-03:00,2
2025-10-22T01:52:29.993391-03:00,3
2025-10-22T02:20:22.060139-03:00,2
2025-10-22T02:39:10.017756-03:00,5
2025-10-22T02:49:46.265974-03:00,5
2025-10-22T03:00:23.445399-03:00,5
2025-10-22T03:40:42.692494-03:00,5
2025-10-22T03:58:56.971313-03:00,5
2025-10-22T04:26:11.425411-03:00,1
2025-10-22T04:41:04.135248-03:00,3
2025-10-22T04:56:24.582869-03:00,2
2025-10-22T05:33:05.637820-03:00,2
2025-10-22T05:55:12.154010-03:00,5
2025-10-22T06:23:27.909418-03:00,5
2025-10-22T06:44:11.908212-03:00,5
2025-10-22T06:56:17.547186-03:00,5
2025-10-22T07:25:29.663109-03:00,5
2025-10-22T07:46:10.513272-03:00,5
2025-10-22T07:57:01.251225-03:00,2
2025-10-22T08:21:01.270314-03:00,5
2025-10-22T08:38:55.902065-03:00,2
2025-10-22T08:49:55.784838-03:00,2
2025-10-22T09:00:29.471386-03:00,5
2025-10-22T10:00:55.876533-03:00,5
2025-10-22T10:42:40.874962-03:00,2
2025-10-22T10:58:15.153879-03:00,2
2025-10-22T11:29:22.865836-03:00,4
2025-10-22T11:50:20.923938-03:00,4
2025-10-22T12:09:00.246183-03:00,3
2025-10-22T12:32:38.482309-03:00,3
2025-10-22T12:47:13.267717-03:00,6
2025-10-22T12:58:22.931514-03:00,8
2025-10-22T13:35:18.054037-03:00,5
2025-10-22T13:53:54.377109-03:00,5
2025-10-22T14:18:35.968848-03:00,5
2025-10-22T14:36:22.202207-03:00,10
2025-10-22T14:47:30.922618-03:00,10
2025-10-22T14:58:39.840497-03:00,3
2025-10-22T15:39:43.498249-03:00,8
2025-10-22T15:56:05.084579-03:00,7
2025-10-22T16:16:32.984001-03:00,4
2025-10-22T16:27:59.099026-03:00,8
2025-10-22T16:41:07.034304-03:00,9
2025-10-22T16:55:53.099286-03:00,10
2025-10-22T17:25:30.780120-03:00,5
2025-10-22T17:41:07.495300-03:00,10
2025-10-22T17:56:01.676161-03:00,11
2025-10-22T18:16:56.304704-03:00,11
2025-10-22T18:28:05.010560-03:00,11
2025-10-22T18:39:24.415656-03:00,11
2025-10-22T18:49:54.488066-03:00,11
2025-10-22T19:01:08.102328-03:00,6
2025-10-22T19:26:19.330436-03:00,13
2025-10-22T19:37:33.894055-03:00,7
2025-10-22T19:48:39.682243-03:00,7
2025-10-22T19:59:18.736200-03:00,14
2025-10-22T20:22:51.333696-03:00,13
2025-10-22T20:37:25.833231-03:00,7
2025-10-22T20:48:19.921489-03:00,7
2025-10-22T20:58:46.138714-03:00,7
2025-10-22T23:00:18.699804-03:00,5
2025-10-23T00:09:47.115828-03:00,1
2025-10-23T00:43:53.916031-03:00,3
2025-10-23T00:56:51.403663-03:00,4
2025-10-23T01:27:42.533775-03:00,1
2025-10-23T01:45:06.171930-03:00,5
2025-10-23T01:56:14.838223-03:00,2
2025-10-23T02:21:28.167686-03:00,2
2025-10-23T02:41:11.364412-03:00,1
2025-10-23T02:55:55.419654-03:00,2
2025-10-23T03:32:44.000671-03:00,13
2025-10-23T03:53:42.024292-03:00,3
2025-10-23T04:20:11.694922-03:00,3
2025-10-23T04:35:09.366301-03:00,3
2025-10-23T04:46:45.162884-03:00,4
2025-10-23T04:57:32.779911-03:00,6
2025-10-23T05:34:50.592711-03:00,2
2025-10-23T05:53:37.721299-03:00,13
2025-10-23T06:22:35.111061-03:00,13
2025-10-23T06:42:15.870861-03:00,13
2025-10-23T06:56:09.628212-03:00,3
2025-10-23T07:24:18.910078-03:00,3
2025-10-23T07:43:54.577878-03:00,4
2025-10-23T07:55:55.696242-03:00,4
2025-10-23T08:18:36.468880-03:00,5
2025-10-23T08:31:06.926669-03:00,3
2025-10-23T08:46:44.301466-03:00,3
2025-10-23T08:57:31.596112-03:00,4
2025-10-23T09:55:16.623004-03:00,3
2025-10-23T10:32:34.988702-03:00,2
2025-10-23T10:51:54.369550-03:00,3
2025-10-23T11:21:05.656317-03:00,4
2025-10-23T11:45:32.475510-03:00,3
2025-10-23T11:56:52.891490-03:00,2
2025-10-23T12:25:30.444553-03:00,3
2025-10-23T12:40:45.581520-03:00,2
2025-10-23T12:56:23.856325-03:00,1
2025-10-23T13:29:14.367195-03:00,1
2025-10-23T13:49:36.876075-03:00,2
2025-10-23T14:00:37.778578-03:00,2
2025-10-23T14:28:48.467426-03:00,4
2025-10-23T14:43:21.384423-03:00,3
2025-10-23T14:56:14.975983-03:00,4
2025-10-23T15:32:31.421448-03:00,7
2025-10-23T15:53:13.975822-03:00,6
2025-10-23T16:16:43.152694-03:00,5
2025-10-23T16:28:48.706311-03:00,8
2025-10-23T16:41:17.325985-03:00,7
2025-10-23T16:55:57.668401-03:00,5
2025-10-23T17:23:02.134512-03:00,12
2025-10-23T17:41:16.012024-03:00,9
2025-10-23T17:56:32.866867-03:00,6
2025-10-23T18:19:11.929083-03:00,6
2025-10-23T18:29:49.216267-03:00,6
2025-10-23T18:40:25.837829-03:00,5
2025-10-23T18:51:17.667317-03:00,5
2025-10-23T19:18:40.692993-03:00,7
2025-10-23T19:36:11.442916-03:00,7
2025-10-23T19:47:07.782901-03:00,6
2025-10-23T19:57:56.188582-03:00,9
2025-10-23T20:22:17.380154-03:00,4
2025-10-23T20:37:32.934161-03:00,5
2025-10-23T20:48:40.034776-03:00,5
2025-10-23T20:59:26.986857-03:00,4
2025-10-23T22:56:33.045709-03:00,5
2025-10-24T00:03:15.293424-03:00,3
2025-10-24T00:39:34.361237-03:00,4
2025-10-24T00:53:06.847568-03:00,4
2025-10-24T01:24:23.792740-03:00,3
2025-10-24T01:42:34.201945-03:00,4
2025-10-24T01:56:03.374115-03:00,4
2025-10-24T02:20:51.925223-03:00,2
2025-10-24T02:40:32.515689-03:00,3
2025-10-24T02:56:11.461022-03:00,3
2025-10-24T03:32:01.711387-03:00,2
2025-10-24T03:52:42.420118-03:00,3
2025-10-24T04:19:17.769433-03:00,1
2025-10-24T04:32:33.677777-03:00,7
2025-10-24T04:45:56.938965-03:00,3
2025-10-24T04:56:29.534390-03:00,3
2025-10-24T05:30:21.911747-03:00,3
2025-10-24T05:50:58.798132-03:00,3
2025-10-24T06:22:20.993718-03:00,2
2025-10-24T06:40:53.489158-03:00,6
2025-10-24T06:56:34.612510-03:00,2
2025-10-24T07:26:06.283485-03:00,8
2025-10-24T07:45:17.635217-03:00,8
2025-10-24T07:55:57.466995-03:00,8
2025-10-24T08:18:33.760002-03:00,2
2025-10-24T08:31:51.515426-03:00,2
2025-10-24T08:46:43.030910-03:00,2
2025-10-24T08:57:14.666600-03:00,8
2025-10-24T09:53:04.176723-03:00,3
2025-10-24T10:31:37.425183-03:00,2
2025-10-24T10:49:28.775685-03:00,2
2025-10-24T11:00:19.840129-03:00,3
2025-10-24T11:29:13.305407-03:00,4
2025-10-24T11:47:36.253074-03:00,2
2025-10-24T11:58:32.873642-03:00,1
2025-10-24T12:28:13.601655-03:00,4
2025-10-24T12:43:38.274762-03:00,3
2025-10-24T12:56:19.996072-03:00,6
2025-10-24T13:28:07.189202-03:00,4
2025-10-24T13:48:41.310959-03:00,8
2025-10-24T13:59:19.400494-03:00,4
2025-10-24T14:24:32.082087-03:00,5
2025-10-24T14:40:23.314773-03:00,6
2025-10-24T14:51:12.358950-03:00,6
2025-10-24T15:27:34.358019-03:00,5
2025-10-24T15:49:13.048064-03:00,4
2025-10-24T16:00:00.353039-03:00,6
2025-10-24T16:22:11.875116-03:00,6
2025-10-24T16:38:20.686163-03:00,4
2025-10-24T16:49:14.694341-03:00,4
2025-10-24T16:59:47.880132-03:00,3
2025-10-24T17:29:38.732400-03:00,5
2025-10-24T17:44:28.831543-03:00,10
2025-10-24T17:56:05.440551-03:00,11
2025-10-24T18:18:42.650579-03:00,10
2025-10-24T18:31:20.946323-03:00,8
2025-10-24T18:46:27.463734-03:00,8
2025-10-24T18:57:00.422300-03:00,8
2025-10-24T19:22:36.843217-03:00,9
2025-10-24T19:40:55.066481-03:00,11
2025-10-24T19:56:39.730937-03:00,11
2025-10-24T20:20:31.158809-03:00,11
2025-10-24T20:37:53.651812-03:00,4
2025-10-24T20:48:58.249076-03:00,4
2025-10-24T21:00:03.395420-03:00,5
2025-10-24T22:58:49.763861-03:00,5
2025-10-25T00:08:26.805805-03:00,5
2025-10-25T00:42:33.281327-03:00,4
2025-10-25T00:56:43.148502-03:00,3
2025-10-25T01:26:03.538153-03:00,2
2025-10-25T01:42:19.507420-03:00,3
2025-10-25T01:56:03.785425-03:00,7
2025-10-25T02:36:35.728391-03:00,4
2025-10-25T02:47:46.496324-03:00,3
2025-10-25T02:58:33.430219-03:00,3
2025-10-25T03:34:45.623932-03:00,3
2025-10-25T03:49:49.793235-03:00,2
2025-10-25T04:00:21.690242-03:00,3
2025-10-25T04:23:33.788488-03:00,3
2025-10-25T04:37:18.683458-03:00,5
2025-10-25T04:48:25.545037-03:00,5
2025-10-25T04:58:58.288620-03:00,3
2025-10-25T05:30:23.181007-03:00,5
2025-10-25T05:45:27.588464-03:00,3
2025-10-25T05:56:21.921386-03:00,2
2025-10-25T06:20:18.375668-03:00,2
2025-10-25T06:31:52.208004-03:00,3
2025-10-25T06:46:34.502812-03:00,1
2025-10-25T06:57:37.904215-03:00,2
2025-10-25T07:24:11.777123-03:00,12
2025-10-25T07:39:44.387568-03:00,12
2025-10-25T07:50:13.131580-03:00,12
2025-10-25T08:03:00.856732-03:00,12
2025-10-25T08:22:09.393954-03:00,4
2025-10-25T08:37:56.965642-03:00,3
2025-10-25T08:48:41.844825-03:00,3
2025-10-25T08:59:28.936631-03:00,3
2025-10-25T09:49:09.921128-03:00,3
2025-10-25T10:13:51.923794-03:00,3
2025-10-25T10:33:49.527048-03:00,3
2025-10-25T10:46:35.048827-03:00,1
2025-10-25T10:57:12.558013-03:00,2
2025-10-25T11:20:06.971781-03:00,3
2025-10-25T11:34:18.676899-03:00,3
2025-10-25T11:46:37.258111-03:00,3
2025-10-25T11:57:15.948370-03:00,3
2025-10-25T12:21:37.083637-03:00,3
2025-10-25T12:37:54.049463-03:00,7
2025-10-25T12:49:08.143455-03:00,7
2025-10-25T12:59:56.321113-03:00,3
2025-10-25T13:30:46.738130-03:00,8
2025-10-25T13:48:33.393439-03:00,7
2025-10-25T13:59:42.571438-03:00,6
2025-10-25T14:22:06.031980-03:00,2
2025-10-25T14:38:03.740246-03:00,4
2025-10-25T14:48:58.153600-03:00,4
2025-10-25T14:59:33.627650-03:00,4
2025-10-25T15:34:29.027084-03:00,6
2025-10-25T15:49:45.072878-03:00,8
2025-10-25T16:00:11.690381-03:00,4
2025-10-25T16:20:17.049559-03:00,4
2025-10-25T16:31:37.650104-03:00,5
2025-10-25T16:46:27.722162-03:00,6
2025-10-25T16:57:40.049245-03:00,9
2025-10-25T17:26:14.976210-03:00,6
2025-10-25T17:40:35.367625-03:00,9
2025-10-25T17:56:23.374786-03:00,6
2025-10-25T18:18:31.419438-03:00,5
2025-10-25T18:30:05.671135-03:00,9
2025-10-25T18:41:07.941112-03:00,5
2025-10-25T18:56:11.186219-03:00,8
2025-10-25T19:18:43.718459-03:00,10
2025-10-25T19:33:24.590903-03:00,5
2025-10-25T19:46:03.940359-03:00,6
2025-10-25T19:56:33.486557-03:00,3
2025-10-25T20:19:06.945443-03:00,1
2025-10-25T20:30:43.125831-03:00,4
2025-10-25T20:46:04.313848-03:00,4
2025-10-25T20:56:35.440158-03:00,6
2025-10-25T22:53:51.775119-03:00,3
2025-10-26T00:10:37.377656-03:00,4
2025-10-26T00:49:02.515281-03:00,4
2025-10-26T00:59:57.914185-03:00,1
2025-10-26T01:30:35.064937-03:00,2
2025-10-26T01:47:54.904799-03:00,3
2025-10-26T01:58:59.076248-03:00,1
2025-10-26T02:25:45.230717-03:00,1
2025-10-26T02:40:41.665788-03:00,10
2025-10-26T02:56:29.972402-03:00,10
2025-10-26T03:31:49.095276-03:00,2
2025-10-26T03:51:02.108551-03:00,3
2025-10-26T04:17:42.064009-03:00,1
2025-10-26T04:29:57.798495-03:00,10
2025-10-26T04:40:23.787305-03:00,1
2025-10-26T04:51:34.331453-03:00,1
2025-10-26T05:24:03.121601-03:00,10
2025-10-26T05:42:52.548768-03:00,10
2025-10-26T05:56:24.092772-03:00,10
2025-10-26T06:20:14.213005-03:00,10
2025-10-26T06:31:41.872537-03:00,10
2025-10-26T06:46:07.226409-03:00,10
2025-10-26T06:56:55.843097-03:00,10
2025-10-26T07:22:14.153850-03:00,10
2025-10-26T07:40:23.187732-03:00,10
2025-10-26T07:51:21.799067-03:00,10
2025-10-26T08:15:26.805863-03:00,10
2025-10-26T08:27:10.938186-03:00,10
2025-10-26T08:39:33.516764-03:00,10
2025-10-26T08:50:32.335141-03:00,10
2025-10-26T09:37:46.297828-03:00,1
2025-10-26T10:04:49.049914-03:00,1
2025-10-26T10:31:30.017200-03:00,2
2025-10-26T10:45:56.691644-03:00,2
2025-10-26T10:56:44.388764-03:00,1
2025-10-26T11:19:22.948110-03:00,3
2025-10-26T11:34:39.626928-03:00,1
2025-10-26T11:45:55.329617-03:00,2
2025-10-26T11:56:36.429518-03:00,3
2025-10-26T12:20:41.254113-03:00,2
2025-10-26T12:38:14.553897-03:00,1
2025-10-26T12:49:06.541869-03:00,1
2025-10-26T13:00:17.566559-03:00,4
2025-10-26T13:31:26.621927-03:00,5
2025-10-26T13:49:19.472996-03:00,9
2025-10-26T14:00:23.337130-03:00,4
2025-10-26T14:23:13.274695-03:00,8
2025-10-26T14:38:43.860986-03:00,7
2025-10-26T14:49:23.351218-03:00,7
2025-10-26T15:00:03.630108-03:00,10
2025-10-26T15:35:26.137511-03:00,3
2025-10-26T15:50:25.876367-03:00,7
2025-10-26T16:15:16.677279-03:00,8
2025-10-26T16:27:09.755149-03:00,6
2025-10-26T16:39:22.836632-03:00,10
2025-10-26T16:50:30.281188-03:00,10
2025-10-26T17:21:18.056186-03:00,9
2025-10-26T17:40:27.427445-03:00,11
2025-10-26T17:50:53.225338-03:00,11
2025-10-26T18:17:10.264679-03:00,5
2025-10-26T18:30:06.836364-03:00,7
2025-10-26T18:41:17.069066-03:00,7
2025-10-26T18:56:21.775084-03:00,9
2025-10-26T19:20:17.696346-03:00,11
2025-10-26T19:37:23.847249-03:00,9
2025-10-26T19:48:22.483696-03:00,9
2025-10-26T19:59:06.419188-03:00,7
2025-10-26T20:23:47.107352-03:00,3
2025-10-26T20:38:16.072840-03:00,3
2025-10-26T20:49:21.590167-03:00,3
2025-10-26T21:00:13.976890-03:00,6
2025-10-26T23:18:06.776275-03:00,3
2025-10-27T00:37:09.190256-03:00,1
2025-10-27T01:05:51.647956-03:00,1
2025-10-27T01:39:48.699658-03:00,7
2025-10-27T01:55:28.670698-03:00,7
2025-10-27T02:21:45.249550-03:00,2
2025-10-27T02:44:03.714551-03:00,7
2025-10-27T02:56:40.000396-03:00,7
2025-10-27T03:37:52.820683-03:00,2
2025-10-27T03:57:58.420249-03:00,3
2025-10-27T04:26:02.228921-03:00,1
2025-10-27T04:40:25.139590-03:00,7
2025-10-27T04:50:53.861883-03:00,7
2025-10-27T05:28:42.164002-03:00,2
2025-10-27T05:51:11.930603-03:00,1
2025-10-27T06:25:41.411857-03:00,2
2025-10-27T06:44:42.456334-03:00,7
2025-10-27T06:55:59.458460-03:00,7
2025-10-27T07:25:58.030501-03:00,1
2025-10-27T07:46:23.437592-03:00,7
2025-10-27T07:57:39.593332-03:00,7
2025-10-27T08:22:32.176814-03:00,7
2025-10-27T08:39:02.619058-03:00,2
2025-10-27T08:50:11.997376-03:00,2
2025-10-27T09:17:08.943736-03:00,5
2025-10-27T10:03:44.125928-03:00,5
2025-10-27T10:41:06.925757-03:00,3
2025-10-27T10:57:21.914861-03:00,1
2025-10-27T11:26:47.787214-03:00,1
2025-10-27T11:43:13.709095-03:00,2
2025-10-27T11:55:59.803419-03:00,3
2025-10-27T12:23:37.795378-03:00,5
2025-10-27T12:40:49.571576-03:00,7
2025-10-27T12:56:00.617296-03:00,7
2025-10-27T13:29:40.258854-03:00,8
2025-10-27T13:51:06.180337-03:00,9
2025-10-27T14:17:58.259641-03:00,11
2025-10-27T14:35:14.544711-03:00,9
2025-10-27T14:46:29.021482-03:00,8
2025-10-27T14:57:10.706664-03:00,10
2025-10-27T15:35:52.061425-03:00,13
2025-10-27T15:53:07.200499-03:00,8
2025-10-27T16:16:24.974967-03:00,9
2025-10-27T16:29:03.930662-03:00,8
2025-10-27T16:40:30.111483-03:00,8
2025-10-27T16:56:01.227865-03:00,6
2025-10-27T17:21:53.224275-03:00,6
2025-10-27T17:40:38.315250-03:00,5
2025-10-27T17:56:23.661649-03:00,8
2025-10-27T18:32:03.317244-03:00,9
2025-10-27T18:46:34.316483-03:00,4
2025-10-27T18:57:28.875729-03:00,9
2025-10-27T19:23:41.173760-03:00,9
2025-10-27T19:40:57.153816-03:00,7
2025-10-27T19:56:05.662341-03:00,5
2025-10-27T20:19:40.380678-03:00,4
2025-10-27T20:31:22.535226-03:00,7
2025-10-27T20:46:18.117061-03:00,7
2025-10-27T20:57:08.988669-03:00,8
2025-10-27T22:53:44.638569-03:00,3
2025-10-28T00:07:54.286200-03:00,1
2025-10-28T00:47:16.718363-03:00,11
2025-10-28T00:59:43.915160-03:00,11
2025-10-28T01:32:01.981662-03:00,3
2025-10-28T01:50:02.872722-03:00,2
2025-10-28T02:01:26.212944-03:00,2
2025-10-28T02:32:03.609529-03:00,4
2025-10-28T02:48:02.460139-03:00,3
2025-10-28T02:58:55.954592-03:00,2
2025-10-28T03:40:38.659747-03:00,1
2025-10-28T03:59:05.097296-03:00,11
2025-10-28T04:26:12.056129-03:00,11
2025-10-28T04:40:55.518482-03:00,11
2025-10-28T04:56:23.791564-03:00,11
2025-10-28T05:30:45.739372-03:00,11
2025-10-28T05:54:13.753797-03:00,11
2025-10-28T06:22:26.016890-03:00,11
2025-10-28T06:42:20.572477-03:00,11
2025-10-28T06:55:58.246342-03:00,11
2025-10-28T07:24:49.900692-03:00,11
2025-10-28T07:46:16.241147-03:00,11
2025-10-28T07:56:50.015143-03:00,11
2025-10-28T08:19:51.873222-03:00,11
2025-10-28T08:30:59.614010-03:00,3
2025-10-28T08:46:22.899404-03:00,11
2025-10-28T08:57:24.642795-03:00,3
2025-10-28T09:53:11.894231-03:00,1
2025-10-28T10:31:11.092144-03:00,1
2025-10-28T10:51:14.605911-03:00,3
2025-10-28T11:21:17.049403-03:00,1
2025-10-28T11:45:43.337350-03:00,1
2025-10-28T11:57:00.803872-03:00,1
2025-10-28T12:28:04.870344-03:00,3
2025-10-28T12:46:07.639975-03:00,4
2025-10-28T12:57:36.767479-03:00,7
2025-10-28T13:35:15.156304-03:00,4
2025-10-28T13:55:02.331427-03:00,9
2025-10-28T14:19:18.355011-03:00,8
2025-10-28T14:38:55.480407-03:00,11
2025-10-28T14:50:16.198177-03:00,11
2025-10-28T15:14:05.796900-03:00,5
2025-10-28T15:46:55.873156-03:00,3
2025-10-28T15:59:59.324749-03:00,5
2025-10-28T16:23:02.935074-03:00,11
2025-10-28T16:38:04.724258-03:00,9
2025-10-28T16:49:25.400961-03:00,9
2025-10-28T16:59:56.221558-03:00,10
2025-10-28T17:31:29.743626-03:00,8
2025-10-28T17:49:39.073609-03:00,10
2025-10-28T18:00:34.353061-03:00,9
2025-10-28T18:27:04.475023-03:00,14
2025-10-28T18:40:56.730786-03:00,10
2025-10-28T18:56:24.788776-03:00,8
2025-10-28T19:22:10.560182-03:00,9
2025-10-28T19:41:45.630800-03:00,9
2025-10-28T19:56:11.763644-03:00,4
2025-10-28T20:20:22.677756-03:00,5
2025-10-28T20:38:58.650774-03:00,5
2025-10-28T20:50:06.001261-03:00,5
2025-10-28T21:42:49.181576-03:00,5
2025-10-28T23:26:32.751775-03:00,6
2025-10-29T00:35:48.339882-03:00,3
2025-10-29T01:01:59.044457-03:00,3
2025-10-29T01:37:41.567067-03:00,7
2025-10-29T01:53:38.925420-03:00,7
2025-10-29T02:20:59.761132-03:00,7
2025-10-29T02:43:17.586886-03:00,7
2025-10-29T02:56:21.145410-03:00,7
2025-10-29T03:35:46.717984-03:00,2
2025-10-29T03:56:06.449985-03:00,2
2025-10-29T04:21:50.339467-03:00,3
2025-10-29T04:40:21.931552-03:00,1
2025-10-29T04:56:15.681359-03:00,7
2025-10-29T05:31:43.898614-03:00,7
2025-10-29T05:53:31.826169-03:00,7
2025-10-29T06:21:24.705708-03:00,7
2025-10-29T06:41:52.441262-03:00,7
2025-10-29T06:56:32.406268-03:00,7
2025-10-29T07:26:05.004966-03:00,7
2025-10-29T07:46:00.507079-03:00,7
2025-10-29T07:56:46.671744-03:00,7
2025-10-29T08:20:50.555579-03:00,7
2025-10-29T08:39:02.329831-03:00,7
2025-10-29T08:49:55.948798-03:00,7
2025-10-29T09:01:53.663236-03:00,7
2025-10-29T10:00:42.143337-03:00,1
2025-10-29T10:42:42.171699-03:00,1
2025-10-29T10:57:55.475460-03:00,3
2025-10-29T11:28:26.243930-03:00,6
2025-10-29T11:48:45.732501-03:00,5
2025-10-29T11:59:27.184655-03:00,3
2025-10-29T12:31:33.685071-03:00,4
2025-10-29T12:50:52.332669-03:00,6
2025-10-29T13:28:09.109764-03:00,3
2025-10-29T13:52:40.055281-03:00,11
2025-10-29T14:19:07.962605-03:00,7
2025-10-29T14:38:32.092766-03:00,13
2025-10-29T14:50:11.536518-03:00,13
2025-10-29T15:13:32.756867-03:00,10
2025-10-29T15:45:38.815717-03:00,14
2025-10-29T15:58:02.116000-03:00,11
2025-10-29T16:21:18.881816-03:00,13
2025-10-29T16:38:08.133822-03:00,13
2025-10-29T16:49:21.759778-03:00,13
2025-10-29T17:00:34.643400-03:00,16
2025-10-29T17:32:31.816071-03:00,9
2025-10-29T17:48:50.181317-03:00,12
2025-10-29T17:59:53.634216-03:00,11
2025-10-29T18:25:11.281696-03:00,12
2025-10-29T18:39:20.403566-03:00,6
2025-10-29T18:50:34.031312-03:00,6
2025-10-29T19:19:26.137716-03:00,6
2025-10-29T19:38:09.825318-03:00,7
2025-10-29T19:49:16.610355-03:00,7
2025-10-29T19:59:41.707076-03:00,7
2025-10-29T20:25:37.688328-03:00,5
2025-10-29T20:39:28.252101-03:00,4
2025-10-29T20:50:34.051229-03:00,4
2025-10-29T22:42:22.115057-03:00,2
2025-10-30T00:03:33.541609-03:00,4
2025-10-30T00:48:25.184580-03:00,3
2025-10-30T01:00:16.920766-03:00,4
2025-10-30T01:31:41.760612-03:00,3
2025-10-30T01:49:07.264826-03:00,3
2025-10-30T01:59:48.585482-03:00,2
2025-10-30T02:27:52.109280-03:00,1
2025-10-30T02:43:29.872576-03:00,9
2025-10-30T02:56:13.793795-03:00,9
2025-10-30T03:33:42.983455-03:00,4
2025-10-30T03:53:59.242850-03:00,2
2025-10-30T04:19:19.837932-03:00,9
2025-10-30T04:33:22.630638-03:00,9
2025-10-30T04:46:02.034480-03:00,9
2025-10-30T04:56:48.401800-03:00,9
2025-10-30T05:31:49.875148-03:00,9
2025-10-30T05:53:15.067559-03:00,9
2025-10-30T06:22:32.895565-03:00,9
2025-10-30T06:42:21.874609-03:00,9
2025-10-30T06:56:23.946490-03:00,9
2025-10-30T07:25:17.663718-03:00,9
2025-10-30T07:44:45.758816-03:00,9
2025-10-30T07:56:03.272531-03:00,9
2025-10-30T08:19:02.971813-03:00,9
2025-10-30T08:31:16.764019-03:00,9
2025-10-30T08:46:31.188447-03:00,9
2025-10-30T08:57:25.863328-03:00,2
2025-10-30T09:53:37.787960-03:00,2
2025-10-30T10:31:40.899508-03:00,1
2025-10-30T10:51:25.730998-03:00,1
2025-10-30T11:20:48.598609-03:00,2
2025-10-30T11:56:14.432448-03:00,1
2025-10-30T12:26:10.538944-03:00,3
2025-10-30T12:45:27.865252-03:00,9
2025-10-30T12:56:38.582363-03:00,7
2025-10-30T13:31:12.007561-03:00,8
2025-10-30T13:53:46.494177-03:00,5
2025-10-30T14:18:30.017954-03:00,5
2025-10-30T14:37:53.161719-03:00,6
2025-10-30T14:48:40.787401-03:00,6
2025-10-30T14:59:28.025361-03:00,5
2025-10-30T15:39:01.403787-03:00,7
2025-10-30T15:55:21.299916-03:00,9
2025-10-30T16:16:30.600235-03:00,7
2025-10-30T16:28:54.565001-03:00,7
2025-10-30T16:41:24.586684-03:00,8
2025-10-30T16:56:00.090507-03:00,8
2025-10-30T17:24:22.192273-03:00,10
2025-10-30T17:41:50.824393-03:00,7
2025-10-30T17:56:38.228241-03:00,10
2025-10-30T18:20:35.777769-03:00,8
2025-10-30T18:38:36.267942-03:00,10
2025-10-30T18:49:46.107277-03:00,10
2025-10-30T19:00:32.817823-03:00,10
2025-10-30T19:30:43.529242-03:00,10
2025-10-30T19:46:29.927703-03:00,8
2025-10-30T19:57:31.881544-03:00,5
2025-10-30T20:22:49.722234-03:00,7
2025-10-30T20:38:17.122920-03:00,5
2025-10-30T20:49:12.219822-03:00,5
2025-10-30T20:59:52.680080-03:00,4
2025-10-30T23:04:48.938431-03:00,5
2025-10-31T00:18:12.730575-03:00,6
2025-10-31T00:52:18.536344-03:00,3
2025-10-31T01:25:14.329130-03:00,3
2025-10-31T01:45:43.542728-03:00,6
2025-10-31T01:56:16.224332-03:00,6
2025-10-31T02:23:23.474439-03:00,4
2025-10-31T02:42:18.320968-03:00,3
2025-10-31T02:56:12.205701-03:00,3
2025-10-31T03:54:23.105506-03:00,3
2025-10-31T04:19:23.255752-03:00,4
2025-10-31T04:32:53.919082-03:00,5
2025-10-31T04:46:24.034714-03:00,5
2025-10-31T04:57:11.172587-03:00,3
2025-10-31T05:32:10.319998-03:00,3
2025-10-31T05:52:35.257292-03:00,1
2025-10-31T06:22:11.629227-03:00,1
2025-10-31T06:41:57.291807-03:00,1
2025-10-31T06:56:03.303356-03:00,4
2025-10-31T07:23:31.764693-03:00,2
2025-10-31T07:44:18.237659-03:00,5
2025-10-31T07:56:12.232117-03:00,4
2025-10-31T08:18:41.046035-03:00,3
2025-10-31T08:30:28.723282-03:00,3
2025-10-31T08:46:37.938172-03:00,3
2025-10-31T08:57:01.723611-03:00,1
2025-10-31T09:51:40.619987-03:00,4
2025-10-31T10:30:36.398886-03:00,3
2025-10-31T10:49:50.802635-03:00,5
2025-10-31T11:00:27.293574-03:00,2
2025-10-31T11:33:20.178382-03:00,8
2025-10-31T11:49:30.500994-03:00,4
2025-10-31T12:00:33.660393-03:00,5
2025-10-31T12:29:41.753831-03:00,7
2025-10-31T12:45:22.007850-03:00,7
2025-10-31T12:56:46.538764-03:00,3
2025-10-31T13:29:57.546345-03:00,9
2025-10-31T13:50:05.522020-03:00,10
2025-10-31T14:01:33.106388-03:00,2
2025-10-31T14:30:02.336330-03:00,6
2025-10-31T14:43:26.465751-03:00,10
2025-10-31T14:55:58.228901-03:00,6
2025-10-31T15:31:34.379061-03:00,9
2025-10-31T15:53:13.892267-03:00,13
2025-10-31T16:15:21.909095-03:00,9
2025-10-31T16:27:14.738639-03:00,14
2025-10-31T16:39:32.860811-03:00,12
2025-10-31T16:50:14.250887-03:00,12
2025-10-31T17:10:17.860851-03:00,7
2025-10-31T17:32:48.244888-03:00,6
2025-10-31T17:46:24.915040-03:00,9
2025-10-31T17:57:11.489245-03:00,11
2025-10-31T18:19:24.326714-03:00,14
2025-10-31T18:30:32.598825-03:00,11
2025-10-31T18:46:08.073741-03:00,12
2025-10-31T18:57:04.296614-03:00,9
2025-10-31T19:22:35.456422-03:00,10
2025-10-31T19:41:01.632163-03:00,5
2025-10-31T19:56:28.364181-03:00,8
2025-10-31T20:20:38.598755-03:00,5
2025-10-31T20:36:30.571324-03:00,5
2025-10-31T20:47:22.406637-03:00,7
2025-10-31T20:58:10.386531-03:00,7
2025-10-31T23:07:14.145441-03:00,3
2025-11-01T00:17:36.796885-03:00,3
2025-11-01T00:51:11.953264-03:00,4
2025-11-01T01:21:27.118136-03:00,4
2025-11-01T01:41:20.129083-03:00,4
2025-11-01T01:56:24.448220-03:00,4
2025-11-01T02:21:30.996795-03:00,4
2025-11-01T02:40:07.192074-03:00,1
2025-11-01T02:51:10.186654-03:00,1
2025-11-01T03:27:55.634831-03:00,2
2025-11-01T03:47:35.611532-03:00,4
2025-11-01T03:58:41.844235-03:00,3
2025-11-01T04:22:49.376905-03:00,7
2025-11-01T04:37:18.896932-03:00,3
2025-11-01T04:47:52.648941-03:00,3
2025-11-01T04:58:27.452521-03:00,3
2025-11-01T05:31:12.869938-03:00,3
2025-11-01T05:49:03.646959-03:00,3
2025-11-01T05:59:40.770813-03:00,2
2025-11-01T06:25:11.104048-03:00,2
2025-11-01T06:38:11.918103-03:00,2
2025-11-01T06:49:04.062402-03:00,2
2025-11-01T06:59:42.910006-03:00,1
2025-11-01T07:26:58.207029-03:00,13
2025-11-01T07:41:58.740387-03:00,13
2025-11-01T07:56:13.336169-03:00,13
2025-11-01T08:16:35.555513-03:00,13
2025-11-01T08:27:38.551202-03:00,13
2025-11-01T08:40:00.312119-03:00,1
2025-11-01T08:51:08.223019-03:00,1
2025-11-01T09:37:04.725974-03:00,2
2025-11-01T10:04:22.190837-03:00,2
2025-11-01T10:30:51.905646-03:00,2
2025-11-01T10:46:06.337362-03:00,1
2025-11-01T10:56:37.074027-03:00,2
2025-11-01T11:19:01.869999-03:00,3
2025-11-01T11:33:49.206144-03:00,2
2025-11-01T11:46:04.339725-03:00,3
2025-11-01T11:56:46.616607-03:00,4
2025-11-01T12:20:03.568681-03:00,2
2025-11-01T12:31:14.354090-03:00,8
2025-11-01T12:46:16.759378-03:00,7
2025-11-01T12:57:03.348122-03:00,4
2025-11-01T13:26:34.958630-03:00,12
2025-11-01T13:42:37.564425-03:00,8
2025-11-01T13:56:16.598390-03:00,8
2025-11-01T14:17:30.637799-03:00,3
2025-11-01T14:30:50.119796-03:00,8
2025-11-01T14:46:24.656779-03:00,5
2025-11-01T14:56:56.201935-03:00,4
2025-11-01T15:30:27.285400-03:00,7
2025-11-01T15:48:24.681864-03:00,9
2025-11-01T15:59:00.322072-03:00,9
2025-11-01T16:18:19.433820-03:00,7
2025-11-01T16:29:24.149546-03:00,5
2025-11-01T16:40:44.912363-03:00,6
2025-11-01T16:56:03.709144-03:00,5
2025-11-01T17:20:59.500907-03:00,5
2025-11-01T17:38:08.909068-03:00,7
2025-11-01T17:49:08.071559-03:00,7
2025-11-01T17:59:42.954862-03:00,9
2025-11-01T18:21:43.984735-03:00,6
2025-11-01T18:37:11.157973-03:00,9
2025-11-01T18:47:59.852979-03:00,9
2025-11-01T18:58:33.030538-03:00,8
2025-11-01T19:23:30.950501-03:00,9
2025-11-01T19:39:06.653847-03:00,9
2025-11-01T19:49:33.983318-03:00,9
2025-11-01T20:00:15.912000-03:00,7
2025-11-01T20:25:11.408499-03:00,6
2025-11-01T20:37:46.046411-03:00,6
2025-11-01T20:48:28.947536-03:00,6
2025-11-01T20:59:04.036162-03:00,4
2025-11-01T23:10:38.878284-03:00,3
2025-11-02T00:30:49.997503-03:00,4
2025-11-02T00:59:36.055240-03:00,2
2025-11-02T01:31:19.146572-03:00,1
2025-11-02T01:48:54.421078-03:00,7
2025-11-02T01:59:40.206019-03:00,7
2025-11-02T02:27:01.757067-03:00,2
2025-11-02T02:41:58.700003-03:00,4
2025-11-02T02:56:07.864124-03:00,4
2025-11-02T03:32:11.969915-03:00,2
2025-11-02T03:51:26.983854-03:00,7
2025-11-02T04:18:15.893943-03:00,7
2025-11-02T04:30:46.676199-03:00,7
2025-11-02T04:45:53.030097-03:00,7
2025-11-02T04:56:44.189078-03:00,7
2025-11-02T05:26:55.758846-03:00,7
2025-11-02T05:42:50.145248-03:00,7
2025-11-02T05:55:49.635007-03:00,7
2025-11-02T06:18:56.383702-03:00,7
2025-11-02T06:30:58.736091-03:00,7
2025-11-02T06:46:00.606087-03:00,7
2025-11-02T06:56:40.274551-03:00,7
2025-11-02T07:21:38.686444-03:00,7
2025-11-02T07:40:06.029756-03:00,7
2025-11-02T07:51:08.567380-03:00,7
2025-11-02T08:14:57.610815-03:00,7
2025-11-02T08:27:14.692561-03:00,7
2025-11-02T08:39:23.520260-03:00,7
2025-11-02T08:50:01.380992-03:00,7
2025-11-02T09:13:45.362577-03:00,2
2025-11-02T09:54:41.871676-03:00,3
2025-11-02T10:23:33.501776-03:00,3
2025-11-02T10:38:55.813268-03:00,2
2025-11-02T10:49:39.261480-03:00,2
2025-11-02T11:00:33.954214-03:00,4
2025-11-02T11:27:49.418691-03:00,2
2025-11-02T11:41:10.351681-03:00,5
2025-11-02T11:55:47.359289-03:00,1
2025-11-02T12:18:54.921340-03:00,4
2025-11-02T12:31:35.834488-03:00,4
2025-11-02T12:45:53.615890-03:00,6
2025-11-02T12:56:36.382156-03:00,3
2025-11-02T13:26:01.244044-03:00,10
2025-11-02T13:43:43.073722-03:00,9
2025-11-02T13:56:13.139272-03:00,6
2025-11-02T14:17:44.318154-03:00,10
2025-11-02T14:31:58.470256-03:00,5
2025-11-02T14:46:01.055057-03:00,11
2025-11-02T14:57:09.800310-03:00,8
2025-11-02T15:30:25.108024-03:00,10
2025-11-02T15:48:17.016726-03:00,10
2025-11-02T15:58:52.136649-03:00,10
2025-11-02T16:18:34.725966-03:00,7
2025-11-02T16:29:11.366541-03:00,8
2025-11-02T16:40:14.298585-03:00,9
2025-11-02T16:51:12.551127-03:00,9
2025-11-02T17:19:58.457854-03:00,7
2025-11-02T17:34:16.788708-03:00,9
2025-11-02T17:46:22.734655-03:00,8
2025-11-02T17:57:07.308391-03:00,9
2025-11-02T18:19:42.166445-03:00,11
2025-11-02T18:30:20.570790-03:00,12
2025-11-02T18:46:12.764264-03:00,7
2025-11-02T18:56:46.933016-03:00,9
2025-11-02T19:20:39.879331-03:00,10
2025-11-02T19:49:25.915488-03:00,4
2025-11-02T19:49:53.571272-03:00,4
2025-11-02T20:01:14.824449-03:00,5
2025-11-02T20:25:06.904906-03:00,11
2025-11-02T20:37:40.768655-03:00,10
2025-11-02T20:48:54.814143-03:00,10
2025-11-02T20:59:27.997866-03:00,5
2025-11-02T23:09:55.887966-03:00,6
2025-11-03T00:33:24.708992-03:00,4
2025-11-03T01:03:44.710945-03:00,2
2025-11-03T01:38:22.140325-03:00,5
2025-11-03T01:54:12.893043-03:00,2
2025-11-03T02:21:11.823229-03:00,3
2025-11-03T02:42:29.325548-03:00,1
2025-11-03T02:56:20.631368-03:00,3
2025-11-03T03:36:00.507984-03:00,13
2025-11-03T03:56:01.750581-03:00,13
2025-11-03T04:21:58.291002-03:00,3
2025-11-03T04:40:13.484941-03:00,3
2025-11-03T04:51:23.504870-03:00,3
2025-11-03T05:29:34.586642-03:00,13
2025-11-03T05:52:26.777637-03:00,13
2025-11-03T06:25:36.349725-03:00,13
2025-11-03T06:45:12.549259-03:00,13
2025-11-03T06:55:50.033746-03:00,1
2025-11-03T07:26:12.973841-03:00,3
2025-11-03T07:47:21.382639-03:00,3
2025-11-03T07:58:08.853306-03:00,3
2025-11-03T08:22:34.009456-03:00,6
2025-11-03T08:38:19.337879-03:00,7
2025-11-03T08:49:32.455888-03:00,7
2025-11-03T09:00:31.598098-03:00,6
2025-11-03T09:59:28.163946-03:00,8
2025-11-03T10:37:17.824201-03:00,5
2025-11-03T10:51:21.031373-03:00,5
2025-11-03T11:20:31.195768-03:00,8
2025-11-03T11:45:07.518673-03:00,10
2025-11-03T11:56:04.203403-03:00,11
2025-11-03T12:24:03.281153-03:00,9
2025-11-03T12:43:01.280560-03:00,5
2025-11-03T12:56:31.764196-03:00,6
2025-11-03T13:28:06.384384-03:00,10
2025-11-03T13:49:34.692253-03:00,9
2025-11-03T14:00:32.572631-03:00,9
2025-11-03T14:29:50.939862-03:00,6
2025-11-03T14:44:14.906425-03:00,12
2025-11-03T14:56:00.891091-03:00,7
2025-11-03T15:30:59.169936-03:00,11
2025-11-03T15:50:54.033526-03:00,9
2025-11-03T16:16:10.269416-03:00,7
2025-11-03T16:28:27.467475-03:00,10
2025-11-03T16:40:48.850011-03:00,9
2025-11-03T16:56:22.142203-03:00,7
2025-11-03T17:26:08.029078-03:00,12
2025-11-03T17:43:18.535968-03:00,8
2025-11-03T17:55:48.513583-03:00,12
2025-11-03T18:19:45.004216-03:00,11
2025-11-03T18:33:27.934629-03:00,9
2025-11-03T18:46:29.215612-03:00,13
2025-11-03T18:57:28.704316-03:00,9
2025-11-03T19:25:12.874791-03:00,9
2025-11-03T19:41:21.262856-03:00,12
2025-11-03T19:56:15.039482-03:00,10
2025-11-03T20:21:05.881125-03:00,13
2025-11-03T20:38:36.915338-03:00,6
2025-11-03T20:49:40.005931-03:00,6
2025-11-03T21:00:29.050664-03:00,6
2025-11-03T23:06:55.587773-03:00,5
2025-11-04T00:17:15.027575-03:00,4
2025-11-04T00:50:22.236629-03:00,5
2025-11-04T01:23:54.829264-03:00,4
2025-11-04T01:44:17.772153-03:00,2
2025-11-04T01:56:09.224983-03:00,2
2025-11-04T02:22:42.628429-03:00,7
2025-11-04T02:42:36.756201-03:00,5
2025-11-04T02:55:55.788981-03:00,5
2025-11-04T03:34:31.096958-03:00,5
2025-11-04T03:55:03.322562-03:00,4
2025-11-04T04:20:26.789527-03:00,5
2025-11-04T04:40:34.844903-03:00,5
2025-11-04T04:56:03.645386-03:00,3
2025-11-04T05:31:06.246275-03:00,5
2025-11-04T05:54:50.303204-03:00,1
2025-11-04T06:23:37.070264-03:00,2
2025-11-04T06:44:17.352612-03:00,4
2025-11-04T06:56:31.737886-03:00,2
2025-11-04T07:27:54.903683-03:00,1
2025-11-04T07:49:26.979864-03:00,4
2025-11-04T08:00:22.240790-03:00,4
2025-11-04T08:25:15.853767-03:00,13
2025-11-04T08:39:47.119560-03:00,2
2025-11-04T08:50:52.598383-03:00,2
2025-11-04T09:46:07.352993-03:00,2
2025-11-04T10:25:02.877809-03:00,2
2025-11-04T10:50:26.849348-03:00,1
2025-11-04T11:21:35.196530-03:00,1
2025-11-04T11:45:51.808221-03:00,4
2025-11-04T11:57:18.836949-03:00,1
2025-11-04T12:28:37.877403-03:00,4
2025-11-04T12:45:57.141176-03:00,4
2025-11-04T12:57:27.167074-03:00,6
2025-11-04T13:31:33.098374-03:00,4
2025-11-04T13:53:55.419127-03:00,8
2025-11-04T14:16:31.170772-03:00,4
2025-11-04T14:33:50.472069-03:00,4
2025-11-04T14:46:47.602332-03:00,7
2025-11-04T14:57:21.872670-03:00,7
2025-11-04T15:36:47.783389-03:00,6
2025-11-04T15:53:09.759516-03:00,10
2025-11-04T16:16:38.016918-03:00,10
2025-11-04T16:29:27.752716-03:00,8
2025-11-04T16:41:06.315443-03:00,10
2025-11-04T16:56:23.958310-03:00,10
2025-11-04T17:27:04.128271-03:00,9
2025-11-04T17:44:21.836761-03:00,11
2025-11-04T17:56:16.559257-03:00,7
2025-11-04T18:20:48.549389-03:00,11
2025-11-04T18:39:01.371936-03:00,7
2025-11-04T18:49:37.585897-03:00,7
2025-11-04T19:00:09.996235-03:00,10
2025-11-04T19:27:14.901995-03:00,8
2025-11-04T19:43:40.724416-03:00,5
2025-11-04T19:56:17.275224-03:00,7
2025-11-04T20:21:06.164308-03:00,4
2025-11-04T20:38:58.370776-03:00,5
2025-11-04T20:50:04.525280-03:00,5
2025-11-04T21:43:15.010218-03:00,6
2025-11-04T23:24:08.661530-03:00,6
2025-11-05T00:31:54.773333-03:00,6
2025-11-05T00:58:46.675475-03:00,3
2025-11-05T01:32:16.029067-03:00,3
2025-11-05T01:50:08.792833-03:00,4
2025-11-05T02:01:28.609339-03:00,2
2025-11-05T02:32:04.110591-03:00,5
2025-11-05T02:47:10.968956-03:00,3
2025-11-05T02:58:15.855136-03:00,2
2025-11-05T03:39:23.157541-03:00,2
2025-11-05T03:56:00.323064-03:00,1
2025-11-05T04:22:02.461117-03:00,3
2025-11-05T04:40:35.691191-03:00,1
2025-11-05T04:56:20.631676-03:00,12
2025-11-05T05:32:06.146965-03:00,12
2025-11-05T05:55:01.810225-03:00,12
2025-11-05T06:23:36.273670-03:00,12
2025-11-05T06:44:49.465575-03:00,12
2025-11-05T06:56:27.617514-03:00,12
2025-11-05T07:26:39.972878-03:00,12
2025-11-05T07:47:11.034537-03:00,12
2025-11-05T07:57:48.734263-03:00,12
2025-11-05T08:23:33.526266-03:00,4
2025-11-05T08:39:01.718053-03:00,1
2025-11-05T08:49:50.909091-03:00,1
2025-11-05T09:00:43.879498-03:00,2
2025-11-05T09:59:43.733705-03:00,1
2025-11-05T10:39:06.889605-03:00,1
2025-11-05T10:53:55.478312-03:00,2
2025-11-05T11:20:48.929832-03:00,2
2025-11-05T11:45:36.458441-03:00,7
2025-11-05T11:57:08.336319-03:00,8
2025-11-05T12:25:23.752937-03:00,11
2025-11-05T12:43:09.542916-03:00,6
2025-11-05T12:56:36.521126-03:00,8
2025-11-05T13:32:00.366148-03:00,8
2025-11-05T13:55:38.109856-03:00,13
2025-11-05T14:20:22.743269-03:00,7
2025-11-05T14:41:08.003745-03:00,5
2025-11-05T14:56:32.837902-03:00,5
2025-11-05T15:33:58.855404-03:00,7
2025-11-05T15:54:03.489405-03:00,6
2025-11-05T16:17:05.452720-03:00,6
2025-11-05T16:29:56.745784-03:00,7
2025-11-05T16:41:29.719560-03:00,7
2025-11-05T16:56:26.821405-03:00,6
2025-11-05T17:27:07.043137-03:00,10
2025-11-05T17:44:54.868593-03:00,6
2025-11-05T17:55:53.130837-03:00,13
2025-11-05T18:20:22.302811-03:00,9
2025-11-05T18:37:59.968884-03:00,9
2025-11-05T18:48:49.888174-03:00,9
2025-11-05T18:59:33.827230-03:00,13
2025-11-05T19:27:46.685438-03:00,10
2025-11-05T19:43:57.802197-03:00,7
2025-11-05T19:56:21.390111-03:00,7
2025-11-05T20:21:31.507489-03:00,5
2025-11-05T20:39:58.160397-03:00,7
2025-11-05T20:50:27.524816-03:00,7
2025-11-05T22:41:05.431468-03:00,8
2025-11-06T00:06:09.391681-03:00,4
2025-11-06T00:53:19.142993-03:00,6
2025-11-06T01:27:10.092554-03:00,6
2025-11-06T01:48:33.590155-03:00,4
2025-11-06T01:59:30.186817-03:00,1
2025-11-06T02:29:02.263598-03:00,5
2025-11-06T02:44:42.855015-03:00,3
2025-11-06T02:56:31.012063-03:00,3
2025-11-06T03:35:53.637989-03:00,4
2025-11-06T03:55:50.430421-03:00,7
2025-11-06T04:20:47.789651-03:00,4
2025-11-06T04:39:28.926415-03:00,5
2025-11-06T04:50:28.392356-03:00,5
2025-11-06T05:28:46.364501-03:00,3
2025-11-06T05:51:28.723572-03:00,4
2025-11-06T06:22:56.783652-03:00,5
2025-11-06T06:43:37.262683-03:00,5
2025-11-06T06:56:01.905391-03:00,7
2025-11-06T07:26:08.433303-03:00,3
2025-11-06T07:47:03.195701-03:00,5
2025-11-06T07:57:32.762521-03:00,2
2025-11-06T08:23:04.183619-03:00,3
2025-11-06T08:39:00.297626-03:00,2
2025-11-06T08:50:17.663616-03:00,2
2025-11-06T09:42:36.339733-03:00,3
2025-11-06T10:22:58.402506-03:00,5
2025-11-06T10:48:27.012977-03:00,4
2025-11-06T10:59:13.090397-03:00,6
2025-11-06T11:29:16.455554-03:00,3
2025-11-06T11:47:57.719902-03:00,5
2025-11-06T12:21:14.745656-03:00,3
2025-11-06T12:24:48.581514-03:00,3
2025-11-06T12:30:46.581287-03:00,3
2025-11-06T12:50:42.831615-03:00,1
2025-11-06T13:27:53.764271-03:00,4
2025-11-06T13:53:12.853230-03:00,3
2025-11-06T14:19:47.907035-03:00,2
2025-11-06T14:38:51.059108-03:00,4
2025-11-06T14:50:28.304887-03:00,4
2025-11-06T15:31:09.259048-03:00,3
2025-11-06T15:55:13.132056-03:00,2
2025-11-06T16:16:53.710644-03:00,8
2025-11-06T16:29:20.785352-03:00,8
2025-11-06T16:41:18.035666-03:00,5
2025-11-06T16:55:51.981740-03:00,8
2025-11-06T17:24:57.211592-03:00,10
2025-11-06T17:42:41.965088-03:00,5
2025-11-06T17:56:05.401251-03:00,10
2025-11-06T18:20:03.335277-03:00,8
2025-11-06T18:33:16.223689-03:00,10
2025-11-06T18:46:19.316218-03:00,10
2025-11-06T18:57:17.341179-03:00,9
2025-11-06T19:24:20.104585-03:00,7
2025-11-06T19:41:51.128308-03:00,7
2025-11-06T19:56:14.334857-03:00,7
2025-11-06T20:20:38.544258-03:00,8
2025-11-06T20:38:27.458065-03:00,6
2025-11-06T20:49:46.671828-03:00,6
2025-11-06T21:01:10.570509-03:00,3
2025-11-07T00:18:05.879624-03:00,1
2025-11-07T00:51:36.133418-03:00,2
2025-11-07T01:23:32.419546-03:00,2
2025-11-07T01:44:31.053183-03:00,3
2025-11-07T01:55:49.526125-03:00,3
2025-11-07T02:21:40.240481-03:00,2
2025-11-07T02:42:24.050320-03:00,1
2025-11-07T02:56:19.863820-03:00,1
2025-11-07T03:35:13.235329-03:00,11
2025-11-07T03:54:57.646987-03:00,11
2025-11-07T04:19:29.224395-03:00,2
2025-11-07T04:35:06.306475-03:00,2
2025-11-07T04:46:03.213867-03:00,1
2025-11-07T04:56:39.460790-03:00,11
2025-11-07T05:32:45.199892-03:00,2
2025-11-07T05:53:39.764345-03:00,3
2025-11-07T06:22:02.037761-03:00,2
2025-11-07T06:41:21.804989-03:00,3
2025-11-07T06:55:55.340817-03:00,11
2025-11-07T07:24:32.073301-03:00,3
2025-11-07T07:44:21.285581-03:00,3
2025-11-07T07:55:45.555600-03:00,3
2025-11-07T09:51:10.520960-03:00,1
2025-11-07T10:28:51.448468-03:00,3
2025-11-07T10:46:13.105862-03:00,4
2025-11-07T10:57:23.165991-03:00,6
2025-11-07T11:25:30.122028-03:00,2
2025-11-07T11:43:05.523522-03:00,2
2025-11-07T11:56:15.991376-03:00,4
2025-11-07T12:23:42.212449-03:00,4
2025-11-07T12:41:24.563321-03:00,4
2025-11-07T12:56:24.760526-03:00,3
2025-11-07T13:26:35.384500-03:00,3
2025-11-07T13:46:34.981719-03:00,3
2025-11-07T13:57:44.927559-03:00,5
2025-11-07T14:23:39.984081-03:00,3
2025-11-07T14:40:07.543350-03:00,3
2025-11-07T14:51:17.050962-03:00,3
2025-11-07T15:29:05.706663-03:00,9
2025-11-07T15:48:01.318165-03:00,3
2025-11-07T15:59:00.359945-03:00,5
2025-11-07T16:22:24.668445-03:00,2
2025-11-07T16:37:37.519584-03:00,2
2025-11-07T16:48:43.698420-03:00,5
2025-11-07T16:59:30.506643-03:00,6
2025-11-07T17:26:52.030108-03:00,9
2025-11-07T17:41:06.729627-03:00,7
2025-11-07T17:55:44.026162-03:00,8
2025-11-07T18:15:41.934176-03:00,7
2025-11-07T18:29:11.233811-03:00,7
2025-11-07T18:41:23.248599-03:00,9
2025-11-07T18:55:55.628264-03:00,5
2025-11-07T19:20:07.989020-03:00,7
2025-11-07T19:37:47.390687-03:00,9
2025-11-07T19:48:45.760342-03:00,9
2025-11-07T19:59:11.258570-03:00,9
2025-11-07T20:23:57.064708-03:00,8
2025-11-07T20:37:36.870440-03:00,8
2025-11-07T20:48:36.578608-03:00,5
2025-11-07T20:59:16.069260-03:00,3
2025-11-07T22:58:25.109619-03:00,1
2025-11-08T00:08:37.643529-03:00,4
2025-11-08T00:43:17.279544-03:00,6
2025-11-08T00:56:32.075765-03:00,6
2025-11-08T01:26:55.978676-03:00,6
2025-11-08T01:43:24.343233-03:00,6
2025-11-08T01:55:53.619289-03:00,6
2025-11-08T02:20:17.585114-03:00,4
2025-11-08T02:40:00.218563-03:00,6
2025-11-08T02:51:03.073019-03:00,1
2025-11-08T03:28:17.852766-03:00,6
2025-11-08T03:48:45.690402-03:00,6
2025-11-08T03:59:49.617833-03:00,6
2025-11-08T04:23:42.170523-03:00,6
2025-11-08T04:37:21.042040-03:00,6
2025-11-08T04:48:17.962953-03:00,6
2025-11-08T04:59:00.311936-03:00,6
2025-11-08T05:32:04.277887-03:00,6
2025-11-08T05:49:45.742360-03:00,6
2025-11-08T06:00:59.766469-03:00,6
2025-11-08T06:27:05.549028-03:00,6
2025-11-08T06:39:51.705087-03:00,6
2025-11-08T06:50:38.750239-03:00,6
2025-11-08T07:19:21.453622-03:00,6
2025-11-08T07:37:21.272075-03:00,6
2025-11-08T07:48:34.532038-03:00,6
2025-11-08T07:59:06.022556-03:00,6
2025-11-08T08:20:08.333131-03:00,1
2025-11-08T08:31:12.292947-03:00,3
2025-11-08T08:46:05.406370-03:00,3
2025-11-08T08:57:06.699803-03:00,3
2025-11-08T09:45:10.986880-03:00,1
2025-11-08T10:12:50.467603-03:00,4
2025-11-08T10:34:35.880891-03:00,1
2025-11-08T10:46:07.261134-03:00,2
2025-11-08T10:56:45.558629-03:00,2
2025-11-08T11:19:31.677432-03:00,3
2025-11-08T11:34:51.029895-03:00,3
2025-11-08T11:46:04.538890-03:00,3
2025-11-08T11:56:31.077900-03:00,5
2025-11-08T12:20:36.660810-03:00,10
2025-11-08T12:38:02.651865-03:00,7
2025-11-08T12:49:14.392043-03:00,7
2025-11-08T13:00:04.828026-03:00,11
2025-11-08T13:31:10.863102-03:00,8
2025-11-08T13:49:05.651129-03:00,11
2025-11-08T14:00:03.965046-03:00,5
2025-11-08T14:22:39.958625-03:00,8
2025-11-08T14:37:51.285801-03:00,10
2025-11-08T14:48:56.969295-03:00,10
2025-11-08T14:59:53.116384-03:00,11
2025-11-08T15:35:16.167987-03:00,12
2025-11-08T15:50:04.772740-03:00,13
2025-11-08T16:01:30.546079-03:00,8
2025-11-08T16:22:10.835931-03:00,10
2025-11-08T16:37:49.156117-03:00,10
2025-11-08T16:48:54.340287-03:00,10
2025-11-08T16:59:43.917536-03:00,11
2025-11-08T17:26:06.442520-03:00,8
2025-11-08T17:39:24.969645-03:00,8
2025-11-08T17:50:20.820998-03:00,12
2025-11-08T18:16:08.292004-03:00,11
2025-11-08T18:28:28.139085-03:00,13
2025-11-08T18:40:02.965616-03:00,13
2025-11-08T18:50:53.579850-03:00,13
2025-11-08T19:17:21.102738-03:00,14
2025-11-08T19:32:56.701139-03:00,11
2025-11-08T19:45:47.219825-03:00,8
2025-11-08T19:56:19.807165-03:00,7
2025-11-08T20:19:25.520793-03:00,11
2025-11-08T20:30:03.116770-03:00,7
2025-11-08T20:41:39.962760-03:00,7
2025-11-08T20:55:47.328346-03:00,9
2025-11-08T22:48:50.214405-03:00,8
2025-11-09T00:05:27.478715-03:00,8
2025-11-09T00:49:51.391284-03:00,6
2025-11-09T01:11:09.615772-03:00,6
2025-11-09T01:38:02.119278-03:00,4
2025-11-09T01:50:32.329177-03:00,4
2025-11-09T02:18:58.232566-03:00,4
2025-11-09T02:36:20.852396-03:00,2
2025-11-09T02:46:55.597088-03:00,3
2025-11-09T02:57:27.386038-03:00,3
2025-11-09T03:35:04.202576-03:00,5
2025-11-09T03:51:26.499940-03:00,4
2025-11-09T04:18:15.169179-03:00,3
2025-11-09T04:31:01.611749-03:00,4
2025-11-09T04:46:17.200954-03:00,2
2025-11-09T04:56:49.516310-03:00,5
2025-11-09T05:27:46.475483-03:00,2
2025-11-09T05:44:00.796952-03:00,4
2025-11-09T05:56:15.805647-03:00,4
2025-11-09T06:19:59.681889-03:00,4
2025-11-09T06:32:19.494607-03:00,4
2025-11-09T06:45:58.438124-03:00,5
2025-11-09T06:56:30.872434-03:00,6
2025-11-09T07:21:57.258132-03:00,5
2025-11-09T07:40:17.835406-03:00,5
2025-11-09T07:55:44.945111-03:00,4
2025-11-09T08:16:22.946084-03:00,4
2025-11-09T08:27:38.127983-03:00,4
2025-11-09T08:39:52.345249-03:00,4
2025-11-09T08:50:40.175537-03:00,5
2025-11-09T09:37:23.746355-03:00,6
2025-11-09T10:04:39.281016-03:00,8
2025-11-09T10:31:21.701730-03:00,5
2025-11-09T10:46:02.693553-03:00,6
2025-11-09T10:56:52.321714-03:00,4
2025-11-09T11:19:39.817003-03:00,4
2025-11-09T11:33:06.511006-03:00,4
2025-11-09T11:45:58.540443-03:00,4
2025-11-09T11:56:28.992001-03:00,5
2025-11-09T12:20:16.962861-03:00,1
2025-11-09T12:37:54.921018-03:00,1
2025-11-09T12:48:58.364070-03:00,1
2025-11-09T12:59:45.096370-03:00,4
2025-11-09T13:30:16.457788-03:00,8
2025-11-09T13:47:54.523672-03:00,5
2025-11-09T13:58:31.086976-03:00,5
2025-11-09T14:21:13.101168-03:00,9
2025-11-09T14:38:05.052838-03:00,7
2025-11-09T14:49:05.783588-03:00,7
2025-11-09T14:59:56.036652-03:00,7
2025-11-09T15:33:59.498631-03:00,7
2025-11-09T15:48:58.895055-03:00,4
2025-11-09T15:59:26.130019-03:00,4
2025-11-09T16:19:21.646070-03:00,5
2025-11-09T16:30:21.374786-03:00,5
2025-11-09T16:46:05.095522-03:00,9
2025-11-09T16:56:32.283142-03:00,7
2025-11-09T17:23:03.766492-03:00,12
2025-11-09T17:39:04.224120-03:00,12
2025-11-09T17:49:51.935019-03:00,7
2025-11-09T18:00:57.748060-03:00,8
2025-11-09T18:24:29.204590-03:00,8
2025-11-09T18:37:20.515425-03:00,9
2025-11-09T18:48:23.960642-03:00,9
2025-11-09T18:58:48.548980-03:00,7
2025-11-09T19:24:35.467085-03:00,12
2025-11-09T19:39:38.659673-03:00,7
2025-11-09T19:50:38.818053-03:00,7
2025-11-09T20:18:01.639095-03:00,6
2025-11-09T20:30:53.944327-03:00,9
2025-11-09T20:46:10.925072-03:00,7
2025-11-09T20:56:42.747537-03:00,7
2025-11-09T22:59:59.986801-03:00,3
2025-11-10T00:24:14.391057-03:00,7
2025-11-10T01:03:21.406551-03:00,7
2025-11-10T01:52:33.378102-03:00,2
2025-11-10T02:21:28.977600-03:00,1
2025-11-10T02:42:56.417220-03:00,10
2025-11-10T02:56:08.283651-03:00,10
2025-11-10T03:36:10.180949-03:00,10
2025-11-10T03:56:13.746651-03:00,10
2025-11-10T04:22:38.516183-03:00,10
2025-11-10T04:39:46.833220-03:00,10
2025-11-10T04:50:26.667571-03:00,10
2025-11-10T05:29:55.883178-03:00,10
2025-11-10T05:52:42.031622-03:00,10
2025-11-10T06:25:28.557978-03:00,10
2025-11-10T06:45:18.088393-03:00,10
2025-11-10T06:55:47.711760-03:00,10
2025-11-10T07:26:13.925603-03:00,10
2025-11-10T07:47:33.930889-03:00,10
2025-11-10T07:58:07.340901-03:00,10
2025-11-10T08:23:45.903968-03:00,10
2025-11-10T08:39:03.221329-03:00,10
2025-11-10T08:49:54.435019-03:00,10
2025-11-10T09:16:33.831124-03:00,10
2025-11-10T10:03:55.051870-03:00,2
2025-11-10T10:40:50.418555-03:00,2
2025-11-10T10:56:21.580825-03:00,3
2025-11-10T11:23:55.953639-03:00,3
2025-11-10T11:44:35.727254-03:00,5
2025-11-10T11:56:24.985105-03:00,8
2025-11-10T12:26:34.517494-03:00,9
2025-11-10T12:44:03.161452-03:00,6
2025-11-10T12:56:26.854593-03:00,6
2025-11-10T13:31:49.241196-03:00,9
2025-11-10T13:54:33.813233-03:00,11
2025-11-10T14:18:45.607557-03:00,4
2025-11-10T14:35:47.752689-03:00,9
2025-11-10T14:46:47.381599-03:00,11
2025-11-10T14:57:31.236850-03:00,11
2025-11-10T15:37:33.308293-03:00,7
2025-11-10T15:52:07.992859-03:00,12
2025-11-10T16:16:54.618585-03:00,7
2025-11-10T16:29:41.180528-03:00,12
2025-11-10T16:41:30.675477-03:00,12
2025-11-10T16:55:52.412175-03:00,12
2025-11-10T17:26:51.092640-03:00,11
2025-11-10T17:45:36.985269-03:00,12
2025-11-10T17:56:59.414127-03:00,9
2025-11-10T18:22:58.883288-03:00,12
2025-11-10T18:39:28.628084-03:00,10
2025-11-10T18:50:14.388646-03:00,10
2025-11-10T19:09:47.413913-03:00,11
2025-11-10T19:33:43.945537-03:00,9
2025-11-10T19:47:47.547042-03:00,10
2025-11-10T19:58:14.675981-03:00,13
2025-11-10T20:25:19.132800-03:00,5
2025-11-10T20:39:32.987522-03:00,5
2025-11-10T20:50:26.143536-03:00,9
2025-11-10T22:41:51.177948-03:00,5
2025-11-11T00:05:38.743637-03:00,3
2025-11-11T00:51:49.713252-03:00,6
2025-11-11T01:25:41.134836-03:00,5
2025-11-11T01:46:14.048440-03:00,4
2025-11-11T01:56:48.341950-03:00,3
2025-11-11T02:25:23.172676-03:00,6
2025-11-11T02:42:36.272948-03:00,4
2025-11-11T02:56:18.601942-03:00,4
2025-11-11T03:35:59.363009-03:00,2
2025-11-11T03:55:57.143390-03:00,1
2025-11-11T04:22:17.242621-03:00,4
2025-11-11T04:40:40.424454-03:00,12
2025-11-11T04:56:07.029373-03:00,12
2025-11-11T05:30:46.417001-03:00,12
2025-11-11T05:54:25.909082-03:00,1
2025-11-11T06:23:07.043040-03:00,12
2025-11-11T06:43:05.085590-03:00,3
2025-11-11T06:56:22.586353-03:00,1
2025-11-11T07:27:08.638271-03:00,2
2025-11-11T07:57:52.251144-03:00,12
2025-11-11T07:58:44.330460-03:00,12
2025-11-11T08:24:21.913208-03:00,4
2025-11-11T08:39:34.506918-03:00,4
2025-11-11T08:50:37.820429-03:00,1
2025-11-11T09:42:54.920366-03:00,1
2025-11-11T10:22:29.160736-03:00,4
2025-11-11T10:47:05.451407-03:00,5
2025-11-11T10:57:56.781720-03:00,2
2025-11-11T11:29:01.959736-03:00,3
2025-11-11T11:47:48.070921-03:00,4
2025-11-11T11:58:58.104454-03:00,3
2025-11-11T12:30:05.679214-03:00,8
2025-11-11T12:45:35.443424-03:00,3
2025-11-11T12:56:09.514237-03:00,5
2025-11-11T13:32:06.114103-03:00,4
2025-11-11T13:52:07.631223-03:00,3
2025-11-11T14:18:45.620759-03:00,3
2025-11-11T14:38:04.330681-03:00,6
2025-11-11T14:49:08.296874-03:00,6
2025-11-11T14:59:48.487345-03:00,12
2025-11-11T15:38:29.968966-03:00,9
2025-11-11T15:54:41.859711-03:00,13
2025-11-11T16:16:28.691067-03:00,8
2025-11-11T16:29:54.819414-03:00,12
2025-11-11T16:41:37.463287-03:00,7
2025-11-11T16:55:39.746795-03:00,7
2025-11-11T17:23:58.923152-03:00,8
2025-11-11T17:42:26.631543-03:00,5
2025-11-11T17:56:00.872181-03:00,5
2025-11-11T18:20:01.687019-03:00,9
2025-11-11T18:34:33.783965-03:00,8
2025-11-11T18:46:13.067836-03:00,12
2025-11-11T18:56:44.677857-03:00,12
2025-11-11T19:23:26.505160-03:00,8
2025-11-11T19:41:23.902733-03:00,8
2025-11-11T19:56:16.816252-03:00,11
2025-11-11T20:20:57.104469-03:00,5
2025-11-11T20:38:59.536618-03:00,5
2025-11-11T20:49:50.417961-03:00,2
2025-11-11T21:41:12.918047-03:00,5
2025-11-11T23:23:30.099147-03:00,2
2025-11-12T00:32:53.418419-03:00,4
2025-11-12T01:33:10.829850-03:00,1
2025-11-12T01:51:01.369530-03:00,3
2025-11-12T02:21:00.347208-03:00,1
2025-11-12T02:42:57.795141-03:00,3
2025-11-12T02:56:17.327603-03:00,3
2025-11-12T03:35:31.583073-03:00,3
2025-11-12T03:55:41.944135-03:00,2
2025-11-12T04:21:19.977824-03:00,5
2025-11-12T04:40:47.484523-03:00,5
2025-11-12T04:55:54.727867-03:00,3
2025-11-12T05:30:52.397840-03:00,2
2025-11-12T05:55:09.738107-03:00,1
2025-11-12T06:23:00.842052-03:00,6
2025-11-12T06:43:26.909743-03:00,6
2025-11-12T06:56:30.445327-03:00,6
2025-11-12T07:27:28.580622-03:00,6
2025-11-12T07:48:25.194646-03:00,6
2025-11-12T07:59:23.607204-03:00,2
2025-11-12T08:24:29.016254-03:00,1
2025-11-12T08:39:31.740842-03:00,1
2025-11-12T08:50:36.296623-03:00,6
2025-11-12T09:43:45.671073-03:00,1
2025-11-12T10:24:11.483240-03:00,4
2025-11-12T10:49:49.217509-03:00,2
2025-11-12T11:00:17.190321-03:00,2
2025-11-12T11:34:23.162195-03:00,4
2025-11-12T11:52:05.059600-03:00,1
2025-11-12T12:23:57.386362-03:00,4
2025-11-12T12:45:08.372160-03:00,8
2025-11-12T12:57:43.464842-03:00,8
2025-11-12T13:36:13.696429-03:00,5
2025-11-12T13:55:52.647019-03:00,7
2025-11-12T14:21:42.975843-03:00,11
2025-11-12T14:41:17.642536-03:00,8
2025-11-12T14:56:21.302472-03:00,5
2025-11-12T15:31:56.936324-03:00,11
2025-11-12T15:52:24.407119-03:00,4
2025-11-12T16:17:10.865655-03:00,9
2025-11-12T16:30:51.676513-03:00,9
2025-11-12T16:46:22.999681-03:00,6
2025-11-12T16:57:00.341835-03:00,11
2025-11-12T17:28:48.637349-03:00,8
2025-11-12T17:44:20.404333-03:00,9
2025-11-12T17:56:25.091153-03:00,6
2025-11-12T18:22:03.177266-03:00,6
2025-11-12T18:39:39.896980-03:00,6
2025-11-12T18:50:48.446600-03:00,6
2025-11-12T19:19:51.108601-03:00,12
2025-11-12T19:35:56.846392-03:00,9
2025-11-12T19:47:01.277272-03:00,8
2025-11-12T19:58:07.129218-03:00,9
2025-11-12T20:25:22.101013-03:00,10
2025-11-12T20:39:55.743987-03:00,10
2025-11-12T20:51:00.195489-03:00,4
2025-11-12T22:42:06.420066-03:00,5
2025-11-13T00:06:36.522267-03:00,3
2025-11-13T00:53:14.843110-03:00,3
2025-11-13T01:26:09.856890-03:00,4
2025-11-13T01:46:56.697790-03:00,4
2025-11-13T01:57:47.103927-03:00,3
2025-11-13T02:28:00.850667-03:00,3
2025-11-13T02:45:29.443752-03:00,4
2025-11-13T02:56:07.477857-03:00,4
2025-11-13T03:34:51.641859-03:00,2
2025-11-13T03:55:29.746723-03:00,7
2025-11-13T04:20:42.505116-03:00,7
2025-11-13T04:40:06.235065-03:00,1
2025-11-13T04:50:56.578414-03:00,7
2025-11-13T05:28:23.490000-03:00,7
2025-11-13T05:51:31.720248-03:00,7
2025-11-13T06:23:35.412531-03:00,7
2025-11-13T06:43:14.934135-03:00,7
2025-11-13T06:55:52.804756-03:00,7
2025-11-13T07:25:53.810464-03:00,7
2025-11-13T07:47:38.844550-03:00,7
2025-11-13T07:58:07.534917-03:00,7
2025-11-13T08:24:52.087030-03:00,7
2025-11-13T08:39:40.056744-03:00,7
2025-11-13T08:50:46.750352-03:00,7
2025-11-13T09:44:45.184863-03:00,7
2025-11-13T10:23:45.360423-03:00,3
2025-11-13T10:50:37.273989-03:00,4
2025-11-13T11:20:17.249119-03:00,3
2025-11-13T11:41:36.083557-03:00,2
2025-11-13T12:25:47.838385-03:00,4
2025-11-13T12:42:27.896530-03:00,5
2025-11-13T12:56:30.544498-03:00,7
2025-11-13T13:29:47.964133-03:00,8
2025-11-13T13:51:46.545441-03:00,12
2025-11-13T14:20:22.745575-03:00,9
2025-11-13T14:42:37.348386-03:00,5
2025-11-13T14:55:53.630072-03:00,8
2025-11-13T15:31:52.725943-03:00,9
2025-11-13T15:53:51.010393-03:00,8
2025-11-13T16:17:04.404261-03:00,10
2025-11-13T16:32:16.014744-03:00,9
2025-11-13T16:46:23.685481-03:00,9
2025-11-13T16:56:46.839320-03:00,6
2025-11-13T17:27:38.378383-03:00,8
2025-11-13T17:44:56.382767-03:00,11
2025-11-13T17:56:22.063521-03:00,7
2025-11-13T18:21:33.098355-03:00,6
2025-11-13T18:37:14.929013-03:00,8
2025-11-13T18:48:22.988188-03:00,8
2025-11-13T18:59:33.349102-03:00,10
2025-11-13T19:28:02.755068-03:00,8
2025-11-13T19:43:10.647646-03:00,7
2025-11-13T19:56:02.641438-03:00,5
2025-11-13T20:21:23.832603-03:00,6
2025-11-13T20:39:05.670090-03:00,6
2025-11-13T20:50:10.195108-03:00,6
2025-11-13T21:43:56.404598-03:00,3
2025-11-13T23:24:12.479552-03:00,3
2025-11-14T00:33:34.746888-03:00,6
2025-11-14T00:59:33.671638-03:00,6
2025-11-14T01:32:22.655379-03:00,3
2025-11-14T01:49:46.203000-03:00,6
2025-11-14T02:00:40.298530-03:00,2
2025-11-14T02:32:22.545640-03:00,2
2025-11-14T02:47:51.507482-03:00,6
2025-11-14T02:58:52.146275-03:00,6
2025-11-14T03:40:46.720514-03:00,6
2025-11-14T03:59:00.522175-03:00,6
2025-11-14T04:26:39.495923-03:00,6
2025-11-14T04:41:23.899997-03:00,6
2025-11-14T04:55:55.728783-03:00,6
2025-11-14T05:51:12.738496-03:00,6
2025-11-14T06:22:14.725322-03:00,6
2025-11-14T06:42:33.912301-03:00,6
2025-11-14T06:56:07.595149-03:00,6
2025-11-14T07:25:51.621148-03:00,6
2025-11-14T07:56:28.560617-03:00,1
2025-11-14T08:20:11.463211-03:00,2
2025-11-14T08:32:22.359809-03:00,6
2025-11-14T08:46:20.887681-03:00,2
2025-11-14T08:57:05.155223-03:00,3
2025-11-14T09:52:06.993250-03:00,2
2025-11-14T10:30:47.289954-03:00,3
2025-11-14T10:49:17.894963-03:00,4
2025-11-14T10:59:51.951145-03:00,6
2025-11-14T11:29:21.211658-03:00,5
2025-11-14T11:43:53.374260-03:00,6
2025-11-14T11:55:48.541017-03:00,9
2025-11-14T12:20:19.287698-03:00,11
2025-11-14T12:40:59.589863-03:00,9
2025-11-14T12:56:19.553536-03:00,9
2025-11-14T13:30:15.615500-03:00,11
2025-11-14T13:53:43.397208-03:00,6
2025-11-14T14:18:11.240751-03:00,12
2025-11-14T14:37:03.780847-03:00,14
2025-11-14T14:48:22.657211-03:00,13
2025-11-14T14:59:00.454068-03:00,13
2025-11-14T15:38:28.292624-03:00,8
2025-11-14T15:54:51.065977-03:00,13
2025-11-14T16:16:44.979251-03:00,10
2025-11-14T16:29:36.831322-03:00,8
2025-11-14T16:41:15.728913-03:00,8
2025-11-14T16:55:56.085881-03:00,9
2025-11-14T17:25:36.463193-03:00,14
2025-11-14T17:42:43.208175-03:00,10
2025-11-14T17:56:24.222047-03:00,10
2025-11-14T18:21:31.163238-03:00,11
2025-11-14T18:39:04.866473-03:00,14
2025-11-14T18:50:10.270021-03:00,14
2025-11-14T19:08:51.237949-03:00,9
2025-11-14T19:32:42.976562-03:00,6
2025-11-14T19:46:35.429809-03:00,11
2025-11-14T19:57:26.718666-03:00,10
2025-11-14T20:23:15.466385-03:00,6
2025-11-14T20:38:41.298330-03:00,6
2025-11-14T20:49:44.911962-03:00,11
2025-11-14T21:00:13.817028-03:00,6
2025-11-14T23:02:58.433565-03:00,1
2025-11-15T00:14:51.948746-03:00,4
2025-11-15T00:47:23.940776-03:00,5
2025-11-15T00:58:51.849944-03:00,5
2025-11-15T01:30:34.397026-03:00,3
2025-11-15T01:48:28.293310-03:00,1
2025-11-15T01:59:22.645112-03:00,3
2025-11-15T02:27:11.405463-03:00,3
2025-11-15T02:42:34.177150-03:00,3
2025-11-15T02:56:00.742093-03:00,3
2025-11-15T03:31:13.698439-03:00,6
2025-11-15T03:50:44.975002-03:00,4
2025-11-15T04:17:40.973767-03:00,2
2025-11-15T04:29:57.803334-03:00,3
2025-11-15T04:40:53.200761-03:00,5
2025-11-15T04:56:17.992591-03:00,7
2025-11-15T05:27:30.408069-03:00,5
2025-11-15T05:45:19.843819-03:00,6
2025-11-15T05:55:45.860831-03:00,6
2025-11-15T06:20:00.700824-03:00,3
2025-11-15T06:32:51.707663-03:00,8
2025-11-15T06:45:55.883006-03:00,4
2025-11-15T06:56:42.717808-03:00,3
2025-11-15T07:22:56.209716-03:00,1
2025-11-15T07:40:43.186047-03:00,1
2025-11-15T07:55:57.659179-03:00,1
2025-11-15T08:16:28.769197-03:00,3
2025-11-15T08:27:54.217184-03:00,2
2025-11-15T08:40:24.388579-03:00,2
2025-11-15T08:55:57.253206-03:00,2
2025-11-15T09:40:57.565295-03:00,4
2025-11-15T10:14:02.251538-03:00,6
2025-11-15T10:35:50.813079-03:00,6
2025-11-15T10:46:58.302451-03:00,6
2025-11-15T10:57:43.054774-03:00,4
2025-11-15T11:22:38.074985-03:00,5
2025-11-15T11:39:38.803021-03:00,8
2025-11-15T11:50:03.826146-03:00,8
2025-11-15T12:07:38.397500-03:00,8
2025-11-15T12:28:28.878518-03:00,10
2025-11-15T12:41:34.115934-03:00,5
2025-11-15T12:56:02.812140-03:00,5
2025-11-15T13:24:52.232768-03:00,6
2025-11-15T13:42:59.659894-03:00,8
2025-11-15T13:55:58.040335-03:00,7
2025-11-15T14:16:42.348767-03:00,7
2025-11-15T14:31:05.194247-03:00,2
2025-11-15T14:46:11.617475-03:00,11
2025-11-15T14:56:30.920745-03:00,6
2025-11-15T15:30:24.565832-03:00,8
2025-11-15T15:49:29.640401-03:00,10
2025-11-15T16:00:04.897068-03:00,9
2025-11-15T16:19:15.255349-03:00,10
2025-11-15T16:29:39.811861-03:00,10
2025-11-15T16:40:48.997448-03:00,8
2025-11-15T16:56:06.051098-03:00,10
2025-11-15T17:22:23.491098-03:00,13
2025-11-15T17:39:08.374138-03:00,9
2025-11-15T17:50:12.796105-03:00,9
2025-11-15T18:16:33.630574-03:00,10
2025-11-15T18:29:16.669510-03:00,10
2025-11-15T18:40:28.277439-03:00,6
2025-11-15T18:55:47.937158-03:00,10
2025-11-15T19:17:21.935882-03:00,10
2025-11-15T19:32:42.038117-03:00,12
2025-11-15T19:46:17.619413-03:00,10
2025-11-15T19:56:46.918433-03:00,11
2025-11-15T20:21:00.997762-03:00,5
2025-11-15T20:37:59.311061-03:00,8
2025-11-15T20:48:51.783822-03:00,8
2025-11-15T20:59:23.081038-03:00,10
2025-11-15T23:18:28.220978-03:00,7
2025-11-16T00:34:20.700404-03:00,4
2025-11-16T01:02:24.978233-03:00,6
2025-11-16T01:36:11.342058-03:00,4
2025-11-16T01:50:15.814393-03:00,1
2025-11-16T02:19:22.814050-03:00,6
2025-11-16T02:37:36.552791-03:00,2
2025-11-16T02:48:14.650086-03:00,2
2025-11-16T02:58:59.271098-03:00,2
2025-11-16T03:38:17.345464-03:00,7
2025-11-16T03:53:06.348985-03:00,6
2025-11-16T04:18:47.336184-03:00,5
2025-11-16T04:31:55.386313-03:00,2
2025-11-16T04:45:49.355245-03:00,1
2025-11-16T04:56:30.841965-03:00,1
2025-11-16T05:29:08.054247-03:00,4
2025-11-16T05:47:00.474823-03:00,3
2025-11-16T05:58:02.701364-03:00,1
2025-11-16T06:25:28.392233-03:00,1
2025-11-16T06:39:14.858919-03:00,1
2025-11-16T06:50:25.192722-03:00,1
2025-11-16T07:19:56.239702-03:00,4
2025-11-16T07:38:18.575153-03:00,4
2025-11-16T07:49:01.435619-03:00,5
2025-11-16T07:59:32.884813-03:00,2
2025-11-16T08:20:53.155979-03:00,4
2025-11-16T08:37:37.143034-03:00,1
2025-11-16T08:48:26.937277-03:00,1
2025-11-16T09:50:42.486876-03:00,1
2025-11-16T10:24:49.977654-03:00,1
2025-11-16T10:40:27.768141-03:00,6
2025-11-16T10:55:58.333714-03:00,6
2025-11-16T11:18:50.081141-03:00,3
2025-11-16T11:35:01.522754-03:00,1
2025-11-16T11:46:37.587540-03:00,5
2025-11-16T11:56:47.528253-03:00,3
2025-11-16T12:22:15.911037-03:00,7
2025-11-16T12:38:18.496126-03:00,3
2025-11-16T12:49:15.397657-03:00,3
2025-11-16T12:59:58.110862-03:00,6
2025-11-16T13:31:14.337295-03:00,6
2025-11-16T13:49:05.362635-03:00,4
2025-11-16T13:59:44.129863-03:00,6
2025-11-16T14:23:04.368620-03:00,7
2025-11-16T14:39:15.262291-03:00,8
2025-11-16T14:50:20.651073-03:00,8
2025-11-16T15:27:22.793362-03:00,12
2025-11-16T15:47:27.960908-03:00,8
2025-11-16T15:58:04.988025-03:00,4
2025-11-16T16:19:57.151305-03:00,8
2025-11-16T16:46:23.842821-03:00,9
2025-11-16T16:57:10.234922-03:00,12
2025-11-16T17:26:22.436884-03:00,8
2025-11-16T17:41:34.899123-03:00,8
2025-11-16T17:56:13.582923-03:00,8
2025-11-16T18:30:58.272440-03:00,12
2025-11-16T18:46:20.461316-03:00,6
2025-11-16T18:57:09.282240-03:00,7
2025-11-16T19:23:00.007579-03:00,11
2025-11-16T19:40:59.984692-03:00,9
2025-11-16T19:56:09.041147-03:00,12
2025-11-16T20:20:12.337364-03:00,8
2025-11-16T20:32:39.588493-03:00,8
2025-11-16T20:46:04.161461-03:00,5
2025-11-16T20:57:04.567871-03:00,3
2025-11-16T23:00:10.674179-03:00,16
2025-11-17T00:21:51.753992-03:00,1
2025-11-17T00:59:13.887731-03:00,2
2025-11-17T01:34:23.324886-03:00,6
2025-11-17T01:51:27.981127-03:00,6
2025-11-17T02:21:20.055169-03:00,6
2025-11-17T02:43:45.424752-03:00,6
2025-11-17T02:56:19.949852-03:00,6
2025-11-17T03:36:06.299820-03:00,6
2025-11-17T03:55:36.444921-03:00,6
2025-11-17T04:21:33.071294-03:00,4
2025-11-17T04:40:21.269248-03:00,2
2025-11-17T04:55:56.111228-03:00,2
2025-11-17T05:32:45.342287-03:00,6
2025-11-17T05:56:06.426610-03:00,6
2025-11-17T06:28:36.792944-03:00,6
2025-11-17T06:47:15.598914-03:00,6
2025-11-17T06:58:03.898225-03:00,6
2025-11-17T07:31:54.540801-03:00,6
2025-11-17T07:51:30.778184-03:00,6
2025-11-17T08:18:19.451947-03:00,6
2025-11-17T08:32:41.549182-03:00,6
2025-11-17T08:46:23.187316-03:00,1
2025-11-17T08:56:50.845180-03:00,1
2025-11-17T09:52:35.689435-03:00,2
2025-11-17T10:32:30.459891-03:00,5
2025-11-17T10:51:46.973664-03:00,5
2025-11-17T11:21:06.846642-03:00,4
2025-11-17T11:45:27.811288-03:00,2
2025-11-17T11:56:38.283230-03:00,2
2025-11-17T12:27:28.559090-03:00,3
2025-11-17T12:45:40.873360-03:00,1
2025-11-17T12:56:37.853150-03:00,6
2025-11-17T13:33:07.034351-03:00,6
2025-11-17T13:55:03.756395-03:00,7
2025-11-17T14:20:08.974803-03:00,6
2025-11-17T14:39:01.275806-03:00,13
2025-11-17T14:50:00.146589-03:00,13
2025-11-17T15:01:16.927622-03:00,10
2025-11-17T15:41:42.405585-03:00,9
2025-11-17T15:56:31.875630-03:00,8
2025-11-17T16:18:53.432635-03:00,6
2025-11-17T16:30:42.346049-03:00,6
2025-11-17T16:45:51.681197-03:00,5
2025-11-17T16:56:43.666453-03:00,9
2025-11-17T17:27:50.489597-03:00,6
2025-11-17T17:42:09.015126-03:00,6
2025-11-17T17:56:20.739060-03:00,6
2025-11-17T18:21:43.647824-03:00,6
2025-11-17T18:40:10.800340-03:00,4
2025-11-17T18:51:06.528379-03:00,4
2025-11-17T19:20:00.907967-03:00,5
2025-11-17T19:38:54.222469-03:00,4
2025-11-17T19:49:57.487303-03:00,7
2025-11-17T20:01:08.483647-03:00,10
2025-11-17T20:28:24.167224-03:00,7
2025-11-17T20:42:28.241201-03:00,5
2025-11-17T22:48:57.515893-03:00,3
2025-11-18T00:04:52.327141-03:00,3
2025-11-18T00:50:36.060256-03:00,3
2025-11-18T01:25:30.078462-03:00,8
2025-11-18T01:45:12.212670-03:00,8
2025-11-18T01:56:25.547003-03:00,8
2025-11-18T02:23:29.011977-03:00,1
2025-11-18T02:42:59.903826-03:00,5
2025-11-18T02:56:21.993605-03:00,5
2025-11-18T03:34:49.758278-03:00,8
2025-11-18T03:54:22.237819-03:00,3
2025-11-18T04:20:27.135556-03:00,1
2025-11-18T04:40:26.779264-03:00,2
2025-11-18T04:56:22.910910-03:00,8
2025-11-18T05:32:04.143140-03:00,8
2025-11-18T05:54:43.736243-03:00,8
2025-11-18T06:23:34.571982-03:00,8
2025-11-18T06:43:44.698923-03:00,8
2025-11-18T06:56:21.657129-03:00,8
2025-11-18T07:27:23.614225-03:00,8
2025-11-18T07:48:13.774116-03:00,8
2025-11-18T07:59:02.131414-03:00,8
2025-11-18T08:25:44.691502-03:00,8
2025-11-18T08:40:04.211835-03:00,8
2025-11-18T08:50:54.179130-03:00,8
2025-11-18T09:43:13.223009-03:00,3
2025-11-18T10:23:08.027931-03:00,3
2025-11-18T10:48:40.562905-03:00,2
2025-11-18T10:59:14.589984-03:00,2
2025-11-18T11:29:40.950752-03:00,2
2025-11-18T11:48:21.168824-03:00,1
2025-11-18T11:59:39.008444-03:00,4
2025-11-18T12:32:10.299127-03:00,6
2025-11-18T12:51:27.422354-03:00,3
2025-11-18T13:28:50.638019-03:00,7
2025-11-18T13:53:42.722376-03:00,9
2025-11-18T14:19:45.548973-03:00,5
2025-11-18T14:38:38.064682-03:00,7
2025-11-18T14:50:04.604344-03:00,7
2025-11-18T15:14:00.135699-03:00,10
2025-11-18T15:46:55.015294-03:00,10
2025-11-18T15:59:43.687814-03:00,5
2025-11-18T16:22:48.729310-03:00,8
2025-11-18T16:37:35.687031-03:00,6
2025-11-18T16:48:52.688861-03:00,6
2025-11-18T16:59:27.937683-03:00,10
2025-11-18T18:48:51.367268-03:00,9
2025-11-18T18:59:41.156090-03:00,10
2025-11-18T19:28:44.542268-03:00,10
2025-11-18T19:44:43.242586-03:00,10
2025-11-18T19:55:49.149269-03:00,10
2025-11-18T20:20:01.322288-03:00,6
2025-11-18T20:31:42.793457-03:00,6
2025-11-18T20:46:24.912955-03:00,7
2025-11-18T20:57:10.395334-03:00,5
2025-11-18T22:58:44.829207-03:00,3
2025-11-19T00:17:08.878873-03:00,5
2025-11-19T00:52:39.358251-03:00,5
2025-11-19T01:25:43.880825-03:00,2
2025-11-19T01:45:42.453859-03:00,2
2025-11-19T01:57:01.943715-03:00,4
2025-11-19T02:26:16.430475-03:00,2
2025-11-19T02:43:55.423201-03:00,4
2025-11-19T02:56:17.589465-03:00,4
2025-11-19T03:35:00.957752-03:00,2
2025-11-19T03:54:34.955569-03:00,4
2025-11-19T04:20:21.164498-03:00,4
2025-11-19T04:40:32.762441-03:00,2
2025-11-19T04:55:57.111606-03:00,2
2025-11-19T05:30:35.840885-03:00,9
2025-11-19T05:54:15.140379-03:00,3
2025-11-19T06:24:09.101856-03:00,9
2025-11-19T06:43:26.155099-03:00,9
2025-11-19T06:56:19.283360-03:00,9
2025-11-19T07:26:44.092273-03:00,3
2025-11-19T07:47:12.350908-03:00,3
2025-11-19T07:58:02.520634-03:00,5
2025-11-19T08:23:57.052181-03:00,3
2025-11-19T08:39:01.219971-03:00,3
2025-11-19T08:50:00.204693-03:00,1
2025-11-19T09:17:14.601859-03:00,2
2025-11-19T10:03:54.951024-03:00,2
2025-11-19T10:41:44.138862-03:00,1
2025-11-19T10:56:56.008226-03:00,2
2025-11-19T11:25:32.825230-03:00,8
2025-11-19T11:45:31.344425-03:00,5
2025-11-19T11:57:10.878226-03:00,4
2025-11-19T12:27:04.092391-03:00,3
2025-11-19T12:41:51.026840-03:00,4
2025-11-19T12:56:22.741838-03:00,2
2025-11-19T13:31:58.960939-03:00,10
2025-11-19T13:54:36.433103-03:00,5
2025-11-19T14:19:41.225685-03:00,9
2025-11-19T14:35:23.919950-03:00,10
2025-11-19T14:46:37.570488-03:00,7
2025-11-19T14:57:19.907733-03:00,9
2025-11-19T15:37:37.950479-03:00,13
2025-11-19T15:52:39.462598-03:00,13
2025-11-19T16:17:11.953047-03:00,11
2025-11-19T16:29:59.117559-03:00,7
2025-11-19T16:41:46.195461-03:00,7
2025-11-19T16:56:23.032377-03:00,9
2025-11-19T17:23:27.788830-03:00,7
2025-11-19T17:39:02.593970-03:00,7
2025-11-19T17:50:17.318350-03:00,9
2025-11-19T18:07:33.256742-03:00,16
2025-11-19T18:25:30.861766-03:00,7
2025-11-19T18:38:23.145171-03:00,7
2025-11-19T18:49:34.539084-03:00,7
2025-11-19T19:31:12.750935-03:00,6
2025-11-19T19:47:03.496940-03:00,8
2025-11-19T19:57:41.231797-03:00,6
2025-11-19T20:24:56.851316-03:00,5
2025-11-19T20:38:55.618084-03:00,5
2025-11-19T20:49:45.896527-03:00,7
2025-11-19T21:00:30.584628-03:00,7
2025-11-19T23:06:14.038675-03:00,8
2025-11-20T00:17:20.585582-03:00,8
2025-11-20T00:51:52.386690-03:00,5
2025-11-20T01:24:07.114935-03:00,3
2025-11-20T01:43:50.158405-03:00,2
2025-11-20T01:55:52.534634-03:00,2
2025-11-20T02:22:38.642395-03:00,1
2025-11-20T02:42:43.945595-03:00,2
2025-11-20T02:56:13.505417-03:00,2
2025-11-20T03:34:27.090917-03:00,1
2025-11-20T03:54:34.406014-03:00,2
2025-11-20T04:20:22.498163-03:00,13
2025-11-20T04:39:48.687437-03:00,13
2025-11-20T04:50:47.496790-03:00,13
2025-11-20T05:29:16.456957-03:00,3
2025-11-20T05:52:20.500519-03:00,4
2025-11-20T06:22:26.666715-03:00,13
2025-11-20T06:42:42.102621-03:00,13
2025-11-20T06:56:07.571492-03:00,1
2025-11-20T07:25:25.577877-03:00,1
2025-11-20T07:45:32.525322-03:00,3
2025-11-20T07:56:24.185408-03:00,2
2025-11-20T08:20:29.993090-03:00,1
2025-11-20T08:38:27.851732-03:00,5
2025-11-20T08:49:34.805876-03:00,5
2025-11-20T09:00:21.994008-03:00,5
2025-11-20T09:58:55.368646-03:00,8
2025-11-20T10:35:56.075225-03:00,5
2025-11-20T10:49:24.803917-03:00,7
2025-11-20T10:59:45.802429-03:00,8
2025-11-20T11:44:48.131568-03:00,8
2025-11-20T11:56:26.571472-03:00,8
2025-11-20T12:26:21.936904-03:00,4
2025-11-20T12:44:28.934719-03:00,5
2025-11-20T12:55:45.478113-03:00,9
2025-11-20T13:29:13.481565-03:00,7
2025-11-20T13:53:18.300944-03:00,9
2025-11-20T14:16:33.455642-03:00,7
2025-11-20T14:33:48.666519-03:00,7
2025-11-20T14:46:32.597274-03:00,3
2025-11-20T14:57:37.234895-03:00,9
2025-11-20T15:38:36.971147-03:00,4
2025-11-20T15:55:55.749767-03:00,4
2025-11-20T16:18:14.337795-03:00,4
2025-11-20T16:30:30.077267-03:00,5
2025-11-20T16:45:53.046512-03:00,9
2025-11-20T16:56:27.540237-03:00,9
2025-11-20T17:27:45.544396-03:00,9
2025-11-20T17:43:08.106143-03:00,7
2025-11-20T17:55:52.471147-03:00,7
2025-11-20T18:20:35.512574-03:00,4
2025-11-20T18:37:04.547869-03:00,3
2025-11-20T18:48:03.870382-03:00,2
2025-11-20T18:58:51.119564-03:00,2
2025-11-20T19:25:03.792611-03:00,3
2025-11-20T19:40:14.106089-03:00,3
2025-11-20T19:51:12.875564-03:00,2
2025-11-20T20:19:10.582658-03:00,6
2025-11-20T20:33:51.756681-03:00,5
2025-11-20T20:45:56.546177-03:00,5
2025-11-20T20:56:36.927933-03:00,5
2025-11-20T22:52:13.543141-03:00,13
2025-11-21T00:11:36.435617-03:00,5
2025-11-21T00:51:03.550106-03:00,5
2025-11-21T01:24:49.744156-03:00,5
2025-11-21T01:45:04.697790-03:00,5
2025-11-21T01:56:13.460762-03:00,5
2025-11-21T02:23:36.205842-03:00,2
2025-11-21T02:43:04.062863-03:00,2
2025-11-21T02:56:19.615495-03:00,2
2025-11-21T03:36:00.439307-03:00,5
2025-11-21T03:56:22.517249-03:00,5
2025-11-21T04:23:31.015886-03:00,5
2025-11-21T04:40:04.537988-03:00,5
2025-11-21T04:50:54.491124-03:00,5
2025-11-21T05:29:30.055544-03:00,5
2025-11-21T05:51:55.442993-03:00,5
2025-11-21T06:21:51.062893-03:00,5
2025-11-21T06:42:32.126330-03:00,5
2025-11-21T06:56:17.422561-03:00,5
2025-11-21T07:25:06.044842-03:00,5
2025-11-21T07:44:20.722848-03:00,5
2025-11-21T07:55:44.502579-03:00,5
2025-11-21T08:18:28.307964-03:00,5
2025-11-21T08:31:07.595471-03:00,5
2025-11-21T08:46:05.678694-03:00,5
2025-11-21T08:56:46.734233-03:00,5
2025-11-21T09:50:27.994797-03:00,1
2025-11-21T10:28:56.444422-03:00,3
2025-11-21T10:46:32.177354-03:00,1
2025-11-21T10:57:12.874316-03:00,1
2025-11-21T11:25:23.989561-03:00,5
2025-11-21T11:42:55.346908-03:00,2
2025-11-21T11:56:11.604554-03:00,2
2025-11-21T12:20:55.871875-03:00,4
2025-11-21T12:37:42.563057-03:00,2
2025-11-21T12:48:37.590149-03:00,3
2025-11-21T12:59:27.485994-03:00,3
2025-11-21T13:33:21.495690-03:00,7
2025-11-21T13:51:27.403769-03:00,10
2025-11-21T14:36:29.998155-03:00,7
2025-11-21T14:47:41.545879-03:00,16
2025-11-21T14:58:50.541050-03:00,10
2025-11-21T15:35:05.200999-03:00,6
2025-11-21T15:51:23.225055-03:00,7
2025-11-21T16:17:25.904533-03:00,8
2025-11-21T16:29:25.196440-03:00,10
2025-11-21T16:40:43.999282-03:00,10
2025-11-21T16:56:12.646730-03:00,11
2025-11-21T17:26:29.802525-03:00,9
2025-11-21T17:43:07.630515-03:00,12
2025-11-21T17:56:01.181388-03:00,11
2025-11-21T18:20:05.162365-03:00,7
2025-11-21T18:33:28.675582-03:00,9
2025-11-21T18:46:11.376825-03:00,9
2025-11-21T18:56:54.484029-03:00,7
2025-11-21T19:24:40.328178-03:00,8
2025-11-21T19:41:27.107353-03:00,8
2025-11-21T19:55:47.637156-03:00,9
2025-11-21T20:20:02.471590-03:00,9
2025-11-21T20:33:25.236255-03:00,7
2025-11-21T20:46:01.463900-03:00,6
2025-11-21T20:56:34.664259-03:00,6
2025-11-21T22:48:44.315143-03:00,4
2025-11-21T23:57:01.561494-03:00,3
2025-11-22T00:39:31.443342-03:00,10
2025-11-22T00:55:16.446403-03:00,10
2025-11-22T01:23:19.554094-03:00,3
2025-11-22T01:43:10.113101-03:00,2
2025-11-22T01:56:18.486453-03:00,1
2025-11-22T02:21:31.388329-03:00,10
2025-11-22T02:40:19.831799-03:00,10
2025-11-22T02:56:00.144720-03:00,10
2025-11-22T03:30:56.006541-03:00,4
2025-11-22T03:51:10.135042-03:00,10
2025-11-22T04:18:34.413536-03:00,10
2025-11-22T04:46:19.912873-03:00,10
2025-11-22T04:57:12.743585-03:00,10
2025-11-22T05:30:51.484887-03:00,10
2025-11-22T05:50:26.455833-03:00,10
2025-11-22T06:19:17.930460-03:00,10
2025-11-22T06:33:06.776141-03:00,10
2025-11-22T06:45:59.097405-03:00,10
2025-11-22T06:56:42.383298-03:00,10
2025-11-22T07:23:15.701349-03:00,10
2025-11-22T07:40:19.959370-03:00,10
2025-11-22T07:55:42.427418-03:00,1
2025-11-22T08:15:48.473434-03:00,10
2025-11-22T08:27:24.228352-03:00,1
2025-11-22T08:39:31.912242-03:00,1
2025-11-22T08:50:08.137233-03:00,3
2025-11-22T09:14:37.641100-03:00,1
2025-11-22T09:54:45.463385-03:00,5
2025-11-22T10:24:09.639402-03:00,1
2025-11-22T10:39:38.384161-03:00,1
2025-11-22T10:50:27.949921-03:00,1
2025-11-22T11:17:22.010184-03:00,2
2025-11-22T11:33:47.447354-03:00,1
2025-11-22T11:46:17.644191-03:00,6
2025-11-22T11:56:57.330687-03:00,5
2025-11-22T12:22:15.743236-03:00,9
2025-11-22T12:38:16.149611-03:00,11
2025-11-22T12:49:35.661528-03:00,11
2025-11-22T12:59:52.672213-03:00,6
2025-11-22T13:31:59.723548-03:00,6
2025-11-22T13:49:25.764336-03:00,9
2025-11-22T14:00:20.816544-03:00,13
2025-11-22T14:26:57.899652-03:00,8
2025-11-22T14:40:08.486967-03:00,10
2025-11-22T14:51:17.788538-03:00,10
2025-11-22T15:27:41.780770-03:00,7
2025-11-22T15:48:26.077007-03:00,12
2025-11-22T15:59:05.473673-03:00,8
2025-11-22T16:20:57.119732-03:00,17
2025-11-22T16:37:26.593534-03:00,9
2025-11-22T16:48:26.109652-03:00,9
2025-11-22T16:59:08.901829-03:00,9
2025-11-22T17:28:42.460149-03:00,11
2025-11-22T17:43:00.786525-03:00,9
2025-11-22T17:55:46.170872-03:00,9
2025-11-22T18:18:51.015616-03:00,8
2025-11-22T18:31:40.335293-03:00,14
2025-11-22T18:46:04.140125-03:00,6
2025-11-22T18:56:41.391142-03:00,12
2025-11-22T19:22:36.577130-03:00,6
2025-11-22T19:40:55.540998-03:00,6
2025-11-22T19:55:57.139522-03:00,8
2025-11-22T20:20:25.225813-03:00,5
2025-11-22T20:39:04.418399-03:00,8
2025-11-22T20:49:54.277157-03:00,8
2025-11-22T21:47:31.953573-03:00,8
2025-11-22T23:49:55.426264-03:00,6
2025-11-23T00:50:59.379886-03:00,3
2025-11-23T01:33:15.040522-03:00,4
2025-11-23T01:54:43.857216-03:00,4
2025-11-23T02:19:40.748260-03:00,4
2025-11-23T02:37:59.777394-03:00,2
2025-11-23T02:49:01.667223-03:00,2
2025-11-23T02:59:41.392119-03:00,1
2025-11-23T03:38:24.130315-03:00,2
2025-11-23T03:53:44.792943-03:00,3
2025-11-23T04:19:06.731467-03:00,1
2025-11-23T04:31:59.852123-03:00,12
2025-11-23T04:46:24.238599-03:00,1
2025-11-23T04:56:55.559429-03:00,12
2025-11-23T05:30:36.960338-03:00,2
2025-11-23T05:50:32.884983-03:00,2
2025-11-23T06:19:37.116148-03:00,12
2025-11-23T06:34:30.372828-03:00,12
2025-11-23T06:46:12.155463-03:00,12
2025-11-23T06:56:48.376750-03:00,12
2025-11-23T07:23:45.766507-03:00,12
2025-11-23T07:41:14.511375-03:00,12
2025-11-23T07:56:17.826905-03:00,12
2025-11-23T08:18:03.691946-03:00,12
2025-11-23T08:29:23.133161-03:00,12
2025-11-23T08:40:53.686397-03:00,12
2025-11-23T08:56:03.471633-03:00,2
2025-11-23T09:40:07.296639-03:00,2
2025-11-23T10:05:05.644142-03:00,3
2025-11-23T10:30:50.794905-03:00,2
2025-11-23T10:46:05.449767-03:00,4
2025-11-23T10:56:55.089336-03:00,7
2025-11-23T11:20:47.507450-03:00,4
2025-11-23T11:39:26.300444-03:00,6
2025-11-23T11:50:37.611550-03:00,6
2025-11-23T12:18:30.868211-03:00,10
2025-11-23T12:32:13.499383-03:00,8
2025-11-23T12:45:50.055741-03:00,5
2025-11-23T12:56:38.059101-03:00,8
2025-11-23T13:27:56.818678-03:00,8
2025-11-23T13:45:57.124149-03:00,9
2025-11-23T13:56:51.755828-03:00,12
2025-11-23T14:19:59.978032-03:00,11
2025-11-23T14:35:07.195158-03:00,9
2025-11-23T14:45:49.926642-03:00,14
2025-11-23T14:56:29.920991-03:00,12
2025-11-23T15:31:54.231394-03:00,9
2025-11-23T15:51:22.945419-03:00,8
2025-11-23T16:15:58.978166-03:00,6
2025-11-23T16:28:02.121857-03:00,10
2025-11-23T16:40:19.323647-03:00,14
2025-11-23T16:55:51.015047-03:00,13
2025-11-23T17:24:30.452190-03:00,7
2025-11-23T17:41:40.885866-03:00,7
2025-11-23T17:55:57.984980-03:00,12
2025-11-23T18:19:44.046806-03:00,10
2025-11-23T18:32:44.141643-03:00,11
2025-11-23T18:45:55.371614-03:00,9
2025-11-23T18:56:31.761251-03:00,12
2025-11-23T19:22:03.375748-03:00,10
2025-11-23T19:41:41.829297-03:00,8
2025-11-23T19:56:15.567883-03:00,7
2025-11-23T20:20:48.219820-03:00,8
2025-11-23T20:39:04.700492-03:00,9
2025-11-23T20:49:57.582340-03:00,9
2025-11-23T21:44:46.359340-03:00,8
2025-11-23T23:32:04.980882-03:00,3
2025-11-24T00:46:34.220004-03:00,4
2025-11-24T01:22:25.989889-03:00,4
2025-11-24T01:53:12.617125-03:00,4
2025-11-24T02:22:20.567493-03:00,4
2025-11-24T02:44:36.825119-03:00,5
2025-11-24T02:56:07.912618-03:00,3
2025-11-24T03:35:52.719558-03:00,2
2025-11-24T03:56:05.156754-03:00,3
2025-11-24T04:23:03.068952-03:00,4
2025-11-24T04:40:17.492142-03:00,3
2025-11-24T04:56:01.179786-03:00,2
2025-11-24T05:33:21.034545-03:00,4
2025-11-24T05:55:43.405945-03:00,1
2025-11-24T06:28:03.872865-03:00,2
2025-11-24T06:47:45.345904-03:00,12
2025-11-24T06:58:45.819567-03:00,2
2025-11-24T07:32:54.685480-03:00,3
2025-11-24T07:51:40.152206-03:00,3
2025-11-24T08:18:42.286740-03:00,1
2025-11-24T08:32:54.911876-03:00,12
2025-11-24T08:46:32.584055-03:00,4
2025-11-24T08:57:03.510183-03:00,4
2025-11-24T09:54:41.579783-03:00,7
2025-11-24T10:34:01.832073-03:00,7
2025-11-24T10:53:42.349648-03:00,9
2025-11-24T11:21:48.930524-03:00,10
2025-11-24T11:46:21.281343-03:00,8
2025-11-24T11:56:55.729314-03:00,7
2025-11-24T12:29:12.824817-03:00,8
2025-11-24T12:47:20.317042-03:00,9
2025-11-24T12:58:26.601809-03:00,9
2025-11-24T13:31:40.597859-03:00,8
2025-11-24T13:51:58.355274-03:00,8
2025-11-24T14:20:01.787910-03:00,11
2025-11-24T14:39:46.799273-03:00,10
2025-11-24T14:51:14.082696-03:00,12
2025-11-24T15:31:58.029038-03:00,11
2025-11-24T15:55:35.990008-03:00,10
2025-11-24T16:15:49.859356-03:00,9
2025-11-24T16:28:43.650771-03:00,8
2025-11-24T16:41:24.187555-03:00,10
2025-11-24T16:56:25.021772-03:00,11
2025-11-24T17:27:21.405644-03:00,7
2025-11-24T17:42:33.458345-03:00,12
2025-11-24T17:55:55.331373-03:00,8
2025-11-24T18:21:43.943025-03:00,13
2025-11-24T18:40:13.878732-03:00,10
2025-11-24T18:50:54.056906-03:00,10
2025-11-24T19:19:46.924771-03:00,10
2025-11-24T19:38:52.603331-03:00,12
2025-11-24T19:49:56.158493-03:00,5
2025-11-24T20:01:11.752812-03:00,10
2025-11-24T20:27:53.920503-03:00,11
2025-11-24T20:42:14.026983-03:00,11
2025-11-24T20:55:47.667844-03:00,13
2025-11-24T22:47:21.782564-03:00,6
2025-11-25T00:06:38.005153-03:00,10
2025-11-25T00:54:26.213955-03:00,4
2025-11-25T01:27:18.697058-03:00,5
2025-11-25T01:48:06.957673-03:00,7
2025-11-25T01:58:40.841545-03:00,7
2025-11-25T02:29:34.392955-03:00,6
2025-11-25T02:46:24.251502-03:00,3
2025-11-25T02:57:24.161620-03:00,3
2025-11-25T03:40:19.770950-03:00,1
2025-11-25T04:00:07.767922-03:00,1
2025-11-25T04:28:02.428448-03:00,3
2025-11-25T04:42:25.304183-03:00,1
2025-11-25T04:55:55.108819-03:00,2
2025-11-25T05:32:05.890195-03:00,12
2025-11-25T05:55:52.496945-03:00,1
2025-11-25T06:27:01.358535-03:00,1
2025-11-25T06:46:40.768953-03:00,12
2025-11-25T06:57:23.093368-03:00,12
2025-11-25T07:31:36.905986-03:00,2
2025-11-25T07:53:08.540134-03:00,1
2025-11-25T08:19:13.853709-03:00,1
2025-11-25T08:34:01.328819-03:00,1
2025-11-25T08:46:37.481764-03:00,12
2025-11-25T08:57:42.665055-03:00,4
2025-11-25T09:57:19.117232-03:00,2
2025-11-25T10:38:28.150989-03:00,4
2025-11-25T10:53:33.082037-03:00,7
2025-11-25T11:21:33.077407-03:00,5
2025-11-25T11:46:21.213914-03:00,8
2025-11-25T11:56:40.608735-03:00,11
2025-11-25T12:27:47.450338-03:00,10
2025-11-25T12:46:59.821256-03:00,8
2025-11-25T12:57:52.822027-03:00,10
2025-11-25T13:37:21.541514-03:00,5
2025-11-25T13:57:32.889147-03:00,11
2025-11-25T14:25:59.300444-03:00,4
2025-11-25T14:43:49.989392-03:00,8
2025-11-25T14:56:15.133935-03:00,3
2025-11-25T15:35:44.232616-03:00,13
2025-11-25T15:53:44.006990-03:00,10
2025-11-25T16:31:59.699970-03:00,14
2025-11-25T16:46:19.259546-03:00,14
2025-11-25T16:57:24.677880-03:00,9
2025-11-25T17:30:07.756060-03:00,12
2025-11-25T17:46:25.388919-03:00,10
2025-11-25T17:56:59.775709-03:00,14
2025-11-25T18:23:32.691506-03:00,13
2025-11-25T18:39:31.138703-03:00,12
2025-11-25T18:50:37.775398-03:00,12
2025-11-25T19:20:44.366329-03:00,11
2025-11-25T19:42:48.156928-03:00,10
2025-11-25T19:56:00.450607-03:00,6
2025-11-25T20:20:51.001326-03:00,10
2025-11-25T20:39:32.542978-03:00,7
2025-11-25T20:50:32.676248-03:00,10
2025-11-25T22:41:54.140981-03:00,4
2025-11-26T00:06:24.605911-03:00,4
2025-11-26T00:53:52.239759-03:00,6
2025-11-26T01:27:52.598933-03:00,5
2025-11-26T01:48:11.316107-03:00,4
2025-11-26T02:29:06.299206-03:00,3
2025-11-26T02:45:18.442489-03:00,3
2025-11-26T02:56:07.793372-03:00,2
2025-11-26T03:35:55.612532-03:00,4
2025-11-26T03:56:39.493831-03:00,4
2025-11-26T04:23:44.644687-03:00,1
2025-11-26T04:40:16.993539-03:00,1
2025-11-26T04:55:44.909938-03:00,3
2025-11-26T05:30:42.485479-03:00,12
2025-11-26T05:54:45.560574-03:00,2
2025-11-26T06:24:30.730012-03:00,1
2025-11-26T06:45:20.299891-03:00,3
2025-11-26T06:56:35.903837-03:00,1
2025-11-26T07:28:00.921241-03:00,4
2025-11-26T07:49:05.236629-03:00,2
2025-11-26T07:59:43.338506-03:00,3
2025-11-26T08:25:24.323079-03:00,3
2025-11-26T08:39:34.156671-03:00,3
2025-11-26T08:50:11.853415-03:00,3
2025-11-26T09:18:57.233425-03:00,4
2025-11-26T10:07:22.631755-03:00,6
2025-11-26T10:45:53.175304-03:00,5
2025-11-26T10:58:07.044639-03:00,6
2025-11-26T11:29:52.411109-03:00,3
2025-11-26T11:59:25.079306-03:00,7
2025-11-26T12:29:03.613393-03:00,6
2025-11-26T12:45:48.856892-03:00,1
2025-11-26T12:56:50.346128-03:00,4
2025-11-26T13:32:38.235400-03:00,4
2025-11-26T13:54:48.943674-03:00,3
2025-11-26T14:19:24.598938-03:00,8
2025-11-26T14:38:20.257790-03:00,8
2025-11-26T14:50:14.365202-03:00,8
2025-11-26T15:12:02.216653-03:00,14
2025-11-26T15:43:19.891487-03:00,8
2025-11-26T15:57:07.639080-03:00,9
2025-11-26T16:19:35.350174-03:00,7
2025-11-26T16:30:10.165724-03:00,10
2025-11-26T16:41:15.155803-03:00,10
2025-11-26T16:56:21.961365-03:00,4
2025-11-26T17:26:05.268519-03:00,8
2025-11-26T17:40:17.800655-03:00,9
2025-11-26T17:56:21.415029-03:00,8
2025-11-26T18:20:41.821153-03:00,7
2025-11-26T18:38:47.054539-03:00,10
2025-11-26T18:49:52.397338-03:00,10
2025-11-26T19:01:08.973707-03:00,11
2025-11-26T19:31:11.362387-03:00,8
2025-11-26T19:46:54.626831-03:00,8
2025-11-26T19:57:48.214987-03:00,7
2025-11-26T20:25:14.640957-03:00,6
2025-11-26T20:38:59.950616-03:00,6
2025-11-26T20:49:59.138564-03:00,3
2025-11-26T21:41:39.170260-03:00,6
2025-11-26T23:22:49.383206-03:00,6
2025-11-27T00:33:12.727299-03:00,4
2025-11-27T00:58:53.940481-03:00,2
2025-11-27T01:34:11.781536-03:00,13
2025-11-27T01:50:41.507423-03:00,13
2025-11-27T02:21:35.786138-03:00,2
2025-11-27T02:43:44.984221-03:00,13
2025-11-27T02:56:13.691802-03:00,13
2025-11-27T03:36:48.330142-03:00,13
2025-11-27T03:57:48.839210-03:00,13
2025-11-27T04:27:48.520989-03:00,13
2025-11-27T04:42:32.326429-03:00,13
2025-11-27T04:56:00.405183-03:00,13
2025-11-27T05:32:16.080482-03:00,13
2025-11-27T05:54:55.456062-03:00,13
2025-11-27T06:23:59.518076-03:00,13
2025-11-27T06:43:21.205934-03:00,13
2025-11-27T06:56:20.258131-03:00,13
2025-11-27T07:27:25.464496-03:00,13
2025-11-27T07:47:44.737007-03:00,13
2025-11-27T07:58:25.164555-03:00,13
2025-11-27T08:25:29.372508-03:00,13
2025-11-27T08:40:01.390836-03:00,13
2025-11-27T08:51:03.254237-03:00,13
2025-11-27T09:44:14.896116-03:00,1
2025-11-27T10:22:50.772086-03:00,3
2025-11-27T10:49:39.017836-03:00,7
2025-11-27T11:00:42.960281-03:00,7
2025-11-27T11:33:18.137100-03:00,4
2025-11-27T11:50:30.311819-03:00,5
2025-11-27T12:21:44.097647-03:00,6
2025-11-27T12:42:06.120385-03:00,6
2025-11-27T12:56:04.413487-03:00,6
2025-11-27T13:28:46.137726-03:00,8
2025-11-27T13:49:34.064282-03:00,10
2025-11-27T14:00:02.252335-03:00,9
2025-11-27T14:25:17.843161-03:00,7
2025-11-27T14:40:10.562491-03:00,7
2025-11-27T14:51:15.260067-03:00,6
2025-11-27T15:29:16.020217-03:00,7
2025-11-27T15:50:23.167922-03:00,8
2025-11-27T16:16:24.995378-03:00,12
2025-11-27T16:28:11.173784-03:00,10
2025-11-27T16:40:19.958815-03:00,10
2025-11-27T16:55:51.651688-03:00,8
2025-11-27T17:22:41.854420-03:00,10
2025-11-27T17:40:20.670644-03:00,10
2025-11-27T17:55:56.349314-03:00,9
2025-11-27T18:20:06.022276-03:00,9
2025-11-27T18:32:54.639318-03:00,9
2025-11-27T18:46:09.250107-03:00,6
2025-11-27T18:57:12.129750-03:00,9
2025-11-27T19:24:20.377574-03:00,7
2025-11-27T19:41:12.340143-03:00,7
2025-11-27T19:56:13.806444-03:00,7
2025-11-27T20:21:29.836342-03:00,12
2025-11-27T20:39:00.924299-03:00,12
2025-11-27T20:50:02.996351-03:00,11
2025-11-27T21:41:04.785523-03:00,5
2025-11-27T23:22:11.751866-03:00,7
2025-11-28T00:32:41.813585-03:00,4
2025-11-28T00:58:39.538823-03:00,6
2025-11-28T01:33:25.737710-03:00,8
2025-11-28T01:50:39.986698-03:00,8
2025-11-28T02:21:32.788967-03:00,7
2025-11-28T02:44:12.269596-03:00,5
2025-11-28T02:55:43.680900-03:00,5
2025-11-28T03:34:52.763870-03:00,4
2025-11-28T03:56:40.635598-03:00,3
2025-11-28T04:24:41.594378-03:00,6
2025-11-28T04:40:26.679731-03:00,3
2025-11-28T04:56:02.607784-03:00,3
2025-11-28T05:32:19.426863-03:00,5
2025-11-28T05:55:09.675509-03:00,3
2025-11-28T06:22:21.115231-03:00,4
2025-11-28T06:41:44.778739-03:00,3
2025-11-28T06:56:18.737328-03:00,3
2025-11-28T07:26:15.476379-03:00,2
2025-11-28T07:45:49.790010-03:00,4
2025-11-28T07:56:25.489755-03:00,5
2025-11-28T08:21:05.409553-03:00,3
2025-11-28T08:38:17.781804-03:00,2
2025-11-28T08:49:23.463591-03:00,4
2025-11-28T08:59:56.862226-03:00,5
2025-11-28T09:57:03.851105-03:00,4
2025-11-28T10:34:25.870110-03:00,2
2025-11-28T10:50:03.643453-03:00,3
2025-11-28T11:09:06.806155-03:00,3
2025-11-28T11:34:16.223581-03:00,3
2025-11-28T11:49:16.373524-03:00,3
2025-11-28T12:00:06.500956-03:00,6
2025-11-28T12:28:50.814688-03:00,5
2025-11-28T12:43:31.970355-03:00,5
2025-11-28T12:55:54.231833-03:00,9
2025-11-28T13:28:39.423191-03:00,8
2025-11-28T13:48:39.560406-03:00,8
2025-11-28T13:59:10.338446-03:00,6
2025-11-28T14:25:18.603544-03:00,8
2025-11-28T14:40:09.312480-03:00,8
2025-11-28T14:50:44.963621-03:00,9
2025-11-28T15:29:35.953755-03:00,7
2025-11-28T15:50:19.701045-03:00,7
2025-11-28T16:16:07.368335-03:00,7
2025-11-28T16:28:24.433834-03:00,8
2025-11-28T16:40:03.745429-03:00,8
2025-11-28T16:50:55.263943-03:00,10
2025-11-28T17:23:13.818810-03:00,11
2025-11-28T17:41:11.828606-03:00,10
2025-11-28T17:56:16.537755-03:00,10
2025-11-28T18:19:48.689171-03:00,5
2025-11-28T18:32:35.011060-03:00,11
2025-11-28T18:45:45.766463-03:00,9
2025-11-28T18:56:20.920063-03:00,10
2025-11-28T19:21:34.598909-03:00,11
2025-11-28T19:40:59.481363-03:00,8
2025-11-28T19:55:53.769906-03:00,10
2025-11-28T20:20:13.067001-03:00,9
2025-11-28T20:34:02.769898-03:00,9
2025-11-28T20:46:21.869811-03:00,11
2025-11-28T20:57:16.860645-03:00,7
2025-11-28T22:58:46.506082-03:00,6
2025-11-29T00:17:22.789858-03:00,2
2025-11-29T00:52:26.464957-03:00,5
2025-11-29T01:25:02.880133-03:00,3
2025-11-29T01:44:51.927756-03:00,3
2025-11-29T01:56:08.463400-03:00,3
2025-11-29T02:22:40.326955-03:00,2
2025-11-29T02:42:01.555674-03:00,3
2025-11-29T02:56:15.902224-03:00,4
2025-11-29T03:33:33.398914-03:00,1
2025-11-29T03:53:19.979117-03:00,2
2025-11-29T04:19:10.547874-03:00,3
2025-11-29T04:32:23.691010-03:00,3
2025-11-29T04:46:18.366079-03:00,1
2025-11-29T04:57:09.011462-03:00,1
2025-11-29T05:32:00.342722-03:00,10
2025-11-29T05:51:53.308882-03:00,10
2025-11-29T06:20:32.325952-03:00,10
2025-11-29T06:39:53.516200-03:00,10
2025-11-29T06:50:33.456933-03:00,2
2025-11-29T07:20:39.362412-03:00,10
2025-11-29T07:42:10.613645-03:00,10
2025-11-29T07:55:58.696718-03:00,10
2025-11-29T08:17:50.313046-03:00,10
2025-11-29T08:29:27.234607-03:00,10
2025-11-29T08:41:28.757645-03:00,10
2025-11-29T08:56:13.777918-03:00,10
2025-11-29T09:44:11.890755-03:00,1
2025-11-29T10:16:24.776800-03:00,2
2025-11-29T10:39:15.533622-03:00,3
2025-11-29T10:49:59.950437-03:00,5
2025-11-29T11:00:50.526351-03:00,3
2025-11-29T11:29:36.479290-03:00,3
2025-11-29T11:43:44.189911-03:00,6
2025-11-29T11:56:04.371947-03:00,6
2025-11-29T12:21:25.947729-03:00,3
2025-11-29T12:39:16.036085-03:00,6
2025-11-29T12:50:13.106943-03:00,3
2025-11-29T13:10:17.974899-03:00,8
2025-11-29T13:40:38.925855-03:00,10
2025-11-29T13:56:22.225547-03:00,7
2025-11-29T14:19:35.307547-03:00,6
2025-11-29T14:34:59.508493-03:00,8
2025-11-29T14:46:18.102655-03:00,8
2025-11-29T14:57:12.274264-03:00,8
2025-11-29T15:34:31.631616-03:00,8
2025-11-29T15:51:35.210972-03:00,8
2025-11-29T16:15:50.313711-03:00,8
2025-11-29T16:28:15.986109-03:00,8
2025-11-29T16:40:22.319628-03:00,8
2025-11-29T16:56:13.627618-03:00,8
2025-11-29T17:25:13.887462-03:00,8
2025-11-29T17:41:12.309399-03:00,8
2025-11-29T17:55:47.302384-03:00,8
2025-11-29T18:19:07.257877-03:00,8
2025-11-29T18:31:58.747248-03:00,8
2025-11-29T18:46:00.612643-03:00,8
2025-11-29T18:57:02.446789-03:00,8
2025-11-29T19:23:30.105078-03:00,8
2025-11-29T19:41:22.015263-03:00,8
2025-11-29T19:55:49.216320-03:00,8
2025-11-29T20:20:14.028132-03:00,8
2025-11-29T20:38:46.463600-03:00,8
2025-11-29T20:49:32.294270-03:00,8
2025-11-29T20:59:57.887814-03:00,8
2025-11-29T23:25:28.448111-03:00,8
2025-11-30T00:45:35.991446-03:00,8
2025-11-30T01:22:12.843800-03:00,8
2025-11-30T01:53:13.707860-03:00,8
2025-11-30T02:20:17.617055-03:00,8
2025-11-30T02:42:39.595555-03:00,8
2025-11-30T02:56:19.198436-03:00,8
2025-11-30T03:35:05.404276-03:00,8
2025-11-30T03:53:59.002819-03:00,8
2025-11-30T04:18:35.639956-03:00,8
2025-11-30T04:30:49.470592-03:00,8
2025-11-30T04:46:02.738644-03:00,8
2025-11-30T04:56:34.931927-03:00,8
2025-11-30T05:29:04.825484-03:00,8
2025-11-30T05:46:46.939810-03:00,8
2025-11-30T05:57:33.797116-03:00,8
2025-11-30T06:25:33.128286-03:00,8
2025-11-30T06:39:27.364131-03:00,8
2025-11-30T06:50:22.763854-03:00,8
2025-11-30T07:20:02.595309-03:00,8
2025-11-30T07:38:39.377220-03:00,8
2025-11-30T07:49:34.902719-03:00,8
2025-11-30T08:24:14.317378-03:00,8
2025-11-30T08:37:40.578334-03:00,8
2025-11-30T08:48:41.734854-03:00,8
2025-11-30T08:59:12.904693-03:00,8
2025-11-30T09:52:46.239026-03:00,8
2025-11-30T10:27:04.071991-03:00,8
2025-11-30T10:43:17.313544-03:00,8
2025-11-30T10:56:11.630200-03:00,8
2025-11-30T11:20:12.257582-03:00,8
2025-11-30T11:37:18.313289-03:00,8
2025-11-30T11:48:09.884991-03:00,8
2025-11-30T11:59:07.010253-03:00,8
2025-11-30T12:26:20.085949-03:00,8
2025-11-30T12:55:48.338873-03:00,8
2025-11-30T13:26:37.601281-03:00,8
2025-11-30T13:46:21.705432-03:00,8
2025-11-30T13:57:19.762044-03:00,8
2025-12-01T08:19:19.651280-03:00,4
2025-12-01T08:34:14.309327-03:00,2
2025-12-01T08:46:34.642822-03:00,1
2025-12-01T08:57:24.298159-03:00,9
2025-12-01T09:57:57.562059-03:00,2
2025-12-01T10:39:49.772772-03:00,4
2025-12-01T10:56:08.055560-03:00,4
2025-12-01T11:26:18.643318-03:00,5
2025-12-01T11:49:03.812148-03:00,6
2025-12-01T11:59:45.393065-03:00,5
2025-12-01T12:32:24.990119-03:00,2
2025-12-01T12:51:06.520160-03:00,4
2025-12-01T13:30:40.772137-03:00,7
2025-12-01T13:57:10.750721-03:00,6
2025-12-01T14:27:04.287459-03:00,6
2025-12-01T14:50:09.514515-03:00,6
2025-12-01T15:15:18.918217-03:00,9
2025-12-01T15:52:15.786677-03:00,6
2025-12-01T16:22:03.531850-03:00,9
2025-12-01T16:41:35.381476-03:00,7
2025-12-01T16:55:49.554131-03:00,5
2025-12-01T17:24:02.073636-03:00,10
2025-12-01T17:40:03.097583-03:00,10
2025-12-01T17:51:06.354687-03:00,12
2025-12-01T18:18:04.255107-03:00,10
2025-12-01T18:30:54.952893-03:00,6
2025-12-01T18:56:50.167707-03:00,6
2025-12-01T19:24:01.216401-03:00,11
2025-12-01T19:42:36.820175-03:00,12
2025-12-01T19:56:10.250900-03:00,7
2025-12-01T20:22:38.754317-03:00,13
2025-12-01T20:40:06.247078-03:00,4
2025-12-01T20:50:34.793984-03:00,3
2025-12-01T22:44:09.239621-03:00,5
2025-12-02T00:09:56.783019-03:00,2
2025-12-02T00:59:13.041121-03:00,6
2025-12-02T01:38:00.715574-03:00,3
2025-12-02T01:55:23.829419-03:00,1
2025-12-02T02:21:22.057481-03:00,1
2025-12-02T02:43:46.082000-03:00,2
2025-12-02T02:55:49.806367-03:00,1
2025-12-02T03:36:31.657676-03:00,3
2025-12-02T03:58:19.568009-03:00,3
2025-12-02T04:29:21.587912-03:00,7
2025-12-02T04:44:32.392717-03:00,8
2025-12-02T04:55:55.859851-03:00,3
2025-12-02T05:34:16.653501-03:00,3
2025-12-02T05:58:32.958723-03:00,3
2025-12-02T06:34:59.285994-03:00,3
2025-12-02T06:52:40.591902-03:00,1
2025-12-02T07:24:24.727793-03:00,10
2025-12-02T07:48:08.729920-03:00,10
2025-12-02T07:59:02.771400-03:00,10
2025-12-02T08:27:03.041872-03:00,10
2025-12-02T08:42:05.098051-03:00,3
2025-12-02T08:56:14.551090-03:00,3
2025-12-02T09:52:43.065845-03:00,1
2025-12-02T10:37:13.383058-03:00,2
2025-12-02T10:56:53.844015-03:00,2
2025-12-02T11:28:02.612751-03:00,4
2025-12-02T11:50:46.273264-03:00,5
2025-12-02T12:25:30.288401-03:00,3
2025-12-02T12:47:31.769019-03:00,5
2025-12-02T12:59:26.550902-03:00,6
2025-12-02T13:39:52.832417-03:00,7
2025-12-02T14:00:14.366937-03:00,7
2025-12-02T14:51:47.889735-03:00,9
2025-12-02T15:34:41.187638-03:00,10
2025-12-02T15:59:16.398688-03:00,12
2025-12-02T16:26:23.293402-03:00,7
2025-12-02T16:41:48.805952-03:00,10
2025-12-02T16:56:31.513345-03:00,12
2025-12-02T17:29:50.035675-03:00,8
2025-12-02T17:47:32.254668-03:00,8
2025-12-02T17:58:29.382768-03:00,11
2025-12-02T18:26:33.969126-03:00,9
2025-12-02T18:40:02.938090-03:00,9
2025-12-02T18:51:09.728127-03:00,9
2025-12-02T19:18:28.256155-03:00,7
2025-12-02T19:36:54.620541-03:00,12
2025-12-02T19:48:36.218323-03:00,8
2025-12-02T19:59:30.987946-03:00,9
2025-12-02T20:26:54.569567-03:00,9
2025-12-02T20:41:17.460862-03:00,9
2025-12-02T20:56:17.110828-03:00,8
2025-12-02T22:53:24.781244-03:00,2
2025-12-03T00:18:00.553366-03:00,3
2025-12-03T01:36:28.971070-03:00,4
2025-12-03T01:54:38.281485-03:00,3
2025-12-03T02:20:37.777170-03:00,2
2025-12-03T02:43:30.239956-03:00,1
2025-12-03T02:56:07.193500-03:00,1
2025-12-03T03:37:05.928891-03:00,8
2025-12-03T03:58:07.578055-03:00,1
2025-12-03T04:29:19.022236-03:00,8
2025-12-03T04:44:55.782431-03:00,8
2025-12-03T04:55:43.934082-03:00,8
2025-12-03T05:32:12.288905-03:00,8
2025-12-03T05:57:33.511968-03:00,8
2025-12-03T06:32:04.885332-03:00,8
2025-12-03T06:51:17.912313-03:00,8
2025-12-03T07:26:03.220851-03:00,8
2025-12-03T08:00:17.952012-03:00,8
2025-12-03T08:28:54.096550-03:00,2
2025-12-03T08:44:37.039137-03:00,4
2025-12-03T08:56:03.288541-03:00,5
2025-12-03T09:51:43.465431-03:00,2
2025-12-03T10:36:25.658751-03:00,1
2025-12-03T10:56:38.762834-03:00,2
2025-12-03T11:27:05.962177-03:00,5
2025-12-03T11:49:19.975503-03:00,1
2025-12-03T12:00:03.444359-03:00,4
2025-12-03T12:33:34.576428-03:00,2
2025-12-03T12:53:43.859693-03:00,8
2025-12-03T13:31:26.366813-03:00,5
2025-12-03T13:58:30.386447-03:00,5
2025-12-03T14:30:19.278918-03:00,7
2025-12-03T14:50:43.850613-03:00,6
2025-12-03T15:34:03.892481-03:00,10
2025-12-03T15:57:37.851423-03:00,7
2025-12-03T16:23:52.296075-03:00,7
2025-12-03T16:39:30.561930-03:00,8
2025-12-03T16:50:14.350917-03:00,11
2025-12-03T17:11:28.176299-03:00,5
2025-12-03T17:41:01.784601-03:00,7
2025-12-03T17:57:01.272665-03:00,4
2025-12-03T18:22:53.379008-03:00,6
2025-12-03T18:38:42.615688-03:00,11
2025-12-03T18:49:58.810022-03:00,11
2025-12-03T19:01:02.035709-03:00,5
2025-12-03T19:33:32.396799-03:00,8
2025-12-03T19:49:12.824915-03:00,8
2025-12-03T20:00:06.428264-03:00,10
2025-12-03T20:25:38.416170-03:00,11
2025-12-03T20:39:48.220291-03:00,11
2025-12-03T20:50:51.256806-03:00,8
2025-12-03T22:44:34.402848-03:00,6
2025-12-04T00:10:22.864581-03:00,5
2025-12-04T01:01:32.764383-03:00,6
2025-12-04T01:41:14.378766-03:00,1
2025-12-04T01:58:43.699339-03:00,4
2025-12-04T02:29:07.940170-03:00,6
2025-12-04T02:45:43.997474-03:00,6
2025-12-04T02:56:45.736826-03:00,6
2025-12-04T03:38:21.949438-03:00,6
2025-12-04T03:57:58.908334-03:00,6
2025-12-04T04:28:27.382600-03:00,3
2025-12-04T04:43:26.890137-03:00,3
2025-12-04T04:56:17.438102-03:00,2
2025-12-04T05:34:16.503737-03:00,3
2025-12-04T05:56:34.332360-03:00,9
2025-12-04T06:29:43.703141-03:00,9
2025-12-04T06:48:28.619120-03:00,2
2025-12-04T06:59:02.278462-03:00,2
2025-12-04T07:34:17.619167-03:00,9
2025-12-04T07:53:14.480027-03:00,9
2025-12-04T08:20:44.938088-03:00,9
2025-12-04T08:56:03.925141-03:00,2
2025-12-04T09:52:03.920901-03:00,6
2025-12-04T10:37:28.514442-03:00,5
2025-12-04T10:56:46.371126-03:00,7
2025-12-04T11:27:07.526199-03:00,8
2025-12-04T11:49:13.130423-03:00,8
2025-12-04T11:59:55.253543-03:00,8
2025-12-04T12:33:52.702894-03:00,10
2025-12-04T12:52:15.371541-03:00,9
2025-12-04T13:31:41.260683-03:00,11
2025-12-04T13:58:09.346766-03:00,12
2025-12-04T14:29:53.329028-03:00,10
2025-12-04T14:48:20.458036-03:00,15
2025-12-04T14:58:54.386967-03:00,18
2025-12-04T15:44:47.921637-03:00,9
2025-12-04T16:01:31.679743-03:00,12
2025-12-04T16:28:05.939571-03:00,16
2025-12-04T16:43:00.247016-03:00,11
2025-12-04T16:56:11.392261-03:00,6
2025-12-04T17:27:47.566769-03:00,11
2025-12-04T17:47:38.309645-03:00,9
2025-12-04T17:58:13.657839-03:00,9
2025-12-04T18:26:57.777178-03:00,9
2025-12-04T18:43:05.102698-03:00,12
2025-12-04T18:56:16.852581-03:00,13
2025-12-04T19:21:26.022085-03:00,15
2025-12-04T19:41:45.902666-03:00,11
2025-12-04T19:56:10.971940-03:00,9
2025-12-04T20:22:37.019330-03:00,9
2025-12-04T20:40:24.616623-03:00,9
2025-12-04T20:56:20.770257-03:00,9
2025-12-04T22:55:14.037325-03:00,5
2025-12-05T00:19:50.470897-03:00,7
2025-12-05T01:00:25.899164-03:00,3
2025-12-05T01:40:38.419034-03:00,3
2025-12-05T01:58:27.748258-03:00,2
2025-12-05T02:29:19.990257-03:00,1
2025-12-05T02:46:19.507304-03:00,2
2025-12-05T02:57:18.066414-03:00,2
2025-12-05T03:40:51.464723-03:00,2
2025-12-05T04:00:50.760156-03:00,1
2025-12-05T04:31:41.435898-03:00,4
2025-12-05T04:46:31.990406-03:00,4
2025-12-05T04:57:30.610203-03:00,1
2025-12-05T05:36:08.231198-03:00,14
2025-12-05T05:55:12.745440-03:00,3
2025-12-05T06:23:09.273795-03:00,4
2025-12-05T06:43:30.802712-03:00,5
2025-12-05T06:56:17.012700-03:00,4
2025-12-05T07:26:37.385263-03:00,3
2025-12-05T07:47:21.260707-03:00,1
2025-12-05T07:58:26.806081-03:00,1
2025-12-05T08:25:48.499216-03:00,14
2025-12-05T08:40:19.907784-03:00,14
2025-12-05T08:56:17.906647-03:00,14
2025-12-05T09:50:26.325431-03:00,14
2025-12-05T10:32:54.667500-03:00,1
2025-12-05T10:52:27.879086-03:00,2
2025-12-05T11:22:16.688658-03:00,4
2025-12-05T11:45:23.228362-03:00,1
2025-12-05T11:56:16.263105-03:00,1
2025-12-05T12:26:41.786268-03:00,6
2025-12-05T12:45:29.739033-03:00,2
2025-12-05T12:56:33.402560-03:00,7
2025-12-05T13:32:28.075422-03:00,8
2025-12-05T13:54:23.371223-03:00,7
2025-12-05T14:19:50.821376-03:00,10
2025-12-05T14:38:53.125829-03:00,5
2025-12-05T14:49:59.108087-03:00,5
2025-12-05T15:01:19.798555-03:00,9
2025-12-05T15:58:01.783291-03:00,5
2025-12-05T16:23:52.056042-03:00,12
2025-12-05T16:38:12.585555-03:00,9
2025-12-05T16:49:20.538645-03:00,9
2025-12-05T17:00:08.644734-03:00,9
2025-12-05T17:32:44.302231-03:00,8
2025-12-05T17:49:44.981820-03:00,8
2025-12-05T18:00:10.567583-03:00,13
2025-12-05T18:26:36.180320-03:00,6
2025-12-05T18:41:22.428890-03:00,7
2025-12-05T18:56:13.815341-03:00,8
2025-12-05T19:22:45.866502-03:00,9
2025-12-05T19:42:02.951360-03:00,11
2025-12-05T19:56:26.707831-03:00,11
2025-12-05T20:22:03.737872-03:00,9
2025-12-05T20:39:26.180841-03:00,6
2025-12-05T20:50:11.726113-03:00,5
2025-12-05T21:43:02.081612-03:00,10
2025-12-05T23:21:23.349827-03:00,7
2025-12-06T00:30:51.195049-03:00,3
2025-12-06T00:56:41.881887-03:00,3
2025-12-06T01:27:51.634605-03:00,3
2025-12-06T01:45:14.815781-03:00,4
2025-12-06T01:56:01.566143-03:00,4
2025-12-06T02:41:36.985327-03:00,5
2025-12-06T02:56:23.324052-03:00,5
2025-12-06T03:33:47.760561-03:00,2
2025-12-06T03:52:48.175292-03:00,1
2025-12-06T04:19:09.122580-03:00,2
2025-12-06T04:32:08.930994-03:00,1
2025-12-06T04:46:23.754017-03:00,1
2025-12-06T04:56:59.254138-03:00,1
2025-12-06T05:51:46.792932-03:00,2
2025-12-06T06:20:22.570728-03:00,4
2025-12-06T06:39:33.444581-03:00,1
2025-12-06T06:50:21.651399-03:00,1
2025-12-06T07:20:34.933970-03:00,12
2025-12-06T07:42:22.616652-03:00,1
2025-12-06T07:56:05.410076-03:00,1
2025-12-06T08:17:56.400967-03:00,3
2025-12-06T08:29:34.198420-03:00,4
2025-12-06T08:41:13.319508-03:00,4
2025-12-06T08:55:49.751698-03:00,3
2025-12-06T09:42:38.902307-03:00,4
2025-12-06T10:16:42.208588-03:00,2
2025-12-06T10:39:10.782285-03:00,4
2025-12-06T10:50:20.500885-03:00,4
2025-12-06T11:17:44.521262-03:00,4
2025-12-06T11:35:19.058934-03:00,6
2025-12-06T11:46:16.189683-03:00,6
2025-12-06T11:56:54.200443-03:00,4
2025-12-06T12:23:01.862282-03:00,5
2025-12-06T12:39:00.266881-03:00,8
2025-12-06T12:49:48.155417-03:00,8
2025-12-06T13:00:53.546781-03:00,8
2025-12-06T13:34:44.565420-03:00,5
2025-12-06T13:50:08.585821-03:00,4
2025-12-06T14:07:17.647420-03:00,9
2025-12-06T14:28:43.784846-03:00,9
2025-12-06T14:41:55.866408-03:00,5
2025-12-06T14:56:00.913022-03:00,3
2025-12-06T15:30:15.347155-03:00,5
2025-12-06T15:49:45.872724-03:00,5
2025-12-06T16:00:29.964590-03:00,6
2025-12-06T16:23:16.724384-03:00,6
2025-12-06T16:37:22.978857-03:00,6
2025-12-06T16:48:27.584351-03:00,6
2025-12-06T16:59:11.736567-03:00,7
2025-12-06T17:29:17.286000-03:00,6
2025-12-06T17:56:15.077822-03:00,9
2025-12-06T18:20:00.278144-03:00,6
2025-12-06T18:32:42.165918-03:00,6
2025-12-06T18:56:59.214489-03:00,4
2025-12-06T19:23:53.869759-03:00,12
2025-12-06T19:41:08.581655-03:00,1
2025-12-06T19:56:21.260649-03:00,12
2025-12-06T20:21:29.250971-03:00,12
2025-12-06T20:39:10.854508-03:00,1
2025-12-06T20:50:09.631269-03:00,2
2025-12-06T21:50:24.480498-03:00,3
2025-12-06T23:56:46.695339-03:00,8
2025-12-07T00:58:53.769172-03:00,3
2025-12-07T01:37:35.711316-03:00,9
2025-12-07T01:54:41.834050-03:00,9
2025-12-07T02:19:02.444090-03:00,4
2025-12-07T02:37:14.071020-03:00,4
2025-12-07T02:47:51.154620-03:00,9
2025-12-07T02:58:45.362674-03:00,7
2025-12-07T03:38:18.483633-03:00,9
2025-12-07T03:53:14.347387-03:00,3
2025-12-07T04:19:42.526078-03:00,4
2025-12-07T04:32:38.127435-03:00,7
2025-12-07T04:45:51.120479-03:00,5
2025-12-07T04:56:20.144068-03:00,4
2025-12-07T05:28:43.982418-03:00,5
2025-12-07T05:47:02.995001-03:00,3
2025-12-07T05:57:40.719779-03:00,6
2025-12-07T06:25:40.489115-03:00,3
2025-12-07T06:40:04.493953-03:00,2
2025-12-07T06:51:13.764575-03:00,2
2025-12-07T07:19:34.702154-03:00,1
2025-12-07T07:38:02.306682-03:00,2
2025-12-07T07:49:06.297191-03:00,1
2025-12-07T07:59:40.679132-03:00,11
2025-12-07T08:21:51.636301-03:00,11
2025-12-07T08:37:23.516901-03:00,11
2025-12-07T08:48:01.739688-03:00,2
2025-12-07T08:58:52.428658-03:00,11
2025-12-07T09:52:06.488639-03:00,11
2025-12-07T10:26:14.734272-03:00,4
2025-12-07T10:42:07.604566-03:00,4
2025-12-07T10:55:45.973498-03:00,1
2025-12-07T11:19:11.041069-03:00,2
2025-12-07T11:36:48.740182-03:00,3
2025-12-07T11:47:48.528814-03:00,3
2025-12-07T11:58:29.900041-03:00,1
2025-12-07T12:24:57.665094-03:00,5
2025-12-07T12:38:13.525752-03:00,5
2025-12-07T12:49:11.067102-03:00,5
2025-12-07T13:00:07.623897-03:00,4
2025-12-07T13:32:24.434907-03:00,5
2025-12-07T13:49:52.180963-03:00,5
2025-12-07T14:00:39.669851-03:00,5
2025-12-07T14:27:27.759347-03:00,7
2025-12-07T14:41:09.935482-03:00,9
2025-12-07T14:55:51.340079-03:00,5
2025-12-07T15:29:56.697519-03:00,9
2025-12-07T16:00:00.588047-03:00,4
2025-12-07T16:21:41.348258-03:00,4
2025-12-07T16:37:26.386203-03:00,8
2025-12-07T16:48:35.620349-03:00,8
2025-12-07T16:59:16.406048-03:00,6
2025-12-07T17:43:50.502533-03:00,9
2025-12-07T17:55:48.198073-03:00,7
2025-12-07T18:18:13.612345-03:00,9
2025-12-07T18:30:27.317255-03:00,5
2025-12-07T18:46:05.571478-03:00,9
2025-12-07T18:56:41.674507-03:00,8
2025-12-07T19:22:15.795668-03:00,5
2025-12-07T19:40:53.266616-03:00,6
2025-12-07T19:56:17.100061-03:00,6
2025-12-07T20:21:03.754661-03:00,6
2025-12-07T20:38:29.093077-03:00,8
2025-12-07T20:49:30.036395-03:00,7
2025-12-07T21:00:11.769077-03:00,7
2025-12-07T23:17:37.890617-03:00,6
2025-12-08T00:40:36.397208-03:00,5
2025-12-08T01:21:05.825797-03:00,5
2025-12-08T01:53:26.398608-03:00,2
2025-12-08T02:23:57.473619-03:00,3
2025-12-08T02:46:23.475076-03:00,3
2025-12-08T02:56:50.329421-03:00,1
2025-12-08T03:42:09.298856-03:00,10
2025-12-08T04:02:48.783439-03:00,10
2025-12-08T04:33:13.149391-03:00,10
2025-12-08T04:49:08.775880-03:00,10
2025-12-08T04:59:38.577176-03:00,10
2025-12-08T05:41:16.453594-03:00,10
2025-12-08T06:02:30.599888-03:00,10
2025-12-08T06:40:37.831357-03:00,10
2025-12-08T06:57:27.044725-03:00,10
2025-12-08T07:32:06.844134-03:00,10
2025-12-08T07:52:50.386060-03:00,10
2025-12-08T08:19:43.884869-03:00,10
2025-12-08T08:35:31.229333-03:00,10
2025-12-08T08:47:54.491607-03:00,2
2025-12-08T08:58:27.464424-03:00,10
2025-12-08T09:59:30.202901-03:00,2
2025-12-08T10:40:30.204832-03:00,1
2025-12-08T10:57:58.735444-03:00,3
2025-12-08T11:31:13.405224-03:00,4
2025-12-08T11:52:22.060113-03:00,1
2025-12-08T12:24:50.821805-03:00,4
2025-12-08T12:44:05.625535-03:00,4
2025-12-08T12:56:35.937184-03:00,6
2025-12-08T13:34:11.129809-03:00,6
2025-12-08T13:56:42.727748-03:00,8
2025-12-08T14:24:49.187649-03:00,5
2025-12-08T14:43:46.728006-03:00,2
2025-12-08T15:36:25.682117-03:00,6
2025-12-08T15:55:14.055149-03:00,6
2025-12-08T16:18:10.192566-03:00,12
2025-12-08T16:31:59.090508-03:00,12
2025-12-08T16:45:48.931606-03:00,10
2025-12-08T16:56:33.994469-03:00,6
2025-12-08T17:28:47.951389-03:00,5
2025-12-08T17:47:10.979439-03:00,9
2025-12-08T17:58:16.559531-03:00,12
2025-12-08T18:23:44.199514-03:00,12
2025-12-08T18:38:57.506098-03:00,9
2025-12-08T18:49:54.535768-03:00,9
2025-12-08T19:00:59.309292-03:00,5
2025-12-08T19:32:43.193233-03:00,10
2025-12-08T19:48:34.115246-03:00,12
2025-12-08T19:59:37.696973-03:00,11
2025-12-08T20:27:20.405612-03:00,10
2025-12-08T20:41:51.705700-03:00,10
2025-12-08T20:56:18.791410-03:00,4
2025-12-08T22:55:15.202597-03:00,4
2025-12-09T00:19:30.638787-03:00,4
2025-12-09T00:59:40.664779-03:00,3
2025-12-09T01:36:25.291373-03:00,2
2025-12-09T01:54:04.326890-03:00,2
2025-12-09T02:21:29.897186-03:00,6
2025-12-09T02:44:20.294111-03:00,7
2025-12-09T02:56:24.783397-03:00,7
2025-12-09T03:38:24.473805-03:00,6
2025-12-09T03:58:52.987820-03:00,4
2025-12-09T04:29:42.123577-03:00,4
2025-12-09T04:44:38.425750-03:00,6
2025-12-09T04:56:29.042582-03:00,3
2025-12-09T05:35:32.196929-03:00,3
2025-12-09T05:57:29.934045-03:00,2
2025-12-09T06:31:03.760441-03:00,2
2025-12-09T06:50:36.510614-03:00,2
2025-12-09T07:26:18.321240-03:00,4
2025-12-09T07:49:36.444707-03:00,12
2025-12-09T08:00:01.487502-03:00,12
2025-12-09T08:27:48.057000-03:00,1
2025-12-09T08:43:10.307848-03:00,2
2025-12-09T08:56:08.410636-03:00,3
2025-12-09T09:52:16.029250-03:00,1
2025-12-09T10:36:37.344048-03:00,3
2025-12-09T10:56:02.520840-03:00,1
2025-12-09T11:26:19.199047-03:00,5
2025-12-09T11:49:15.056354-03:00,8
2025-12-09T11:59:54.952307-03:00,8
2025-12-09T12:33:42.928607-03:00,6
2025-12-09T12:49:24.123536-03:00,8
2025-12-09T13:00:05.458942-03:00,7
2025-12-09T13:41:17.268305-03:00,8
2025-12-09T14:01:41.686958-03:00,14
2025-12-09T14:33:40.335708-03:00,9
2025-12-09T14:50:00.654724-03:00,8
2025-12-09T15:12:13.381191-03:00,7
2025-12-09T15:46:19.403647-03:00,9
2025-12-09T15:59:16.507015-03:00,7
2025-12-09T16:21:28.387325-03:00,8
2025-12-09T16:38:59.519402-03:00,12
2025-12-09T16:50:13.039878-03:00,13
2025-12-09T17:09:57.309117-03:00,11
2025-12-09T17:31:58.140662-03:00,10
2025-12-09T17:46:31.221806-03:00,10
2025-12-09T17:57:25.124159-03:00,13
2025-12-09T18:24:19.202545-03:00,12
2025-12-09T18:40:12.545476-03:00,10
2025-12-09T18:51:16.068699-03:00,10
2025-12-09T19:21:00.377386-03:00,10
2025-12-09T19:41:49.129675-03:00,11
2025-12-09T19:55:55.253796-03:00,9
2025-12-09T20:22:16.726282-03:00,8
2025-12-09T20:38:59.514051-03:00,5
2025-12-09T20:50:00.277871-03:00,5
2025-12-09T21:44:00.413063-03:00,10
2025-12-09T23:30:22.631791-03:00,9
2025-12-10T00:46:13.360609-03:00,6
2025-12-10T01:21:11.597561-03:00,6
2025-12-10T01:53:23.041832-03:00,5
2025-12-10T02:22:55.750393-03:00,3
2025-12-10T02:56:40.003355-03:00,7
2025-12-10T03:39:56.195479-03:00,4
2025-12-10T04:00:15.977729-03:00,5
2025-12-10T04:31:48.529687-03:00,4
2025-12-10T04:48:56.767716-03:00,3
2025-12-10T04:59:29.814585-03:00,4
2025-12-10T05:39:15.828831-03:00,4
2025-12-10T05:58:39.589731-03:00,5
2025-12-10T06:36:18.995187-03:00,4
2025-12-10T06:51:37.705739-03:00,2
2025-12-10T07:26:19.812971-03:00,4
2025-12-10T07:50:34.066734-03:00,1
2025-12-10T08:19:58.870289-03:00,6
2025-12-10T08:36:27.748265-03:00,3
2025-12-10T08:48:36.653758-03:00,4
2025-12-10T08:59:32.713787-03:00,2
2025-12-10T10:02:14.779345-03:00,5
2025-12-10T10:47:17.871084-03:00,8
2025-12-10T11:01:05.266199-03:00,9
2025-12-10T11:37:26.054670-03:00,8
2025-12-10T11:56:28.995675-03:00,6
2025-12-10T12:30:14.912845-03:00,11
2025-12-10T12:47:47.806954-03:00,6
2025-12-10T12:59:49.187590-03:00,7
2025-12-10T13:38:30.208086-03:00,11
2025-12-10T13:58:34.691224-03:00,14
2025-12-10T14:31:16.920733-03:00,11
2025-12-10T14:51:46.596240-03:00,7
2025-12-10T15:32:26.956034-03:00,13
2025-12-10T15:56:29.864581-03:00,8
2025-12-10T16:21:40.411626-03:00,7
2025-12-10T16:40:13.391703-03:00,15
2025-12-10T16:51:18.045577-03:00,15
2025-12-10T17:26:40.281215-03:00,14
2025-12-10T17:48:32.208123-03:00,10
2025-12-10T18:00:20.660936-03:00,6
2025-12-10T18:33:14.630473-03:00,10
2025-12-10T18:49:04.437601-03:00,10
2025-12-10T19:00:01.038056-03:00,8
2025-12-10T19:29:38.607270-03:00,12
2025-12-10T19:47:20.089720-03:00,8
2025-12-10T19:57:56.143033-03:00,6
2025-12-10T20:25:30.423903-03:00,5
2025-12-10T20:40:01.366098-03:00,7
2025-12-10T20:50:50.299814-03:00,7
2025-12-10T22:47:39.763366-03:00,5
2025-12-11T00:16:01.289881-03:00,6
2025-12-11T01:06:23.901678-03:00,4
2025-12-11T01:47:10.653961-03:00,2
2025-12-11T02:02:02.384422-03:00,3
2025-12-11T02:36:38.038169-03:00,5
2025-12-11T02:52:19.394118-03:00,3
2025-12-11T03:35:56.414869-03:00,3
2025-12-11T03:59:54.007420-03:00,2
2025-12-11T04:31:56.832033-03:00,4
2025-12-11T04:49:21.303715-03:00,3
2025-12-11T05:00:18.775461-03:00,2
2025-12-11T05:40:28.489619-03:00,3
2025-12-11T06:01:55.664547-03:00,3
2025-12-11T06:37:07.948723-03:00,3
2025-12-11T06:53:04.150547-03:00,5
2025-12-11T07:26:54.962476-03:00,4
2025-12-11T07:49:56.789963-03:00,5
2025-12-11T08:01:12.027345-03:00,4
2025-12-11T08:29:24.992551-03:00,4
2025-12-11T08:45:02.301664-03:00,4
2025-12-11T08:55:50.158762-03:00,4
2025-12-11T09:52:53.117401-03:00,3
2025-12-11T10:39:53.614907-03:00,3
2025-12-11T10:59:32.589048-03:00,3
2025-12-11T11:31:28.885473-03:00,2
2025-12-11T11:52:26.061409-03:00,2
2025-12-11T12:27:01.472810-03:00,2
2025-12-11T12:49:38.374214-03:00,2
2025-12-11T13:01:23.138213-03:00,4
2025-12-11T13:47:52.858441-03:00,8
2025-12-11T14:21:03.409597-03:00,8
2025-12-11T14:48:45.070037-03:00,5
2025-12-11T15:00:14.815061-03:00,7
2025-12-11T15:44:15.120091-03:00,7
2025-12-11T16:02:01.943848-03:00,9
2025-12-11T16:29:28.827891-03:00,6
2025-12-11T16:44:17.240857-03:00,6
2025-12-11T17:28:20.487928-03:00,10
2025-12-11T17:44:49.489874-03:00,7
2025-12-11T17:56:02.249248-03:00,13
2025-12-11T18:25:46.704409-03:00,7
2025-12-11T18:41:57.080159-03:00,7
2025-12-11T18:56:20.686249-03:00,5
2025-12-11T19:24:39.364477-03:00,9
2025-12-11T19:44:13.830968-03:00,6
2025-12-11T19:55:43.503651-03:00,7
2025-12-11T20:21:48.880825-03:00,5
2025-12-11T20:41:18.488236-03:00,8
2025-12-11T20:56:19.461867-03:00,6
2025-12-11T22:58:02.640179-03:00,6
2025-12-12T00:37:34.997971-03:00,4
2025-12-12T01:19:51.017347-03:00,2
2025-12-12T01:49:14.774100-03:00,2
2025-12-12T02:10:51.231583-03:00,3
2025-12-12T02:40:54.752724-03:00,1
2025-12-12T02:56:01.528460-03:00,1
2025-12-12T03:37:51.892458-03:00,3
2025-12-12T03:59:45.196838-03:00,4
2025-12-12T04:31:08.525064-03:00,2
2025-12-12T04:48:43.166657-03:00,4
2025-12-12T04:59:28.460071-03:00,4
2025-12-12T05:40:08.329755-03:00,9
2025-12-12T05:59:31.080045-03:00,9
2025-12-12T06:33:49.724823-03:00,9
2025-12-12T06:51:38.640515-03:00,9
2025-12-12T07:25:17.655107-03:00,3
2025-12-12T07:48:00.879101-03:00,2
2025-12-12T07:59:09.726751-03:00,4
2025-12-12T08:27:47.710421-03:00,3
2025-12-12T08:43:23.942594-03:00,1
2025-12-12T08:56:20.579538-03:00,2
2025-12-12T09:52:26.781596-03:00,1
2025-12-12T10:34:55.664372-03:00,2
2025-12-12T10:54:48.284421-03:00,9
2025-12-12T11:20:34.089474-03:00,4
2025-12-12T11:41:39.667120-03:00,2
2025-12-12T11:55:51.240420-03:00,1
2025-12-12T12:25:51.415102-03:00,2
2025-12-12T12:45:07.333163-03:00,4
2025-12-12T12:56:47.737844-03:00,3
2025-12-12T13:32:07.614393-03:00,5
2025-12-12T13:51:57.719229-03:00,6
2025-12-12T14:20:26.304295-03:00,7
2025-12-12T14:43:28.318563-03:00,10
2025-12-12T14:56:20.847399-03:00,10
2025-12-12T15:36:54.120171-03:00,9
2025-12-12T15:57:13.179855-03:00,6
2025-12-12T16:22:03.610786-03:00,9
2025-12-12T16:38:59.745475-03:00,6
2025-12-12T16:50:03.842497-03:00,6
2025-12-12T17:10:00.908350-03:00,7
2025-12-12T17:35:47.822741-03:00,10
2025-12-12T17:51:09.295542-03:00,12
2025-12-12T18:19:52.650152-03:00,8
2025-12-12T18:35:34.432403-03:00,12
2025-12-12T18:46:18.686991-03:00,12
2025-12-12T18:56:57.309436-03:00,9
2025-12-12T19:25:23.615711-03:00,10
2025-12-12T19:44:07.118450-03:00,7
2025-12-12T19:56:16.100458-03:00,12
2025-12-12T20:22:45.949466-03:00,10
2025-12-12T20:40:44.154839-03:00,10
2025-12-12T20:56:14.378344-03:00,12
2025-12-12T22:50:47.629294-03:00,6
2025-12-13T00:16:27.995382-03:00,4
2025-12-13T00:56:29.847710-03:00,6
2025-12-13T01:29:57.408131-03:00,2
2025-12-13T01:48:41.583552-03:00,4
2025-12-13T01:59:45.962672-03:00,7
2025-12-13T02:30:55.924383-03:00,3
2025-12-13T02:49:11.068167-03:00,1
2025-12-13T02:59:42.844602-03:00,3
2025-12-13T03:40:57.028576-03:00,2
2025-12-13T03:58:49.045912-03:00,6
2025-12-13T04:28:22.829917-03:00,5
2025-12-13T04:41:22.451563-03:00,6
2025-12-13T04:55:52.773597-03:00,2
2025-12-13T05:28:10.514617-03:00,13
2025-12-13T05:48:54.653081-03:00,13
2025-12-13T05:59:20.374848-03:00,13
2025-12-13T06:27:35.416104-03:00,13
2025-12-13T06:42:17.610725-03:00,1
2025-12-13T06:55:56.226714-03:00,13
2025-12-13T07:22:45.654678-03:00,2
2025-12-13T07:42:26.805381-03:00,2
2025-12-13T07:56:21.627503-03:00,4
2025-12-13T08:18:59.135444-03:00,2
2025-12-13T08:30:28.752246-03:00,1
2025-12-13T08:45:46.728221-03:00,4
2025-12-13T08:56:27.964181-03:00,3
2025-12-13T10:18:03.845202-03:00,2
2025-12-13T10:40:07.489292-03:00,8
2025-12-13T10:51:02.914472-03:00,8
2025-12-13T11:18:40.513172-03:00,7
2025-12-13T11:37:25.712396-03:00,11
2025-12-13T11:48:57.803199-03:00,11
2025-12-13T11:59:28.097774-03:00,10
2025-12-13T12:26:47.583971-03:00,14
2025-12-13T12:55:46.390146-03:00,6
2025-12-13T13:27:18.301340-03:00,11
2025-12-13T13:48:00.160520-03:00,10
2025-12-13T13:59:03.263955-03:00,7
2025-12-13T14:24:30.861532-03:00,7
2025-12-13T14:39:16.006549-03:00,8
2025-12-13T14:50:06.381625-03:00,8
2025-12-13T15:11:56.996006-03:00,7
2025-12-13T15:42:54.116007-03:00,7
2025-12-13T15:56:04.155003-03:00,7
2025-12-13T16:17:38.940665-03:00,7
2025-12-13T16:28:42.353899-03:00,9
2025-12-13T16:40:34.404233-03:00,11
2025-12-13T16:55:53.839279-03:00,8
2025-12-13T17:24:23.320768-03:00,14
2025-12-13T17:41:25.294209-03:00,9
2025-12-13T17:56:13.233154-03:00,8
2025-12-13T18:20:12.147513-03:00,7
2025-12-13T18:33:09.482771-03:00,7
2025-12-13T18:46:23.394466-03:00,14
2025-12-13T18:57:02.128465-03:00,10
2025-12-13T19:24:06.418567-03:00,10
2025-12-13T19:41:57.713625-03:00,10
2025-12-13T19:56:09.626096-03:00,8
2025-12-13T20:21:07.332441-03:00,5
2025-12-13T20:39:18.788812-03:00,7
2025-12-13T20:50:09.168505-03:00,7
2025-12-13T21:50:17.561000-03:00,5
2025-12-13T23:58:11.238902-03:00,6
2025-12-14T01:03:30.857589-03:00,5
2025-12-14T01:45:39.103379-03:00,4
2025-12-14T02:00:48.325024-03:00,5
2025-12-14T02:33:21.551688-03:00,5
2025-12-14T02:48:50.606917-03:00,3
2025-12-14T02:59:57.098131-03:00,2
2025-12-14T03:40:41.486942-03:00,7
2025-12-14T03:59:03.898085-03:00,2
2025-12-14T04:26:24.129185-03:00,3
2025-12-14T04:40:10.063191-03:00,4
2025-12-14T04:50:54.294477-03:00,4
2025-12-14T05:27:21.756566-03:00,3
2025-12-14T05:48:48.131148-03:00,1
2025-12-14T05:59:31.204356-03:00,2
2025-12-14T06:28:25.359543-03:00,5
2025-12-14T06:43:20.832204-03:00,6
2025-12-14T06:56:12.941393-03:00,7
2025-12-14T07:23:35.797824-03:00,5
2025-12-14T07:43:05.924618-03:00,6
2025-12-14T07:55:57.138148-03:00,6
2025-12-14T08:18:30.001764-03:00,6
2025-12-14T08:31:18.256951-03:00,5
2025-12-14T08:45:54.123676-03:00,6
2025-12-14T09:48:42.295003-03:00,2
2025-12-14T10:18:45.847218-03:00,2
2025-12-14T10:40:32.804431-03:00,6
2025-12-14T10:55:49.682334-03:00,6
2025-12-14T11:20:15.510931-03:00,8
2025-12-14T11:38:02.677617-03:00,7
2025-12-14T11:49:01.262067-03:00,7
2025-12-14T11:59:33.059385-03:00,6
2025-12-14T12:27:00.553786-03:00,5
2025-12-14T12:41:53.083045-03:00,4
2025-12-14T12:56:26.054161-03:00,7
2025-12-14T13:28:25.342300-03:00,6
2025-12-14T13:48:20.837148-03:00,4
2025-12-14T13:58:55.156597-03:00,7
2025-12-14T14:24:24.032404-03:00,5
2025-12-14T14:40:37.090574-03:00,5
2025-12-14T14:56:15.488660-03:00,6
2025-12-14T15:32:51.806764-03:00,12
2025-12-14T15:52:51.801097-03:00,6
2025-12-14T16:16:36.965854-03:00,5
2025-12-14T16:29:16.284181-03:00,5
2025-12-14T16:40:55.455698-03:00,3
2025-12-14T16:56:02.937083-03:00,2
2025-12-14T17:25:25.013942-03:00,1
2025-12-14T17:56:25.099696-03:00,3
2025-12-14T18:21:27.026301-03:00,1
2025-12-14T18:38:49.654022-03:00,3
2025-12-14T18:49:49.833745-03:00,3
2025-12-14T19:00:50.983957-03:00,4
2025-12-14T19:30:45.944439-03:00,2
2025-12-14T19:47:07.206508-03:00,6
2025-12-14T19:57:32.902938-03:00,3
2025-12-14T20:24:37.319684-03:00,4
2025-12-14T20:39:33.322540-03:00,2
2025-12-14T20:50:33.424918-03:00,2
2025-12-14T22:50:38.272399-03:00,3
2025-12-15T00:42:43.063582-03:00,1
2025-12-15T01:29:32.235686-03:00,1
2025-12-15T01:59:31.446608-03:00,9
2025-12-15T02:34:55.281032-03:00,9
2025-12-15T02:52:29.754075-03:00,9
2025-12-15T03:37:12.512578-03:00,9
2025-12-15T04:01:04.190205-03:00,9
2025-12-15T04:34:35.388750-03:00,9
2025-12-15T04:50:01.243932-03:00,9
2025-12-15T05:16:03.192244-03:00,9
2025-12-15T05:49:59.318685-03:00,9
2025-12-15T06:18:57.234994-03:00,9
2025-12-15T06:49:53.224403-03:00,9
2025-12-15T07:12:48.988452-03:00,9
2025-12-15T07:47:32.390582-03:00,9
2025-12-15T08:00:34.338266-03:00,9
2025-12-15T08:30:19.250707-03:00,9
2025-12-15T08:48:16.737671-03:00,9
2025-12-15T08:59:23.070291-03:00,1
2025-12-15T10:04:31.807856-03:00,3
2025-12-15T10:49:43.703393-03:00,2
2025-12-15T11:13:15.008771-03:00,3
2025-12-15T11:47:46.199022-03:00,1
2025-12-15T12:12:53.858009-03:00,2
2025-12-15T12:42:51.821319-03:00,1
2025-12-15T13:00:10.151646-03:00,1
2025-12-15T13:43:42.847489-03:00,9
2025-12-15T14:13:02.947854-03:00,8
2025-12-15T14:43:02.664622-03:00,8
2025-12-15T14:57:51.580197-03:00,7
2025-12-15T15:42:43.927176-03:00,6
2025-12-15T16:01:58.855486-03:00,4
2025-12-15T16:29:48.603837-03:00,10
2025-12-15T16:43:33.981362-03:00,8
2025-12-15T16:56:17.982785-03:00,8
2025-12-15T17:29:02.692735-03:00,6
2025-12-15T17:48:56.823657-03:00,8
2025-12-15T17:59:41.290970-03:00,6
2025-12-15T18:28:37.470605-03:00,9
2025-12-15T18:44:52.587204-03:00,4
2025-12-15T18:56:14.906860-03:00,10
2025-12-15T19:24:01.069297-03:00,5
2025-12-15T19:44:45.875277-03:00,8
2025-12-15T19:55:51.618284-03:00,5
2025-12-15T20:22:57.975266-03:00,8
2025-12-15T20:41:21.267920-03:00,5
2025-12-15T20:56:07.037721-03:00,5
2025-12-15T22:56:42.755544-03:00,4
2025-12-16T00:37:30.877183-03:00,6
2025-12-16T01:20:39.775007-03:00,5
2025-12-16T01:55:22.810689-03:00,3
2025-12-16T02:23:59.505680-03:00,9
2025-12-16T02:46:45.526786-03:00,9
2025-12-16T02:57:53.085348-03:00,9
2025-12-16T03:45:42.824582-03:00,9
2025-12-16T04:02:45.951173-03:00,1
2025-12-16T04:33:14.499619-03:00,9
2025-12-16T04:49:05.212771-03:00,9
2025-12-16T05:00:00.012406-03:00,9
2025-12-16T05:42:17.077954-03:00,9
2025-12-16T06:02:46.801290-03:00,9
2025-12-16T06:37:51.334333-03:00,9
2025-12-16T06:54:28.343865-03:00,9
2025-12-16T07:26:51.644443-03:00,9
2025-12-16T07:50:37.544758-03:00,2
2025-12-16T08:21:02.340686-03:00,9
2025-12-16T08:41:32.692576-03:00,9
2025-12-16T08:56:16.029898-03:00,9
2025-12-16T09:53:48.060006-03:00,3
2025-12-16T10:39:21.849154-03:00,2
2025-12-16T10:59:17.026201-03:00,1
2025-12-16T11:35:09.471899-03:00,1
2025-12-16T11:56:09.985481-03:00,3
2025-12-16T12:28:03.693557-03:00,5
2025-12-16T12:46:52.367527-03:00,2
2025-12-16T12:58:49.536816-03:00,6
2025-12-16T13:40:05.039502-03:00,3
2025-12-16T14:01:37.009848-03:00,5
2025-12-16T14:36:46.112573-03:00,3
2025-12-16T14:53:15.978563-03:00,6
2025-12-16T15:33:58.748467-03:00,7
2025-12-16T15:58:35.192176-03:00,7
2025-12-16T16:26:01.093041-03:00,10
2025-12-16T16:40:58.093948-03:00,10
2025-12-16T16:56:11.302918-03:00,8
2025-12-16T17:28:59.558687-03:00,7
2025-12-16T17:47:51.318678-03:00,5
2025-12-16T17:59:04.731080-03:00,9
2025-12-16T18:29:08.322990-03:00,12
2025-12-16T18:44:48.547685-03:00,10
2025-12-16T18:56:10.516604-03:00,3
2025-12-16T19:22:08.208947-03:00,8
2025-12-16T19:43:10.000246-03:00,4
2025-12-16T19:56:22.089264-03:00,7
2025-12-16T20:23:29.919023-03:00,6
2025-12-16T20:40:51.535421-03:00,6
2025-12-16T20:55:53.118508-03:00,8
2025-12-17T00:12:04.530564-03:00,9
2025-12-17T01:03:25.069390-03:00,2
2025-12-17T01:44:02.058766-03:00,10
2025-12-17T02:02:03.015232-03:00,10
2025-12-17T02:36:10.984985-03:00,10
2025-12-17T02:51:53.066428-03:00,1
2025-12-17T03:35:04.152446-03:00,1
2025-12-17T03:58:54.400691-03:00,10
2025-12-17T04:30:19.640254-03:00,10
2025-12-17T04:49:09.313544-03:00,10
2025-12-17T05:00:07.988940-03:00,10
2025-12-17T05:40:46.757494-03:00,10
2025-12-17T06:02:56.882408-03:00,10
2025-12-17T06:38:33.613871-03:00,10
2025-12-17T06:54:16.079006-03:00,10
2025-12-17T07:26:23.368962-03:00,4
2025-12-17T07:50:01.051639-03:00,4
2025-12-17T08:01:29.024471-03:00,3
2025-12-17T08:30:13.283917-03:00,3
2025-12-17T08:45:35.998585-03:00,3
2025-12-17T08:56:37.132624-03:00,2
2025-12-17T09:55:16.646038-03:00,6
2025-12-17T10:34:10.174293-03:00,4
2025-12-17T10:54:33.784674-03:00,9
2025-12-17T11:24:07.366550-03:00,7
2025-12-17T11:50:32.615853-03:00,12
2025-12-17T12:25:15.822774-03:00,10
2025-12-17T12:47:20.450130-03:00,9
2025-12-17T13:00:04.126339-03:00,8
2025-12-17T13:40:53.269335-03:00,11
2025-12-17T14:11:51.102746-03:00,12
2025-12-17T14:41:57.579880-03:00,11
2025-12-17T14:56:57.843967-03:00,12
2025-12-17T15:40:26.410537-03:00,12
2025-12-17T16:02:03.163709-03:00,12
2025-12-17T16:28:52.140474-03:00,6
2025-12-17T16:43:00.493025-03:00,12
2025-12-17T16:56:15.726673-03:00,9
2025-12-17T17:29:15.902132-03:00,12
2025-12-17T17:48:12.015389-03:00,7
2025-12-17T17:58:42.193969-03:00,9
2025-12-17T18:29:17.774930-03:00,7
2025-12-17T18:44:39.978546-03:00,11
2025-12-17T18:55:45.973166-03:00,8
2025-12-17T19:22:47.808796-03:00,12
2025-12-17T19:44:50.186517-03:00,9
2025-12-17T19:56:07.949113-03:00,9
2025-12-17T20:22:52.919242-03:00,4
2025-12-17T20:41:41.586814-03:00,4
2025-12-17T20:56:20.755066-03:00,6
2025-12-17T22:54:38.329036-03:00,3
2025-12-18T00:21:37.987736-03:00,2
2025-12-18T01:07:06.002664-03:00,4
2025-12-18T01:45:39.491762-03:00,2
2025-12-18T02:01:11.883516-03:00,11
2025-12-18T02:36:20.263742-03:00,11
2025-12-18T02:52:42.477493-03:00,11
2025-12-18T03:35:15.564303-03:00,11
2025-12-18T03:58:55.140900-03:00,11
2025-12-18T04:29:59.378962-03:00,11
2025-12-18T04:44:56.837715-03:00,11
2025-12-18T04:56:17.113760-03:00,11
2025-12-18T05:34:31.871580-03:00,11
2025-12-18T05:58:26.071838-03:00,11
2025-12-18T06:35:12.122370-03:00,11
2025-12-18T06:53:32.265473-03:00,11
2025-12-18T07:25:20.819370-03:00,11
2025-12-18T07:48:09.886031-03:00,11
2025-12-18T07:58:48.691537-03:00,11
2025-12-18T08:27:24.270747-03:00,11
2025-12-18T08:43:48.051760-03:00,11
2025-12-18T08:56:18.689805-03:00,2
2025-12-18T09:52:17.700848-03:00,3
2025-12-18T10:37:03.853815-03:00,1
2025-12-18T10:57:55.130914-03:00,1
2025-12-18T11:31:49.445334-03:00,4
2025-12-18T11:54:09.134378-03:00,6
2025-12-18T12:25:06.251214-03:00,8
2025-12-18T12:46:30.130365-03:00,6
2025-12-18T12:58:39.319527-03:00,6
2025-12-18T13:40:16.919333-03:00,9
2025-12-18T14:04:02.940245-03:00,9
2025-12-18T14:35:55.658956-03:00,6
2025-12-18T14:52:34.130792-03:00,8
2025-12-18T15:33:24.784581-03:00,10
2025-12-18T15:58:34.851696-03:00,10
2025-12-18T16:23:03.569692-03:00,13
2025-12-18T16:38:38.546679-03:00,12
2025-12-18T16:49:44.998757-03:00,12
2025-12-18T17:00:24.082754-03:00,12
2025-12-18T17:31:14.977039-03:00,9
2025-12-18T17:49:42.648202-03:00,10
2025-12-18T18:00:42.820813-03:00,11
2025-12-18T18:26:41.741384-03:00,9
2025-12-18T18:41:26.896604-03:00,11
2025-12-18T18:56:12.155423-03:00,9
2025-12-18T19:23:48.778312-03:00,12
2025-12-18T19:44:05.687269-03:00,12
2025-12-18T19:55:54.418774-03:00,5
2025-12-18T20:22:47.911358-03:00,7
2025-12-18T20:40:56.590553-03:00,11
2025-12-18T20:56:19.879655-03:00,10
2025-12-18T22:57:27.453389-03:00,2
2025-12-19T00:37:45.764925-03:00,4
2025-12-19T01:19:51.444244-03:00,2
2025-12-19T01:50:09.821558-03:00,4
2025-12-19T02:12:18.972640-03:00,4
2025-12-19T02:40:35.144415-03:00,2
2025-12-19T02:56:06.746261-03:00,2
2025-12-19T03:36:49.259837-03:00,4
2025-12-19T03:58:08.424437-03:00,11
2025-12-19T04:28:58.015871-03:00,3
2025-12-19T04:44:10.809524-03:00,3
2025-12-19T04:55:45.844998-03:00,3
2025-12-19T05:32:43.199175-03:00,4
2025-12-19T05:57:19.193405-03:00,3
2025-12-19T06:30:59.607361-03:00,1
2025-12-19T06:51:18.411728-03:00,2
2025-12-19T07:24:32.428532-03:00,3
2025-12-19T07:47:51.905350-03:00,1
2025-12-19T07:58:30.698116-03:00,2
2025-12-19T08:25:52.601394-03:00,1
2025-12-19T08:40:39.648599-03:00,1
2025-12-19T08:55:51.724237-03:00,4
2025-12-19T09:48:16.786258-03:00,4
2025-12-19T10:25:01.076112-03:00,4
2025-12-19T10:50:27.271740-03:00,5
2025-12-19T11:22:44.552307-03:00,7
2025-12-19T11:46:45.517508-03:00,7
2025-12-19T11:57:56.358226-03:00,6
2025-12-19T12:31:14.759963-03:00,9
2025-12-19T12:50:59.922166-03:00,14
2025-12-19T13:28:12.443177-03:00,12
2025-12-19T13:52:45.409924-03:00,12
2025-12-19T14:19:41.422728-03:00,11
2025-12-19T14:35:05.889895-03:00,8
2025-12-19T14:46:27.613337-03:00,9
2025-12-19T14:57:16.177134-03:00,9
2025-12-19T15:38:20.405563-03:00,9
2025-12-19T15:57:42.947460-03:00,7
2025-12-19T16:22:49.540658-03:00,11
2025-12-19T16:38:41.814518-03:00,11
2025-12-19T16:49:48.196867-03:00,12
2025-12-19T17:00:18.914162-03:00,9
2025-12-19T17:50:51.888463-03:00,8
2025-12-19T18:19:48.871738-03:00,10
2025-12-19T18:47:16.839228-03:00,9
2025-12-19T18:57:56.462635-03:00,10
2025-12-19T19:27:47.060836-03:00,14
2025-12-19T19:45:24.911572-03:00,12
2025-12-19T20:22:06.110841-03:00,10
2025-12-19T20:40:17.133633-03:00,9
2025-12-19T20:56:00.966514-03:00,5
2025-12-19T22:48:41.670909-03:00,4
2025-12-20T00:06:55.629466-03:00,5
2025-12-20T00:54:47.978324-03:00,5
2025-12-20T01:27:23.045910-03:00,5
2025-12-20T01:48:29.668124-03:00,7
2025-12-20T01:59:07.130855-03:00,4
2025-12-20T02:29:51.149614-03:00,2
2025-12-20T02:58:58.096778-03:00,3
2025-12-20T03:41:00.597025-03:00,11
2025-12-20T03:58:23.801273-03:00,11
2025-12-20T04:25:00.697937-03:00,11
2025-12-20T04:38:49.225559-03:00,11
2025-12-20T04:49:45.739436-03:00,11
2025-12-20T05:00:29.570707-03:00,11
2025-12-20T05:36:51.767009-03:00,4
2025-12-20T05:53:22.851523-03:00,3
2025-12-20T06:21:16.389024-03:00,5
2025-12-20T06:40:18.548059-03:00,5
2025-12-20T06:56:01.478568-03:00,7
2025-12-20T07:23:13.661151-03:00,3
2025-12-20T07:43:09.094837-03:00,4
2025-12-20T07:55:50.422454-03:00,5
2025-12-20T08:17:59.248690-03:00,7
2025-12-20T08:30:22.780522-03:00,5
2025-12-20T08:45:55.162850-03:00,8
2025-12-20T08:56:51.709326-03:00,4
2025-12-20T09:49:13.874661-03:00,4
2025-12-20T10:18:38.139666-03:00,5
2025-12-20T10:40:43.899537-03:00,2
2025-12-20T10:55:54.130866-03:00,6
2025-12-20T11:20:27.729822-03:00,5
2025-12-20T11:41:17.334422-03:00,4
2025-12-20T11:56:10.992161-03:00,5
2025-12-20T12:22:07.741258-03:00,3
2025-12-20T12:40:29.880611-03:00,3
2025-12-20T12:55:49.229116-03:00,4
2025-12-20T13:26:53.179237-03:00,9
2025-12-20T13:46:38.556679-03:00,7
2025-12-20T13:57:14.775704-03:00,4
2025-12-20T14:21:11.535526-03:00,4
2025-12-20T14:39:34.444387-03:00,5
2025-12-20T14:50:41.788544-03:00,5
2025-12-20T15:28:03.601295-03:00,3
2025-12-20T15:48:34.260511-03:00,10
2025-12-20T15:59:15.626101-03:00,10
2025-12-20T16:22:17.088547-03:00,11
2025-12-20T16:37:09.960459-03:00,9
2025-12-20T16:48:01.914444-03:00,9
2025-12-20T16:58:32.335576-03:00,11
2025-12-20T17:28:44.001027-03:00,10
2025-12-20T17:43:31.457077-03:00,6
2025-12-20T17:56:11.614778-03:00,10
2025-12-20T18:19:56.615454-03:00,10
2025-12-20T18:32:30.930231-03:00,15
2025-12-20T18:46:18.017525-03:00,10
2025-12-20T18:56:48.478373-03:00,8
2025-12-20T19:23:08.250765-03:00,8
2025-12-20T19:41:43.788376-03:00,3
2025-12-20T19:56:03.970436-03:00,9
2025-12-20T20:21:06.441566-03:00,6
2025-12-20T20:39:16.730352-03:00,9
2025-12-20T20:50:26.898706-03:00,9
2025-12-20T22:52:57.266913-03:00,6
2025-12-21T00:39:24.282733-03:00,8
2025-12-21T01:24:00.532981-03:00,6
2025-12-21T01:54:16.938550-03:00,3
2025-12-21T02:21:28.679817-03:00,3
2025-12-21T02:44:27.567168-03:00,1
2025-12-21T02:55:50.455604-03:00,1
2025-12-21T03:34:23.686933-03:00,2
2025-12-21T03:55:49.673978-03:00,1
2025-12-21T04:21:22.138364-03:00,3
2025-12-21T04:39:35.928798-03:00,2
2025-12-21T05:12:19.532458-03:00,1
2025-12-21T05:42:26.439350-03:00,12
2025-12-21T05:57:14.265262-03:00,12
2025-12-21T06:26:58.791347-03:00,1
2025-12-21T06:42:38.229872-03:00,12
2025-12-21T06:56:12.375329-03:00,12
2025-12-21T07:24:27.889802-03:00,12
2025-12-21T07:43:47.001036-03:00,12
2025-12-21T07:56:12.277531-03:00,3
2025-12-21T08:19:20.935036-03:00,12
2025-12-21T08:31:23.647223-03:00,4
2025-12-21T08:46:06.642419-03:00,5
2025-12-21T08:56:46.624465-03:00,3
2025-12-21T09:49:17.713810-03:00,5
2025-12-21T10:19:29.774523-03:00,1
2025-12-21T10:41:26.271193-03:00,5
2025-12-21T10:56:18.211779-03:00,4
2025-12-21T11:21:43.989413-03:00,3
2025-12-21T11:41:31.753768-03:00,4
2025-12-21T11:56:15.466841-03:00,2
2025-12-21T12:22:32.673469-03:00,2
2025-12-21T12:40:19.339933-03:00,3
2025-12-21T13:27:48.663201-03:00,3
2025-12-21T13:48:03.055928-03:00,5
2025-12-21T13:58:31.579474-03:00,3
2025-12-21T14:24:31.601134-03:00,4
2025-12-21T14:40:45.621837-03:00,5
2025-12-21T14:56:18.064377-03:00,5
2025-12-21T15:32:52.067494-03:00,3
2025-12-21T15:52:58.235606-03:00,6
2025-12-21T16:16:38.197077-03:00,10
2025-12-21T16:29:22.986695-03:00,8
2025-12-21T16:41:30.975474-03:00,9
2025-12-21T16:55:45.535903-03:00,5
2025-12-21T17:24:30.496386-03:00,11
2025-12-21T17:42:53.211054-03:00,8
2025-12-21T17:55:54.241070-03:00,8
2025-12-21T18:20:23.783909-03:00,9
2025-12-21T18:39:10.697278-03:00,10
2025-12-21T18:50:08.730892-03:00,10
2025-12-21T19:08:53.548113-03:00,6
2025-12-21T19:33:39.173259-03:00,6
2025-12-21T19:48:18.803573-03:00,11
2025-12-21T19:59:13.021621-03:00,9
2025-12-21T20:26:23.558820-03:00,4
2025-12-21T20:41:28.109604-03:00,5
2025-12-21T20:55:55.605881-03:00,7
2025-12-21T22:58:41.850152-03:00,2
2025-12-22T00:47:53.544869-03:00,3
2025-12-22T01:30:29.716809-03:00,4
2025-12-22T02:00:34.160802-03:00,3
2025-12-22T02:37:00.342962-03:00,2
2025-12-22T02:52:12.199998-03:00,3
2025-12-22T03:36:54.124690-03:00,3
2025-12-22T04:00:39.042648-03:00,2
2025-12-22T04:33:30.308122-03:00,1
2025-12-22T04:49:24.070767-03:00,4
2025-12-22T05:00:10.004347-03:00,4
2025-12-22T05:41:29.138318-03:00,4
2025-12-22T06:02:18.870990-03:00,4
2025-12-22T06:41:24.475939-03:00,5
2025-12-22T06:57:54.772836-03:00,2
2025-12-22T07:31:45.207990-03:00,2
2025-12-22T07:52:03.244101-03:00,5
2025-12-22T08:19:45.634666-03:00,1
2025-12-22T08:34:48.768535-03:00,2
2025-12-22T08:46:36.779358-03:00,8
2025-12-22T08:57:01.941660-03:00,1
2025-12-22T09:55:12.356609-03:00,2
2025-12-22T10:34:51.895365-03:00,2
2025-12-22T10:53:53.899637-03:00,3
2025-12-22T11:22:25.542681-03:00,1
2025-12-22T11:45:26.290711-03:00,4
2025-12-22T11:56:40.433190-03:00,2
2025-12-22T12:27:44.349840-03:00,3
2025-12-22T12:46:14.832946-03:00,5
2025-12-22T12:56:57.230471-03:00,6
2025-12-22T13:33:35.375066-03:00,5
2025-12-22T13:55:28.056187-03:00,3
2025-12-22T14:20:08.931094-03:00,8
2025-12-22T14:39:41.251542-03:00,6
2025-12-22T14:50:52.075324-03:00,6
2025-12-22T15:32:57.013835-03:00,5
2025-12-22T15:57:16.232667-03:00,9
2025-12-22T16:22:20.056361-03:00,10
2025-12-22T16:38:37.652078-03:00,12
2025-12-22T16:49:48.591383-03:00,12
2025-12-22T17:00:51.662158-03:00,14
2025-12-22T17:33:57.549855-03:00,11
2025-12-22T17:50:57.755414-03:00,11
2025-12-22T18:19:30.476802-03:00,12
2025-12-22T18:36:05.211436-03:00,10
2025-12-22T18:47:38.014593-03:00,14
2025-12-22T18:58:23.411574-03:00,13
2025-12-22T19:29:18.395187-03:00,12
2025-12-22T19:47:04.153768-03:00,13
2025-12-22T19:57:44.855301-03:00,7
2025-12-22T20:26:48.485790-03:00,5
2025-12-22T20:42:27.218649-03:00,9
2025-12-22T20:56:29.239443-03:00,8
2025-12-22T23:00:58.941139-03:00,6
2025-12-23T00:42:17.582697-03:00,3
2025-12-23T01:25:17.792672-03:00,6
2025-12-23T01:56:08.259780-03:00,3
2025-12-23T02:27:39.129033-03:00,2
2025-12-23T02:49:15.966309-03:00,11
2025-12-23T02:59:52.446348-03:00,11
2025-12-23T03:47:51.334436-03:00,11
2025-12-23T04:13:04.189553-03:00,11
2025-12-23T04:39:13.273498-03:00,11
2025-12-23T04:51:49.075028-03:00,11
2025-12-23T05:31:40.178581-03:00,3
2025-12-23T05:57:46.000629-03:00,2
2025-12-23T06:33:34.144481-03:00,11
2025-12-23T06:52:09.278095-03:00,11
2025-12-23T07:25:36.889978-03:00,11
2025-12-23T07:48:18.337094-03:00,11
2025-12-23T07:59:19.830682-03:00,11
2025-12-23T08:27:16.590095-03:00,2
2025-12-23T08:43:15.477479-03:00,5
2025-12-23T08:56:18.711868-03:00,2
2025-12-23T09:52:53.123777-03:00,2
2025-12-23T10:36:16.135491-03:00,2
2025-12-23T10:55:51.216813-03:00,3
2025-12-23T11:24:12.712228-03:00,3
2025-12-23T11:46:50.132192-03:00,8
2025-12-23T11:57:53.576600-03:00,4
2025-12-23T12:31:05.594793-03:00,5
2025-12-23T12:51:09.487938-03:00,5
2025-12-23T13:29:16.703015-03:00,2
2025-12-23T13:54:28.198463-03:00,6
2025-12-23T14:21:33.588694-03:00,9
2025-12-23T14:44:13.334346-03:00,6
2025-12-23T14:56:19.891282-03:00,6
2025-12-23T15:36:38.091000-03:00,10
2025-12-23T15:58:07.202434-03:00,5
2025-12-23T16:23:48.494428-03:00,10
2025-12-23T16:38:53.347472-03:00,9
2025-12-23T16:49:49.485518-03:00,9
2025-12-23T17:00:25.102309-03:00,8
2025-12-23T17:33:31.145506-03:00,8
2025-12-23T17:50:03.757804-03:00,8
2025-12-23T18:08:41.637698-03:00,12
2025-12-23T18:30:31.391361-03:00,8
2025-12-23T18:46:56.503320-03:00,6
2025-12-23T18:57:36.987230-03:00,11
2025-12-23T19:27:11.042125-03:00,11
2025-12-23T19:45:03.875387-03:00,7
2025-12-23T19:55:42.388633-03:00,12
2025-12-23T20:21:20.087920-03:00,16
2025-12-23T20:40:40.005353-03:00,10
2025-12-23T20:56:11.422340-03:00,4
2025-12-23T22:55:59.803006-03:00,2
2025-12-24T00:26:22.846133-03:00,5
2025-12-24T01:10:32.585872-03:00,5
2025-12-24T01:50:47.107669-03:00,6
2025-12-24T02:25:26.786147-03:00,4
2025-12-24T02:58:33.946109-03:00,3
2025-12-24T03:47:26.901940-03:00,10
2025-12-24T04:13:08.233156-03:00,4
2025-12-24T04:39:17.206665-03:00,6
2025-12-24T04:51:55.903427-03:00,6
2025-12-24T05:31:23.712601-03:00,2
2025-12-24T05:57:24.013774-03:00,3
2025-12-24T06:31:08.861995-03:00,10
2025-12-24T06:50:02.271798-03:00,10
2025-12-24T07:10:26.968429-03:00,2
2025-12-24T07:41:32.523784-03:00,10
2025-12-24T07:56:09.599859-03:00,10
2025-12-24T08:21:52.760239-03:00,10
2025-12-24T08:40:09.480860-03:00,10
2025-12-24T08:51:18.431146-03:00,5
2025-12-24T09:45:13.157206-03:00,1
2025-12-24T10:23:16.262346-03:00,1
2025-12-24T10:48:53.531026-03:00,3
2025-12-24T10:59:30.692206-03:00,3
2025-12-24T11:29:27.577864-03:00,2
2025-12-24T11:46:58.819277-03:00,7
2025-12-24T11:57:46.781319-03:00,10
2025-12-24T12:29:23.891279-03:00,10
2025-12-24T12:45:42.068274-03:00,8
2025-12-24T12:56:30.041057-03:00,6
2025-12-24T13:31:02.505820-03:00,7
2025-12-24T13:53:15.768831-03:00,10
2025-12-24T14:18:32.082977-03:00,12
2025-12-24T14:37:21.624194-03:00,8
2025-12-24T14:48:49.751382-03:00,11
2025-12-24T14:59:24.710920-03:00,8
2025-12-24T15:40:43.240780-03:00,9
2025-12-24T15:59:07.306816-03:00,7
2025-12-24T16:23:13.927861-03:00,10
2025-12-24T16:48:51.875020-03:00,8
2025-12-24T16:59:48.385876-03:00,8
2025-12-24T17:31:58.350169-03:00,12
2025-12-24T17:49:44.671452-03:00,9
2025-12-24T18:00:23.286818-03:00,10
2025-12-24T18:28:41.216854-03:00,13
2025-12-24T18:43:10.774224-03:00,10
2025-12-24T18:56:08.608244-03:00,8
2025-12-24T19:23:15.886276-03:00,10
2025-12-24T19:44:02.571523-03:00,8
2025-12-24T19:56:15.335423-03:00,9
2025-12-24T20:22:43.024166-03:00,10
2025-12-24T20:40:51.252212-03:00,10
2025-12-24T20:55:51.167296-03:00,9
2025-12-24T22:54:37.055661-03:00,2
2025-12-25T00:27:51.136134-03:00,5
2025-12-25T01:22:12.884374-03:00,2
2025-12-25T01:56:04.769027-03:00,6
2025-12-25T02:27:36.040797-03:00,5
2025-12-25T02:48:34.350968-03:00,4
2025-12-25T02:59:28.254315-03:00,4
2025-12-25T03:46:23.058386-03:00,10
2025-12-25T04:02:15.280904-03:00,3
2025-12-25T04:31:45.716474-03:00,5
2025-12-25T04:47:27.533728-03:00,3
2025-12-25T04:58:26.886532-03:00,2
2025-12-25T05:38:15.859644-03:00,10
2025-12-25T05:56:47.188154-03:00,10
2025-12-25T06:28:50.182748-03:00,10
2025-12-25T06:46:28.980248-03:00,10
2025-12-25T06:57:02.512516-03:00,10
2025-12-25T07:28:57.161750-03:00,10
2025-12-25T07:48:05.423117-03:00,10
2025-12-25T07:58:40.898591-03:00,10
2025-12-25T08:25:14.835801-03:00,10
2025-12-25T08:39:33.945875-03:00,10
2025-12-25T08:50:28.795831-03:00,10
2025-12-25T09:43:52.261769-03:00,2
2025-12-25T10:23:08.663607-03:00,4
2025-12-25T10:48:49.798819-03:00,2
2025-12-25T11:29:52.854302-03:00,2
2025-12-25T11:47:03.472905-03:00,3
2025-12-25T11:58:07.780808-03:00,5
2025-12-25T12:28:41.441304-03:00,4
2025-12-25T12:44:36.037268-03:00,7
2025-12-25T13:31:02.819983-03:00,5
2025-12-25T13:54:08.187451-03:00,7
2025-12-25T14:19:11.384883-03:00,7
2025-12-25T14:37:56.483063-03:00,6
2025-12-25T14:49:35.852914-03:00,7
2025-12-25T15:00:38.184894-03:00,13
2025-12-25T15:43:50.099515-03:00,11
2025-12-25T15:59:20.009591-03:00,11
2025-12-25T16:23:41.665273-03:00,9
2025-12-25T16:38:31.616949-03:00,9
2025-12-25T17:00:16.673973-03:00,5
2025-12-25T17:32:21.289353-03:00,9
2025-12-25T17:50:37.797003-03:00,13
2025-12-25T18:19:47.390457-03:00,13
2025-12-25T18:36:26.722041-03:00,12
2025-12-25T18:47:27.061543-03:00,8
2025-12-25T18:58:29.353369-03:00,13
2025-12-25T19:28:22.785131-03:00,9
2025-12-25T19:45:46.834851-03:00,8
2025-12-25T19:56:34.840527-03:00,7
2025-12-25T20:23:55.047182-03:00,9
2025-12-25T20:56:04.644479-03:00,5
2025-12-25T22:55:32.379432-03:00,6
2025-12-26T00:26:13.057469-03:00,6
2025-12-26T01:10:03.393909-03:00,5
2025-12-26T01:47:33.391346-03:00,5
2025-12-26T02:01:52.177359-03:00,4
2025-12-26T02:35:27.090385-03:00,6
2025-12-26T02:51:10.788076-03:00,3
2025-12-26T03:34:34.592382-03:00,7
2025-12-26T03:58:29.848935-03:00,7
2025-12-26T04:29:22.990156-03:00,4
2025-12-26T04:44:21.442172-03:00,6
2025-12-26T04:55:57.653201-03:00,2
2025-12-26T05:32:25.668344-03:00,3
2025-12-26T05:55:24.557451-03:00,3
2025-12-26T06:24:22.847813-03:00,2
2025-12-26T06:44:09.102189-03:00,1
2025-12-26T06:56:03.005560-03:00,1
2025-12-26T07:25:55.214087-03:00,7
2025-12-26T07:46:44.350641-03:00,8
2025-12-26T07:57:14.443925-03:00,3
2025-12-26T08:24:03.325564-03:00,5
2025-12-26T08:39:51.853252-03:00,5
2025-12-26T08:50:48.807957-03:00,5
2025-12-26T09:43:56.985132-03:00,5
2025-12-26T10:23:44.896351-03:00,4
2025-12-26T10:49:41.549074-03:00,4
2025-12-26T11:00:44.153520-03:00,5
2025-12-26T11:33:32.550539-03:00,8
2025-12-26T11:50:54.776118-03:00,8
2025-12-26T12:22:31.552508-03:00,3
2025-12-26T12:42:47.157811-03:00,6
2025-12-26T12:56:37.926062-03:00,5
2025-12-26T13:30:11.274327-03:00,6
2025-12-26T13:49:49.524920-03:00,9
2025-12-26T14:00:47.449482-03:00,12
2025-12-26T14:30:26.934634-03:00,8
2025-12-26T15:39:16.640449-03:00,10
2025-12-26T15:56:01.610195-03:00,7
2025-12-26T16:18:30.131233-03:00,7
2025-12-26T16:30:46.678759-03:00,9
2025-12-26T16:46:00.586989-03:00,7
2025-12-26T16:56:30.874811-03:00,9
2025-12-26T17:26:38.769410-03:00,13
2025-12-26T17:43:31.556534-03:00,9
2025-12-26T17:55:57.119384-03:00,10
2025-12-26T18:20:42.586657-03:00,5
2025-12-26T18:39:39.014316-03:00,11
2025-12-26T18:50:27.971595-03:00,11
2025-12-26T19:21:22.859290-03:00,14
2025-12-26T19:43:44.193195-03:00,7
2025-12-26T19:55:54.371914-03:00,10
2025-12-26T20:22:19.425864-03:00,13
2025-12-26T20:41:03.047242-03:00,7
2025-12-26T20:56:13.259331-03:00,6
2025-12-26T22:55:03.994262-03:00,5
2025-12-27T00:23:54.798485-03:00,5
2025-12-27T01:06:41.514468-03:00,4
2025-12-27T01:43:56.824012-03:00,3
2025-12-27T02:00:21.060087-03:00,3
2025-12-27T02:35:03.893084-03:00,10
2025-12-27T02:50:03.868369-03:00,10
2025-12-27T03:14:00.659977-03:00,10
2025-12-27T03:48:19.219304-03:00,10
2025-12-27T04:01:09.005061-03:00,10
2025-12-27T04:28:52.887869-03:00,10
2025-12-27T04:42:50.311122-03:00,10
2025-12-27T04:56:21.898615-03:00,10
2025-12-27T05:31:55.010711-03:00,1
2025-12-27T05:54:03.535367-03:00,10
2025-12-27T06:21:46.959225-03:00,10
2025-12-27T06:41:51.030253-03:00,10
2025-12-27T06:56:07.465249-03:00,10
2025-12-27T07:23:54.779228-03:00,10
2025-12-27T07:43:42.912946-03:00,10
2025-12-27T07:56:08.079282-03:00,10
2025-12-27T08:19:24.636781-03:00,10
2025-12-27T08:31:32.480946-03:00,10
2025-12-27T08:45:53.384595-03:00,1
2025-12-27T08:56:38.757118-03:00,1
2025-12-27T09:49:51.896197-03:00,2
2025-12-27T10:20:59.567022-03:00,2
2025-12-27T10:45:14.335505-03:00,1
2025-12-27T10:56:15.761256-03:00,3
2025-12-27T11:22:01.476417-03:00,4
2025-12-27T11:42:02.900586-03:00,5
2025-12-27T11:56:02.578773-03:00,8
2025-12-27T12:22:02.778940-03:00,7
2025-12-27T12:40:28.549682-03:00,8
2025-12-27T12:56:17.938510-03:00,3
2025-12-27T13:29:07.742667-03:00,7
2025-12-27T13:49:33.049940-03:00,10
2025-12-27T14:00:06.392032-03:00,7
2025-12-27T14:25:56.175034-03:00,8
2025-12-27T14:41:35.883886-03:00,8
2025-12-27T14:55:49.232557-03:00,7
2025-12-27T15:31:51.783638-03:00,9
2025-12-27T15:53:40.507654-03:00,7
2025-12-27T16:16:35.079261-03:00,12
2025-12-27T16:29:55.498444-03:00,5
2025-12-27T16:41:47.694738-03:00,11
2025-12-27T17:25:19.045048-03:00,9
2025-12-27T17:43:05.529666-03:00,8
2025-12-27T17:56:01.610706-03:00,8
2025-12-27T18:20:43.701311-03:00,14
2025-12-27T18:39:58.260851-03:00,13
2025-12-27T18:50:59.211892-03:00,13
2025-12-27T19:20:03.916658-03:00,5
2025-12-27T19:39:39.872157-03:00,12
2025-12-27T19:50:57.711074-03:00,12
2025-12-27T20:20:09.662765-03:00,12
2025-12-27T20:36:04.234841-03:00,8
2025-12-27T20:47:54.397465-03:00,9
2025-12-27T20:58:37.485144-03:00,7
2025-12-27T23:32:24.703523-03:00,5
2025-12-28T01:00:41.402761-03:00,1
2025-12-28T02:25:49.765688-03:00,3
2025-12-28T02:47:33.609596-03:00,3
2025-12-28T02:58:39.482978-03:00,4
2025-12-28T03:42:10.822430-03:00,2
2025-12-28T04:00:18.392602-03:00,1
2025-12-28T04:30:22.231856-03:00,3
2025-12-28T04:46:29.301344-03:00,4
2025-12-28T04:57:20.995950-03:00,1
2025-12-28T05:34:45.415872-03:00,2
2025-12-28T05:53:28.705756-03:00,1
2025-12-28T06:21:34.462386-03:00,1
2025-12-28T06:42:17.478516-03:00,2
2025-12-28T06:56:18.748812-03:00,2
2025-12-28T07:25:09.683402-03:00,10
2025-12-28T07:44:22.594317-03:00,10
2025-12-28T07:55:57.501116-03:00,1
2025-12-28T08:20:02.345844-03:00,10
2025-12-28T08:33:25.276684-03:00,3
2025-12-28T08:46:21.119636-03:00,4
2025-12-28T08:57:11.415774-03:00,3
2025-12-28T09:53:23.835173-03:00,3
2025-12-28T10:29:55.989184-03:00,1
2025-12-28T10:48:25.876095-03:00,2
2025-12-28T10:59:05.323859-03:00,3
2025-12-28T11:27:58.198714-03:00,1
2025-12-28T11:45:33.960408-03:00,2
2025-12-28T11:56:19.663930-03:00,4
2025-12-28T12:23:40.774823-03:00,8
2025-12-28T12:40:48.885039-03:00,6
2025-12-28T12:56:14.883384-03:00,10
2025-12-28T13:29:19.570673-03:00,7
2025-12-28T13:50:11.726699-03:00,5
2025-12-28T14:08:14.155606-03:00,7
2025-12-28T14:31:41.572611-03:00,10
2025-12-28T14:47:26.734024-03:00,12
2025-12-28T14:58:04.944100-03:00,13
2025-12-28T15:38:55.410465-03:00,10
2025-12-28T15:56:04.677103-03:00,11
2025-12-28T16:18:35.628004-03:00,13
2025-12-28T16:30:46.033569-03:00,8
2025-12-28T16:45:49.062871-03:00,12
2025-12-28T16:56:23.723348-03:00,7
2025-12-28T17:27:32.554094-03:00,9
2025-12-28T17:45:37.873236-03:00,8
2025-12-28T17:56:08.899234-03:00,9
2025-12-28T18:21:56.529989-03:00,5
2025-12-28T18:40:18.859955-03:00,12
2025-12-28T18:56:11.406763-03:00,12
2025-12-28T19:23:20.697506-03:00,7
2025-12-28T19:44:04.476783-03:00,7
2025-12-28T19:56:16.916553-03:00,8
2025-12-28T20:22:54.802519-03:00,6
2025-12-28T20:41:09.447024-03:00,7
2025-12-28T20:56:04.467109-03:00,4
2025-12-28T23:05:29.920347-03:00,3
2025-12-29T00:55:46.598281-03:00,4
2025-12-29T01:51:52.181477-03:00,1
2025-12-29T02:29:14.601637-03:00,8
2025-12-29T02:53:07.747390-03:00,1
2025-12-29T03:37:19.935380-03:00,1
2025-12-29T04:02:14.577045-03:00,2
2025-12-29T04:35:46.633682-03:00,4
2025-12-29T04:50:23.555212-03:00,2
2025-12-29T05:33:46.575998-03:00,8
2025-12-29T05:58:58.416365-03:00,8
2025-12-29T06:39:28.951338-03:00,8
2025-12-29T06:56:25.975326-03:00,8
2025-12-29T07:28:12.989480-03:00,8
2025-12-29T07:50:20.136018-03:00,8
2025-12-29T08:20:08.905981-03:00,8
2025-12-29T08:37:31.707311-03:00,2
2025-12-29T08:49:30.999389-03:00,4
2025-12-29T09:00:00.153898-03:00,3
2025-12-29T10:03:01.038302-03:00,4
2025-12-29T10:47:41.339573-03:00,1
2025-12-29T11:00:23.416966-03:00,6
2025-12-29T11:35:51.762227-03:00,2
2025-12-29T11:53:20.937366-03:00,1
2025-12-29T12:24:12.710980-03:00,7
2025-12-29T12:45:42.149527-03:00,4
2025-12-29T12:57:18.853863-03:00,4
2025-12-29T13:33:55.887007-03:00,5
2025-12-29T13:54:36.996674-03:00,8
2025-12-29T14:19:42.520803-03:00,5
2025-12-29T14:39:30.351199-03:00,10
2025-12-29T14:51:17.410585-03:00,10
2025-12-29T15:32:26.915547-03:00,8
2025-12-29T15:55:54.946296-03:00,14
2025-12-29T16:18:57.923626-03:00,9
2025-12-29T16:31:17.903263-03:00,8
2025-12-29T16:45:55.872722-03:00,9
2025-12-29T16:56:50.020754-03:00,10
2025-12-29T17:29:46.570500-03:00,5
2025-12-29T17:48:05.319182-03:00,14
2025-12-29T17:59:01.759723-03:00,13
2025-12-29T18:26:43.471278-03:00,8
2025-12-29T18:42:19.276563-03:00,12
2025-12-29T18:55:53.405490-03:00,8
2025-12-29T19:22:24.604017-03:00,8
2025-12-29T19:43:31.821245-03:00,6
2025-12-29T19:55:59.611385-03:00,7
2025-12-29T20:41:28.428625-03:00,9
2025-12-29T20:56:15.598164-03:00,6
2025-12-29T22:59:18.097614-03:00,1
2025-12-30T00:42:51.563664-03:00,1
2025-12-30T01:26:58.038594-03:00,1
2025-12-30T01:58:50.110709-03:00,2
2025-12-30T02:32:50.401523-03:00,2
2025-12-30T02:50:57.387049-03:00,4
2025-12-30T03:35:17.130834-03:00,3
2025-12-30T03:58:52.723463-03:00,4
2025-12-30T04:30:23.930135-03:00,4
2025-12-30T04:48:51.853741-03:00,2
2025-12-30T04:59:22.212454-03:00,2
2025-12-30T05:39:44.894349-03:00,1
2025-12-30T05:59:09.911741-03:00,1
2025-12-30T06:33:57.575864-03:00,9
2025-12-30T06:51:47.814465-03:00,9
2025-12-30T07:25:05.617451-03:00,9
2025-12-30T07:48:33.646171-03:00,9
2025-12-30T07:59:01.156769-03:00,2
2025-12-30T08:27:13.105468-03:00,2
2025-12-30T08:43:01.335290-03:00,2
2025-12-30T08:56:18.081968-03:00,9
2025-12-30T09:53:05.500515-03:00,1
2025-12-30T10:36:59.276445-03:00,2
2025-12-30T10:56:19.099346-03:00,4
2025-12-30T11:25:36.341849-03:00,4
2025-12-30T11:47:05.491784-03:00,1
2025-12-30T11:58:43.964768-03:00,2
2025-12-30T12:31:22.236375-03:00,6
2025-12-30T12:51:28.842586-03:00,7
2025-12-30T13:29:08.322735-03:00,8
2025-12-30T13:53:49.001944-03:00,10
2025-12-30T14:21:38.848885-03:00,3
2025-12-30T14:44:44.792277-03:00,5
2025-12-30T14:56:29.285319-03:00,6
2025-12-30T15:37:28.308296-03:00,9
2025-12-30T15:58:30.619737-03:00,11
2025-12-30T16:23:03.097974-03:00,8
2025-12-30T16:38:45.765453-03:00,6
2025-12-30T16:49:23.051165-03:00,6
2025-12-30T17:00:25.775633-03:00,11
2025-12-30T17:34:25.891317-03:00,12
2025-12-30T17:50:56.521041-03:00,10
2025-12-30T18:20:35.844120-03:00,8
2025-12-30T18:41:32.864017-03:00,12
2025-12-30T18:55:55.261391-03:00,6
2025-12-30T19:22:12.417929-03:00,10
2025-12-30T19:43:57.331220-03:00,10
2025-12-30T19:56:05.113410-03:00,9
2025-12-30T20:22:02.425518-03:00,5
2025-12-30T20:40:59.185335-03:00,10
2025-12-30T20:56:06.607273-03:00,5
2025-12-30T22:58:12.613568-03:00,3
2025-12-31T00:41:29.230894-03:00,2
2025-12-31T01:26:03.590045-03:00,8
2025-12-31T01:57:53.152463-03:00,8
2025-12-31T02:33:02.341492-03:00,8
2025-12-31T02:52:58.230089-03:00,8
2025-12-31T03:35:59.206525-03:00,6
2025-12-31T04:00:12.000826-03:00,8
2025-12-31T04:49:49.548264-03:00,8
2025-12-31T05:43:33.724775-03:00,8
2025-12-31T06:02:14.334931-03:00,8
2025-12-31T06:36:27.388148-03:00,8
2025-12-31T06:51:59.029816-03:00,8
2025-12-31T07:23:29.016521-03:00,8
2025-12-31T07:46:28.436655-03:00,8
2025-12-31T07:57:14.988358-03:00,8
2025-12-31T08:24:57.701136-03:00,8
2025-12-31T08:39:56.886166-03:00,8
2025-12-31T08:50:49.212235-03:00,1
2025-12-31T09:45:52.790632-03:00,1
2025-12-31T10:24:02.454358-03:00,2
2025-12-31T10:50:00.145095-03:00,2
2025-12-31T11:09:25.477853-03:00,3
2025-12-31T11:35:17.479642-03:00,3
2025-12-31T11:50:29.197446-03:00,5
2025-12-31T12:22:23.871854-03:00,4
2025-12-31T12:43:01.770048-03:00,7
2025-12-31T12:56:04.584244-03:00,7
2025-12-31T13:30:18.331370-03:00,6
2025-12-31T13:54:22.669336-03:00,9
2025-12-31T14:19:29.634719-03:00,6
2025-12-31T14:38:09.978097-03:00,8
2025-12-31T14:49:23.855450-03:00,8
2025-12-31T15:00:27.798891-03:00,8
2025-12-31T15:44:21.243517-03:00,10
2025-12-31T15:59:29.029618-03:00,10
2025-12-31T16:24:03.581182-03:00,11
2025-12-31T16:38:39.852545-03:00,12
2025-12-31T16:49:47.503892-03:00,12
2025-12-31T17:33:30.646556-03:00,9
2025-12-31T17:50:31.359571-03:00,11
2025-12-31T18:19:39.170328-03:00,8
2025-12-31T18:36:24.809498-03:00,7
2025-12-31T18:47:31.221008-03:00,8
2025-12-31T18:58:38.894688-03:00,13
2025-12-31T19:46:52.653269-03:00,9
2025-12-31T19:57:43.653972-03:00,9
2025-12-31T20:27:18.101727-03:00,9
2025-12-31T20:43:02.936894-03:00,9
2025-12-31T20:56:19.406366-03:00,10
2025-12-31T23:11:01.352005-03:00,4
2026-01-01T00:58:30.509798-03:00,4
2026-01-01T01:52:59.073936-03:00,3
2026-01-01T02:28:30.728520-03:00,2
2026-01-01T02:51:30.094813-03:00,3
2026-01-01T03:35:52.384052-03:00,9
2026-01-01T03:59:33.693715-03:00,9
2026-01-01T04:31:05.843647-03:00,2
2026-01-01T04:48:23.637120-03:00,3
2026-01-01T04:59:04.359626-03:00,3
2026-01-01T05:38:55.354863-03:00,9
2026-01-01T05:58:20.508367-03:00,9
2026-01-01T06:33:16.725228-03:00,1
2026-01-01T06:50:32.648685-03:00,9
2026-01-01T07:24:09.055261-03:00,9
2026-01-01T07:47:14.771418-03:00,9
2026-01-01T07:57:54.807797-03:00,9
2026-01-01T08:25:52.361415-03:00,9
2026-01-01T08:40:49.595138-03:00,9
2026-01-01T08:56:11.662983-03:00,9
2026-01-01T09:51:14.058556-03:00,1
2026-01-01T10:34:24.529919-03:00,2
2026-01-01T10:52:57.763916-03:00,1
2026-01-01T11:21:10.732633-03:00,2
2026-01-01T11:44:17.335241-03:00,1
2026-01-01T12:25:59.784515-03:00,7
2026-01-01T12:43:28.801870-03:00,8
2026-01-01T12:56:36.913556-03:00,10
2026-01-01T13:33:14.106824-03:00,7
2026-01-01T13:55:37.431026-03:00,11
2026-01-01T14:20:51.295914-03:00,9
2026-01-01T14:43:00.309657-03:00,13
2026-01-01T14:56:03.499140-03:00,12
2026-01-01T15:34:32.767159-03:00,10
2026-01-01T15:56:26.677362-03:00,16
2026-01-01T16:20:12.791717-03:00,12
2026-01-01T16:33:43.319426-03:00,13
2026-01-01T16:46:26.530699-03:00,10
2026-01-01T16:56:59.774190-03:00,11
2026-01-01T17:30:29.095363-03:00,10
2026-01-01T17:51:07.309894-03:00,13
2026-01-01T18:20:11.509719-03:00,8
2026-01-01T18:37:12.478248-03:00,12
2026-01-01T18:48:51.983199-03:00,12
2026-01-01T18:59:26.311142-03:00,12
2026-01-01T19:29:57.183835-03:00,6
2026-01-01T19:47:22.269685-03:00,5
2026-01-01T19:58:25.686329-03:00,7
2026-01-01T20:27:34.731763-03:00,13
2026-01-01T20:43:36.182994-03:00,10
2026-01-01T20:56:17.134670-03:00,7
2026-01-01T23:01:25.121847-03:00,8
2026-01-02T00:46:54.983561-03:00,4
2026-01-02T01:29:49.880816-03:00,2
2026-01-02T02:00:07.025622-03:00,11
2026-01-02T02:35:25.249230-03:00,11
2026-01-02T02:52:58.390712-03:00,2
2026-01-02T03:35:24.365483-03:00,3
2026-01-02T04:00:28.650039-03:00,5
2026-01-02T04:34:13.403832-03:00,3
2026-01-02T04:49:18.993226-03:00,2
2026-01-02T05:00:01.331011-03:00,11
2026-01-02T05:39:39.789688-03:00,2
2026-01-02T05:58:45.375310-03:00,2
2026-01-02T06:33:10.960619-03:00,1
2026-01-02T06:51:44.689612-03:00,2
2026-01-02T07:23:31.545827-03:00,3
2026-01-02T07:45:59.519592-03:00,2
2026-01-02T07:56:36.149597-03:00,2
2026-01-02T08:22:27.676793-03:00,2
2026-01-02T08:39:24.323709-03:00,2
2026-01-02T08:50:22.589718-03:00,3
2026-01-02T09:43:50.738152-03:00,1
2026-01-02T10:23:39.081025-03:00,5
2026-01-02T10:50:06.974320-03:00,4
2026-01-02T11:09:45.351187-03:00,5
2026-01-02T11:36:22.421354-03:00,7
2026-01-02T12:23:19.228460-03:00,10
2026-01-02T12:44:21.336549-03:00,12
2026-01-02T12:56:38.225626-03:00,11
2026-01-02T13:31:59.160288-03:00,8
2026-01-02T13:54:44.287031-03:00,8
2026-01-02T14:19:15.700092-03:00,6
2026-01-02T14:38:34.399890-03:00,7
2026-01-02T14:50:39.474304-03:00,7
2026-01-02T15:31:38.841476-03:00,13
2026-01-02T15:55:28.259880-03:00,10
2026-01-02T16:15:07.498987-03:00,16
2026-01-02T16:27:37.517285-03:00,12
2026-01-02T16:41:36.109580-03:00,8
2026-01-02T16:56:15.016003-03:00,16
2026-01-02T17:26:56.382783-03:00,10
2026-01-02T17:45:54.590085-03:00,12
2026-01-02T17:56:31.545185-03:00,14
2026-01-02T18:19:35.742490-03:00,7
2026-01-02T18:32:24.270698-03:00,8
2026-01-02T18:46:29.470197-03:00,8
2026-01-02T18:57:01.225666-03:00,10
2026-01-02T19:26:28.701768-03:00,9
2026-01-02T19:46:24.868236-03:00,8
2026-01-02T19:57:15.050928-03:00,9
2026-01-02T20:25:13.775178-03:00,9
2026-01-02T20:40:28.680264-03:00,11
2026-01-02T20:56:04.354232-03:00,9
2026-01-02T22:52:56.883683-03:00,5
2026-01-03T00:23:21.573862-03:00,4
2026-01-03T01:06:43.722621-03:00,3
2026-01-03T01:43:32.897141-03:00,4
2026-01-03T02:00:18.963657-03:00,5
2026-01-03T02:35:01.682272-03:00,2
2026-01-03T02:50:45.848867-03:00,4
2026-01-03T03:33:14.901600-03:00,3
2026-01-03T03:56:50.519391-03:00,1
2026-01-03T04:23:57.401549-03:00,2
2026-01-03T04:39:40.454634-03:00,1
2026-01-03T04:50:36.682400-03:00,1
2026-01-03T05:28:54.492720-03:00,13
2026-01-03T05:51:47.418858-03:00,3
2026-01-03T06:21:31.961943-03:00,1
2026-01-03T06:42:01.776645-03:00,13
2026-01-03T06:56:13.874050-03:00,13
2026-01-03T07:24:58.129462-03:00,13
2026-01-03T07:44:52.243837-03:00,13
2026-01-03T07:56:00.338575-03:00,2
2026-01-03T08:19:15.799402-03:00,4
2026-01-03T08:32:24.624656-03:00,6
2026-01-03T08:46:21.655108-03:00,5
2026-01-03T08:57:12.257558-03:00,5
2026-01-03T09:52:49.054864-03:00,8
2026-01-03T10:29:39.355153-03:00,7
2026-01-03T10:47:20.375069-03:00,4
2026-01-03T10:58:20.282108-03:00,10
2026-01-03T11:27:17.216391-03:00,8
2026-01-03T11:44:09.826937-03:00,9
2026-01-03T11:56:11.759682-03:00,9
2026-01-03T12:23:22.293162-03:00,12
2026-01-03T12:41:20.814459-03:00,4
2026-01-03T12:56:16.854915-03:00,10
2026-01-03T13:29:50.555496-03:00,7
2026-01-03T13:50:01.876247-03:00,9
2026-01-03T14:07:28.739016-03:00,7
2026-01-03T14:30:42.409077-03:00,11
2026-01-03T14:46:42.102343-03:00,14
2026-01-03T14:57:34.392892-03:00,11
2026-01-03T15:37:36.665064-03:00,9
2026-01-03T15:54:57.079577-03:00,11
2026-01-03T16:16:23.469382-03:00,10
2026-01-03T16:29:58.702098-03:00,12
2026-01-03T16:42:13.123347-03:00,9
2026-01-03T16:55:45.454210-03:00,13
2026-01-03T17:25:22.371575-03:00,15
2026-01-03T17:43:59.615299-03:00,9
2026-01-03T17:56:25.163848-03:00,15
2026-01-03T18:22:08.021996-03:00,11
2026-01-03T18:39:59.418495-03:00,8
2026-01-03T18:50:44.087822-03:00,8
2026-01-03T19:20:22.406033-03:00,7
2026-01-03T19:43:48.380588-03:00,13
2026-01-03T19:56:14.975462-03:00,11
2026-01-03T20:22:46.649120-03:00,12
2026-01-03T20:40:47.194452-03:00,8
2026-01-03T20:55:51.538218-03:00,8
2026-01-03T23:06:51.221968-03:00,5
2026-01-04T00:57:25.494472-03:00,5
2026-01-04T01:53:02.826304-03:00,4
2026-01-04T02:27:01.864371-03:00,5
2026-01-04T02:49:40.020752-03:00,4
2026-01-04T03:00:00.639158-03:00,1
2026-01-04T03:44:59.667295-03:00,2
2026-01-04T04:01:07.671264-03:00,3
2026-01-04T04:31:38.956151-03:00,3
2026-01-04T04:47:46.767472-03:00,2
2026-01-04T05:38:12.192664-03:00,3
2026-01-04T05:54:55.691975-03:00,3
2026-01-04T06:20:38.901937-03:00,5
2026-01-04T06:40:57.157533-03:00,4
2026-01-04T06:56:12.485738-03:00,5
2026-01-04T07:24:24.532654-03:00,4
2026-01-04T07:44:20.445460-03:00,4
2026-01-04T08:19:32.041820-03:00,2
2026-01-04T08:32:28.482957-03:00,4
2026-01-04T08:46:02.988478-03:00,3
2026-01-04T08:56:39.671374-03:00,7
2026-01-04T09:50:53.767226-03:00,4
2026-01-04T10:30:21.154531-03:00,5
2026-01-04T10:49:51.584341-03:00,8
2026-01-04T11:01:04.754245-03:00,6
2026-01-04T11:30:54.256936-03:00,6
2026-01-04T11:47:37.680768-03:00,6
2026-01-04T11:58:18.452181-03:00,4
2026-01-04T12:27:15.107351-03:00,7
2026-01-04T12:42:44.291087-03:00,11
2026-01-04T12:56:19.975893-03:00,9
2026-01-04T13:29:39.341088-03:00,5
2026-01-04T13:50:20.477728-03:00,9
2026-01-04T14:18:37.154333-03:00,5
2026-01-04T14:38:06.492950-03:00,5
2026-01-04T14:49:33.455158-03:00,5
2026-01-04T15:00:04.671984-03:00,8
2026-01-04T15:39:55.743105-03:00,11
2026-01-04T15:56:18.765057-03:00,14
2026-01-04T16:19:17.730002-03:00,7
2026-01-04T16:31:22.371052-03:00,12
2026-01-04T16:45:53.163009-03:00,10
2026-01-04T16:56:29.896045-03:00,11
2026-01-04T17:28:07.571690-03:00,9
2026-01-04T17:46:10.385460-03:00,7
2026-01-04T17:57:12.340407-03:00,8
2026-01-04T18:40:23.758008-03:00,16
2026-01-04T18:56:13.041112-03:00,5
2026-01-04T19:23:47.545573-03:00,8
2026-01-04T19:44:14.060419-03:00,15
2026-01-04T19:56:00.965110-03:00,12
2026-01-04T20:22:39.872751-03:00,10
2026-01-04T20:41:22.081136-03:00,9
2026-01-04T20:56:01.146852-03:00,9
2026-01-04T23:06:51.352268-03:00,5
2026-01-05T01:02:25.253783-03:00,1
2026-01-05T02:03:23.505460-03:00,10
2026-01-05T02:49:00.673703-03:00,3
2026-01-05T03:19:51.878674-03:00,2
2026-01-05T03:59:48.155133-03:00,3
2026-01-05T04:36:21.215520-03:00,2
2026-01-05T04:53:19.190223-03:00,3
2026-01-05T05:35:35.854017-03:00,5
2026-01-05T06:00:29.705436-03:00,4
2026-01-05T06:45:56.728788-03:00,4
2026-01-05T07:00:20.311749-03:00,6
2026-01-05T07:43:13.003341-03:00,4
2026-01-05T07:59:38.388259-03:00,4
2026-01-05T08:28:38.135716-03:00,4
2026-01-05T08:44:39.950658-03:00,3
2026-01-05T08:56:20.322669-03:00,5
2026-01-05T09:55:45.112962-03:00,4
2026-01-05T10:42:21.112985-03:00,3
2026-01-05T11:01:52.543331-03:00,3
2026-01-05T11:40:26.778659-03:00,5
2026-01-05T12:00:30.297807-03:00,9
2026-01-05T12:36:21.817165-03:00,8
2026-01-05T12:53:39.320360-03:00,9
2026-01-05T13:28:47.215902-03:00,10
2026-01-05T13:53:56.276004-03:00,7
2026-01-05T14:24:17.987019-03:00,5
2026-01-05T14:46:56.132038-03:00,7
2026-01-05T14:58:01.075089-03:00,5
2026-01-05T15:44:36.155787-03:00,6
2026-01-05T16:02:33.292718-03:00,10
2026-01-05T16:29:32.252739-03:00,10
2026-01-05T16:44:04.405278-03:00,7
2026-01-05T16:56:14.046885-03:00,7
2026-01-05T17:30:06.919186-03:00,9
2026-01-05T17:49:41.698464-03:00,8
2026-01-05T18:00:27.396678-03:00,10
2026-01-05T18:32:10.711994-03:00,6
2026-01-05T18:49:43.420866-03:00,6
2026-01-05T19:00:34.420565-03:00,11
2026-01-05T19:35:08.640079-03:00,10
2026-01-05T19:52:00.075367-03:00,12
2026-01-05T20:21:33.110736-03:00,11
2026-01-05T20:42:18.755046-03:00,7
2026-01-05T20:56:19.834525-03:00,7
2026-01-05T23:01:52.326783-03:00,6
2026-01-06T00:45:15.012787-03:00,3
2026-01-06T01:28:09.624797-03:00,5
2026-01-06T01:59:13.939505-03:00,4
2026-01-06T02:34:44.612583-03:00,6
2026-01-06T02:52:53.978854-03:00,5
2026-01-06T03:36:33.228049-03:00,4
2026-01-06T04:02:11.409651-03:00,3
2026-01-06T04:36:20.953431-03:00,2
2026-01-06T04:51:16.981028-03:00,4
2026-01-06T05:33:07.139762-03:00,3
2026-01-06T05:59:06.387639-03:00,6
2026-01-06T06:35:46.017928-03:00,1
2026-01-06T06:53:14.734249-03:00,1
2026-01-06T07:25:19.245147-03:00,2
2026-01-06T07:50:08.566207-03:00,3
2026-01-06T08:09:09.758478-03:00,10
2026-01-06T08:30:32.966606-03:00,4
2026-01-06T08:47:38.001215-03:00,3
2026-01-06T08:58:09.083163-03:00,4
2026-01-06T10:01:20.389357-03:00,5
2026-01-06T10:47:40.009546-03:00,5
2026-01-06T11:00:50.811792-03:00,2
2026-01-06T11:37:33.969959-03:00,2
2026-01-06T11:56:09.282136-03:00,2
2026-01-06T12:27:27.805569-03:00,1
2026-01-06T12:48:00.101658-03:00,3
2026-01-06T12:59:44.513098-03:00,8
2026-01-06T13:40:43.901823-03:00,7
2026-01-06T14:11:42.965414-03:00,8
2026-01-06T14:42:29.796150-03:00,5
2026-01-06T14:57:55.821800-03:00,7
2026-01-06T15:59:48.436383-03:00,4
2026-01-06T16:25:12.757968-03:00,5
2026-01-06T16:40:10.592601-03:00,6
2026-01-06T17:25:56.133860-03:00,8
2026-01-06T17:46:13.945342-03:00,6
2026-01-06T17:57:12.559356-03:00,8
2026-01-06T18:27:20.114169-03:00,6
2026-01-06T18:44:50.824434-03:00,10
2026-01-06T18:55:53.492859-03:00,8
2026-01-06T19:24:42.270712-03:00,9
2026-01-06T19:46:58.649474-03:00,8
2026-01-06T19:57:30.749145-03:00,8
2026-01-06T20:27:45.001944-03:00,12
2026-01-06T20:42:57.511140-03:00,10
2026-01-06T20:56:01.269814-03:00,6
2026-01-06T22:57:48.121313-03:00,5
2026-01-07T00:43:47.763652-03:00,2
2026-01-07T01:28:43.154871-03:00,2
2026-01-07T02:00:12.230267-03:00,3
2026-01-07T02:35:26.990587-03:00,9
2026-01-07T02:52:46.289794-03:00,9
2026-01-07T03:36:12.804827-03:00,9
2026-01-07T04:00:42.450963-03:00,9
2026-01-07T04:35:46.031721-03:00,9
2026-01-07T04:51:15.005306-03:00,9
2026-01-07T05:32:51.820938-03:00,9
2026-01-07T05:59:51.923104-03:00,9
2026-01-07T06:37:21.936232-03:00,9
2026-01-07T06:54:41.325172-03:00,9
2026-01-07T07:26:36.606892-03:00,9
2026-01-07T07:50:20.436951-03:00,9
2026-01-07T08:21:36.431276-03:00,9
2026-01-07T08:41:57.024989-03:00,9
2026-01-07T08:56:18.480725-03:00,9
2026-01-07T09:54:33.241923-03:00,2
2026-01-07T10:40:12.971147-03:00,3
2026-01-07T11:00:19.147407-03:00,2
2026-01-07T11:38:13.684559-03:00,3
2026-01-07T11:57:05.764274-03:00,6
2026-01-07T12:32:19.717114-03:00,4
2026-01-07T12:54:13.998739-03:00,4
2026-01-07T13:32:42.382870-03:00,6
2026-01-07T14:00:13.946247-03:00,9
2026-01-07T14:35:28.810317-03:00,9
2026-01-07T14:54:03.622442-03:00,7
2026-01-07T15:35:25.491185-03:00,12
2026-01-07T15:59:49.472668-03:00,12
2026-01-07T16:27:47.132338-03:00,9
2026-01-07T16:43:47.191061-03:00,10
2026-01-07T16:56:01.300643-03:00,8
2026-01-07T17:29:16.445433-03:00,6
2026-01-07T17:51:17.615544-03:00,14
2026-01-07T18:21:23.821665-03:00,13
2026-01-07T18:42:51.962775-03:00,11
2026-01-07T18:55:52.540096-03:00,6
2026-01-07T19:24:09.653439-03:00,9
2026-01-07T19:45:56.951804-03:00,9
2026-01-07T19:57:16.816867-03:00,12
2026-01-07T20:27:31.017621-03:00,14
2026-01-07T20:43:50.754703-03:00,8
2026-01-07T22:57:42.280292-03:00,12
2026-01-08T00:43:48.391055-03:00,6
2026-01-08T01:27:33.848552-03:00,3
2026-01-08T01:58:35.790644-03:00,3
2026-01-08T02:34:20.021866-03:00,4
2026-01-08T02:53:13.062753-03:00,4
2026-01-08T03:36:19.852055-03:00,2
2026-01-08T04:00:15.788296-03:00,3
2026-01-08T04:34:38.878634-03:00,3
2026-01-08T04:50:25.103157-03:00,3
2026-01-08T05:32:39.972226-03:00,3
2026-01-08T05:59:36.981279-03:00,3
2026-01-08T06:37:19.765235-03:00,12
2026-01-08T06:55:25.276522-03:00,12
2026-01-08T07:26:52.058311-03:00,3
2026-01-08T07:51:38.590553-03:00,4
2026-01-08T08:22:12.473107-03:00,4
2026-01-08T08:42:30.406363-03:00,6
2026-01-08T08:55:50.256290-03:00,6
2026-01-08T09:52:36.847071-03:00,2
2026-01-08T11:02:20.897269-03:00,5
2026-01-08T11:41:03.349421-03:00,5
2026-01-08T12:01:21.156759-03:00,1
2026-01-08T12:38:06.886179-03:00,1
2026-01-08T12:56:55.682197-03:00,6
2026-01-08T13:37:39.673600-03:00,6
2026-01-08T14:02:06.808340-03:00,8
2026-01-08T14:40:39.998849-03:00,5
2026-01-08T14:58:53.690156-03:00,4
2026-01-08T15:40:26.368061-03:00,6
2026-01-08T16:01:29.780042-03:00,3
2026-01-08T16:29:32.607125-03:00,5
2026-01-08T16:43:52.144159-03:00,6
2026-01-08T16:56:07.349798-03:00,8
2026-01-08T17:29:42.451800-03:00,3
2026-01-08T17:49:45.586169-03:00,6
2026-01-08T18:00:13.961919-03:00,8
2026-01-08T18:31:19.618851-03:00,4
2026-01-08T18:49:56.702636-03:00,1
2026-01-08T19:01:22.034490-03:00,5
2026-01-08T19:35:35.355329-03:00,4
2026-01-08T19:52:11.205968-03:00,5
2026-01-08T20:19:27.338464-03:00,5
2026-01-08T20:35:16.493731-03:00,8
2026-01-08T20:47:44.945630-03:00,10
2026-01-08T20:58:31.899633-03:00,11
2026-01-08T23:23:38.548877-03:00,1
2026-01-09T00:50:22.862379-03:00,1
2026-01-09T01:41:11.910891-03:00,8
2026-01-09T02:13:11.838160-03:00,2
2026-01-09T02:44:48.194162-03:00,4
2026-01-09T02:57:43.845639-03:00,4
2026-01-09T03:46:52.221778-03:00,1
2026-01-09T04:14:13.708386-03:00,8
2026-01-09T04:41:01.866105-03:00,8
2026-01-09T04:55:59.266178-03:00,1
2026-01-09T05:35:20.388020-03:00,2
2026-01-09T05:59:12.506671-03:00,8
2026-01-09T06:37:02.022126-03:00,8
2026-01-09T06:55:40.795755-03:00,8
2026-01-09T07:26:46.176836-03:00,8
2026-01-09T07:50:02.873352-03:00,8
2026-01-09T08:09:39.831637-03:00,8
2026-01-09T08:31:45.130391-03:00,8
2026-01-09T08:47:59.987752-03:00,8
2026-01-09T08:58:46.566379-03:00,2
2026-01-09T10:48:01.777837-03:00,3
2026-01-09T11:01:10.273121-03:00,1
2026-01-09T11:38:13.837984-03:00,4
2026-01-09T11:56:13.334283-03:00,2
2026-01-09T12:28:41.407860-03:00,5
2026-01-09T12:49:16.315476-03:00,7
2026-01-09T13:00:21.360430-03:00,4
2026-01-09T13:44:24.880893-03:00,1
2026-01-09T14:11:26.085601-03:00,2
2026-01-09T14:41:48.925386-03:00,4
2026-01-09T14:57:08.811680-03:00,5
2026-01-09T15:41:11.588526-03:00,11
2026-01-09T16:01:54.851426-03:00,11
2026-01-09T16:29:13.530609-03:00,8
2026-01-09T16:43:29.755242-03:00,9
2026-01-09T16:56:17.847773-03:00,6
2026-01-09T17:29:21.814952-03:00,11
2026-01-09T17:48:32.745176-03:00,7
2026-01-09T17:59:12.927421-03:00,7
2026-01-09T18:29:36.773918-03:00,13
2026-01-09T18:45:17.368104-03:00,14
2026-01-09T18:55:46.393597-03:00,10
2026-01-09T19:23:58.335019-03:00,7
2026-01-09T19:45:39.606357-03:00,13
2026-01-09T19:56:33.857101-03:00,8
2026-01-09T20:25:06.122467-03:00,6
2026-01-09T20:42:01.788987-03:00,6
2026-01-09T20:56:06.159887-03:00,7
2026-01-09T22:56:07.549865-03:00,2
2026-01-10T00:27:18.506343-03:00,4
2026-01-10T01:09:03.579167-03:00,4
2026-01-10T01:46:53.881404-03:00,3
2026-01-10T02:01:06.685946-03:00,3
2026-01-10T02:34:30.113235-03:00,4
2026-01-10T02:49:46.064138-03:00,7
2026-01-10T03:00:18.734591-03:00,4
2026-01-10T03:45:46.468865-03:00,1
2026-01-10T03:59:59.051319-03:00,1
2026-01-10T04:27:22.403075-03:00,2
2026-01-10T04:41:24.781480-03:00,3
2026-01-10T04:56:00.253318-03:00,2
2026-01-10T05:30:46.920245-03:00,3
2026-01-10T05:54:02.802280-03:00,8
2026-01-10T06:21:59.059055-03:00,8
2026-01-10T06:42:04.674596-03:00,1
2026-01-10T06:56:04.347794-03:00,8
2026-01-10T07:24:27.611753-03:00,8
2026-01-10T07:56:23.413432-03:00,8
2026-01-10T08:20:31.257510-03:00,8
2026-01-10T08:39:04.935631-03:00,8
2026-01-10T08:50:00.670869-03:00,8
2026-01-10T09:15:45.923281-03:00,1
2026-01-10T10:01:59.999185-03:00,1
2026-01-10T10:37:53.886917-03:00,1
2026-01-10T10:51:17.883723-03:00,2
2026-01-10T11:19:58.734092-03:00,2
2026-01-10T11:39:37.908821-03:00,1
2026-01-10T11:51:53.555204-03:00,1
2026-01-10T12:20:44.479725-03:00,1
2026-01-10T12:41:09.922757-03:00,2
2026-01-10T12:56:11.864973-03:00,4
2026-01-10T13:29:34.793998-03:00,5
2026-01-10T13:50:12.220270-03:00,8
2026-01-10T14:08:11.286936-03:00,7
2026-01-10T14:31:21.156224-03:00,7
2026-01-10T14:47:01.505097-03:00,6
2026-01-10T14:57:32.386242-03:00,5
2026-01-10T15:38:18.972868-03:00,7
2026-01-10T15:55:53.404350-03:00,11
2026-01-10T16:18:03.337384-03:00,11
2026-01-10T16:31:06.278368-03:00,8
2026-01-10T16:46:07.927841-03:00,9
2026-01-10T16:56:40.533486-03:00,11
2026-01-10T17:27:30.552840-03:00,9
2026-01-10T17:44:41.251520-03:00,11
2026-01-10T17:55:58.265625-03:00,10
2026-01-10T18:21:02.828701-03:00,12
2026-01-10T18:39:51.636507-03:00,7
2026-01-10T18:50:51.748375-03:00,7
2026-01-10T19:20:50.775292-03:00,8
2026-01-10T19:43:42.331915-03:00,10
2026-01-10T19:55:59.192547-03:00,13
2026-01-10T20:41:09.726635-03:00,6
2026-01-10T20:55:52.233960-03:00,7
2026-01-10T23:07:00.954229-03:00,8
2026-01-11T00:56:39.118525-03:00,5
2026-01-11T01:51:21.050885-03:00,4
2026-01-11T02:26:26.553891-03:00,3
2026-01-11T02:48:45.537115-03:00,4
2026-01-11T02:59:40.591856-03:00,5
2026-01-11T03:45:21.534985-03:00,3
2026-01-11T04:30:57.226797-03:00,11
2026-01-11T04:47:19.335779-03:00,11
2026-01-11T04:58:22.901927-03:00,11
2026-01-11T05:36:46.492377-03:00,11
2026-01-11T05:54:34.211449-03:00,11
2026-01-11T06:22:20.392733-03:00,11
2026-01-11T06:42:51.686100-03:00,11
2026-01-11T06:56:03.561172-03:00,11
2026-01-11T07:24:51.023810-03:00,11
2026-01-11T07:45:16.701916-03:00,11
2026-01-11T07:56:19.150822-03:00,11
2026-01-11T08:20:26.018549-03:00,11
2026-01-11T08:39:22.306698-03:00,11
2026-01-11T08:50:16.377254-03:00,11
2026-01-11T09:43:04.565883-03:00,1
2026-01-11T10:21:09.495368-03:00,1
2026-01-11T10:47:16.602409-03:00,1
2026-01-11T10:57:54.294382-03:00,1
2026-01-11T11:27:03.078897-03:00,2
2026-01-11T11:45:06.906594-03:00,4
2026-01-11T11:56:12.982711-03:00,4
2026-01-11T12:24:05.667508-03:00,9
2026-01-11T12:41:43.383273-03:00,8
2026-01-11T12:56:06.635606-03:00,10
2026-01-11T13:28:56.854916-03:00,4
2026-01-11T14:08:02.996585-03:00,3
2026-01-11T14:31:07.461881-03:00,9
2026-01-11T14:47:33.098119-03:00,9
2026-01-11T14:58:24.926663-03:00,6
2026-01-11T15:39:23.224486-03:00,7
2026-01-11T15:56:04.697626-03:00,8
2026-01-11T16:18:37.661576-03:00,8
2026-01-11T16:30:53.986431-03:00,11
2026-01-11T16:46:03.421268-03:00,10
2026-01-11T16:56:45.879450-03:00,11
2026-01-11T17:28:39.979737-03:00,7
2026-01-11T17:57:08.689635-03:00,5
2026-01-11T18:23:57.940647-03:00,10
2026-01-11T18:40:00.202497-03:00,10
2026-01-11T18:51:08.778316-03:00,10
2026-01-11T19:20:53.056991-03:00,12
2026-01-11T19:44:02.513163-03:00,11
2026-01-11T19:56:29.095208-03:00,11
2026-01-11T20:23:19.477287-03:00,7
2026-01-11T20:41:12.893988-03:00,2
2026-01-11T20:56:12.903142-03:00,7
2026-01-11T23:06:14.126968-03:00,3
2026-01-12T00:56:26.063487-03:00,5
2026-01-12T01:53:40.825096-03:00,5
2026-01-12T02:30:59.200718-03:00,4
2026-01-12T02:56:19.606460-03:00,3
2026-01-12T03:42:34.301893-03:00,3
2026-01-12T04:16:26.809162-03:00,13
2026-01-12T04:42:59.515934-03:00,1
2026-01-12T05:41:14.306323-03:00,13
2026-01-12T06:17:47.452490-03:00,13
2026-01-12T06:49:30.536191-03:00,13
2026-01-12T07:12:46.790800-03:00,13
2026-01-12T07:46:15.617565-03:00,1
2026-01-12T08:00:04.005362-03:00,13
2026-01-12T08:29:34.251195-03:00,13
2026-01-12T08:45:24.951192-03:00,13
2026-01-12T08:56:30.497664-03:00,1
2026-01-12T09:57:25.518127-03:00,1
2026-01-12T10:47:30.723803-03:00,3
2026-01-12T11:13:05.550505-03:00,1
2026-01-12T11:48:32.517950-03:00,4
2026-01-12T12:13:09.306741-03:00,4
2026-01-12T12:45:04.330306-03:00,8
2026-01-12T13:00:50.718911-03:00,12
2026-01-12T13:42:57.187491-03:00,9
2026-01-12T14:12:15.696080-03:00,11
2026-01-12T14:41:11.952052-03:00,14
2026-01-12T14:56:19.753741-03:00,9
2026-01-12T15:38:41.437178-03:00,6
2026-01-12T16:01:28.900659-03:00,12
2026-01-12T16:29:39.590124-03:00,11
2026-01-12T16:44:29.295911-03:00,11
2026-01-12T16:56:15.140900-03:00,12
2026-01-12T17:29:20.463819-03:00,7
2026-01-12T17:49:35.104860-03:00,5
2026-01-12T18:00:14.218884-03:00,11
2026-01-12T18:30:52.009104-03:00,14
2026-01-12T18:49:34.050461-03:00,9
2026-01-12T19:00:10.418218-03:00,8
2026-01-12T19:28:51.749854-03:00,7
2026-01-12T19:46:43.011745-03:00,7
2026-01-12T19:57:14.510494-03:00,12
2026-01-12T20:22:21.606827-03:00,10
2026-01-12T20:39:47.687594-03:00,7
2026-01-12T20:50:40.614263-03:00,7
2026-01-12T22:47:51.480890-03:00,3
2026-01-13T00:19:30.419552-03:00,4
2026-01-13T01:12:26.597052-03:00,7
2026-01-13T01:55:03.130981-03:00,3
2026-01-13T02:26:43.241600-03:00,1
2026-01-13T02:49:24.953161-03:00,1
2026-01-13T03:00:18.881544-03:00,9
2026-01-13T03:50:20.176126-03:00,4
2026-01-13T04:25:57.999751-03:00,2
2026-01-13T04:45:39.028282-03:00,3
2026-01-13T04:56:11.867559-03:00,1
2026-01-13T05:36:01.792645-03:00,9
2026-01-13T06:00:42.861225-03:00,9
2026-01-13T06:39:31.496745-03:00,9
2026-01-13T06:56:35.878686-03:00,9
2026-01-13T07:29:58.653176-03:00,9
2026-01-13T07:52:53.142593-03:00,1
2026-01-13T08:21:17.581029-03:00,9
2026-01-13T08:42:51.767020-03:00,1
2026-01-13T08:56:19.045405-03:00,1
2026-01-13T09:56:19.635477-03:00,3
2026-01-13T10:44:29.340304-03:00,9
2026-01-13T11:02:48.385128-03:00,3
2026-01-13T11:41:23.375234-03:00,3
2026-01-13T12:01:41.584223-03:00,3
2026-01-13T12:38:59.076605-03:00,8
2026-01-13T12:57:53.066410-03:00,3
2026-01-13T13:41:58.283817-03:00,6
2026-01-13T14:14:37.113921-03:00,9
2026-01-13T14:59:42.825497-03:00,10
2026-01-13T15:44:48.006384-03:00,9
2026-01-13T16:02:20.119180-03:00,2
2026-01-13T16:29:43.266505-03:00,11
2026-01-13T16:42:23.322862-03:00,6
2026-01-13T16:55:47.290018-03:00,8
2026-01-13T17:28:53.707285-03:00,10
2026-01-13T17:49:55.277326-03:00,9
2026-01-13T18:01:02.798461-03:00,12
2026-01-13T18:32:57.793569-03:00,10
2026-01-13T18:50:39.492142-03:00,10
2026-01-13T19:23:45.996173-03:00,7
2026-01-13T19:47:28.176790-03:00,11
2026-01-13T19:58:25.021471-03:00,6
2026-01-13T20:26:57.512861-03:00,6
2026-01-13T20:42:52.240521-03:00,6
2026-01-13T20:56:12.924017-03:00,6
2026-01-13T23:05:28.767423-03:00,6
2026-01-14T00:53:52.850856-03:00,1
2026-01-14T01:48:05.176997-03:00,4
2026-01-14T02:13:39.981359-03:00,2
2026-01-14T02:43:45.005008-03:00,9
2026-01-14T02:58:26.310246-03:00,9
2026-01-14T03:48:59.028848-03:00,9
2026-01-14T04:13:49.120226-03:00,1
2026-01-14T04:41:33.795779-03:00,9
2026-01-14T04:56:12.326612-03:00,9
2026-01-14T05:36:11.402650-03:00,2
2026-01-14T06:00:38.531357-03:00,3
2026-01-14T06:41:09.628518-03:00,9
2026-01-14T06:59:31.326415-03:00,9
2026-01-14T07:36:50.869808-03:00,2
2026-01-14T07:56:50.994449-03:00,9
2026-01-14T08:26:55.265685-03:00,9
2026-01-14T08:44:49.669203-03:00,2
2026-01-14T08:55:55.574923-03:00,2
2026-01-14T09:54:20.534773-03:00,4
2026-01-14T10:41:08.393976-03:00,6
2026-01-14T11:02:34.263004-03:00,6
2026-01-14T11:41:03.532609-03:00,11
2026-01-14T12:02:01.033197-03:00,9
2026-01-14T12:39:24.658039-03:00,6
2026-01-14T12:55:49.791493-03:00,6
2026-01-14T13:34:20.832728-03:00,10
2026-01-14T14:00:53.444578-03:00,13
2026-01-14T14:40:49.235093-03:00,11
2026-01-14T14:59:09.661309-03:00,13
2026-01-14T15:47:13.414709-03:00,9
2026-01-14T16:02:30.004187-03:00,9
2026-01-14T16:29:44.123633-03:00,13
2026-01-14T16:44:00.557800-03:00,11
2026-01-14T16:55:58.194311-03:00,14
2026-01-14T17:25:29.848915-03:00,11
2026-01-14T17:45:22.996052-03:00,8
2026-01-14T17:57:46.177464-03:00,8
2026-01-14T18:30:01.477751-03:00,8
2026-01-14T18:47:55.133575-03:00,11
2026-01-14T18:59:05.770272-03:00,11
2026-01-14T19:32:17.085019-03:00,11
2026-01-14T19:52:51.928772-03:00,7
2026-01-14T20:19:07.232155-03:00,8
2026-01-14T20:33:05.962896-03:00,8
2026-01-14T20:47:46.740833-03:00,6
2026-01-14T20:58:41.854901-03:00,5
2026-01-14T23:23:01.176549-03:00,6
2026-01-15T00:52:55.225494-03:00,5
2026-01-15T01:41:40.029942-03:00,4
2026-01-15T02:14:53.479888-03:00,7
2026-01-15T02:44:43.708097-03:00,4
2026-01-15T02:57:38.608122-03:00,4
2026-01-15T03:46:05.466610-03:00,4
2026-01-15T04:13:51.514697-03:00,5
2026-01-15T04:40:43.636332-03:00,4
2026-01-15T04:56:12.735106-03:00,4
2026-01-15T05:36:13.631469-03:00,2
2026-01-15T05:59:32.619098-03:00,3
2026-01-15T06:36:46.320860-03:00,2
2026-01-15T06:54:50.240211-03:00,11
2026-01-15T07:27:00.973273-03:00,11
2026-01-15T07:51:16.043875-03:00,11
2026-01-15T08:21:14.543479-03:00,3
2026-01-15T08:42:44.826013-03:00,11
2026-01-15T08:56:00.251440-03:00,3
2026-01-15T09:53:11.726147-03:00,1
2026-01-15T10:40:45.163696-03:00,2
2026-01-15T11:02:03.810928-03:00,2
2026-01-15T11:38:21.960744-03:00,5
2026-01-15T11:57:22.270150-03:00,1
2026-01-15T12:33:37.018231-03:00,10
2026-01-15T12:59:51.138366-03:00,7
2026-01-15T13:47:56.823429-03:00,4
2026-01-15T14:21:12.877114-03:00,9
2026-01-15T14:57:43.005444-03:00,6
2026-01-15T15:48:59.107400-03:00,10
2026-01-15T16:15:06.437648-03:00,10
2026-01-15T16:40:41.485437-03:00,9
2026-01-15T16:57:28.045511-03:00,11
2026-01-15T17:34:17.860635-03:00,13
2026-01-15T17:53:53.955776-03:00,9
2026-01-15T18:23:10.526053-03:00,10
2026-01-15T18:43:42.152390-03:00,9
2026-01-15T18:56:16.166176-03:00,9
2026-01-15T19:26:16.660208-03:00,6
2026-01-15T19:47:36.096007-03:00,7
2026-01-15T19:58:25.715096-03:00,7
2026-01-15T20:29:18.487269-03:00,9
2026-01-15T20:45:03.159849-03:00,6
2026-01-15T20:56:10.516457-03:00,6
2026-01-15T23:01:40.795005-03:00,2
2026-01-16T00:46:03.954096-03:00,4
2026-01-16T01:28:30.832799-03:00,2
2026-01-16T01:58:43.193124-03:00,4
2026-01-16T02:34:38.011577-03:00,2
2026-01-16T02:52:44.569353-03:00,7
2026-01-16T03:36:22.141594-03:00,7
2026-01-16T04:00:27.345369-03:00,7
2026-01-16T04:34:52.085335-03:00,7
2026-01-16T04:50:25.823016-03:00,7
2026-01-16T05:32:19.876571-03:00,7
2026-01-16T05:58:09.102420-03:00,7
2026-01-16T06:53:03.397070-03:00,7
2026-01-16T07:26:16.438040-03:00,7
2026-01-16T07:50:07.763345-03:00,7
2026-01-16T08:09:56.685398-03:00,7
2026-01-16T08:31:59.836151-03:00,7
2026-01-16T08:49:03.488158-03:00,7
2026-01-16T08:59:35.108583-03:00,7
2026-01-16T10:47:48.357984-03:00,3
2026-01-16T11:01:29.741464-03:00,4
2026-01-16T11:38:08.253616-03:00,8
2026-01-16T11:56:52.009314-03:00,7
2026-01-16T12:30:07.857160-03:00,3
2026-01-16T12:49:32.014834-03:00,7
2026-01-16T13:00:53.798958-03:00,6
2026-01-16T13:45:25.517182-03:00,8
2026-01-16T14:12:47.085344-03:00,8
2026-01-16T14:43:11.701246-03:00,11
2026-01-16T15:42:34.479943-03:00,8
2026-01-16T16:02:17.690773-03:00,8
2026-01-16T16:27:29.703638-03:00,6
2026-01-16T16:40:47.166830-03:00,8
2026-01-16T16:56:01.061520-03:00,7
2026-01-16T17:25:42.202829-03:00,9
2026-01-16T17:44:11.083878-03:00,11
2026-01-16T17:56:19.823745-03:00,10
2026-01-16T18:26:01.267537-03:00,7
2026-01-16T18:43:36.549242-03:00,10
2026-01-16T18:55:48.196993-03:00,10
2026-01-16T19:23:47.879909-03:00,8
2026-01-16T19:46:16.047416-03:00,8
2026-01-16T19:56:42.400213-03:00,11
2026-01-16T20:25:36.161841-03:00,9
2026-01-16T20:42:42.741236-03:00,11
2026-01-16T20:56:22.436336-03:00,8
2026-01-16T22:58:00.616682-03:00,5
2026-01-17T00:36:27.763237-03:00,4
2026-01-17T01:17:20.382617-03:00,3
2026-01-17T01:47:39.701666-03:00,9
2026-01-17T02:01:14.330874-03:00,9
2026-01-17T02:33:45.800888-03:00,3
2026-01-17T02:49:34.312703-03:00,2
2026-01-17T03:00:33.906591-03:00,2
2026-01-17T03:45:42.005599-03:00,3
2026-01-17T03:59:57.066601-03:00,3
2026-01-17T04:27:40.379567-03:00,9
2026-01-17T04:41:50.859181-03:00,9
2026-01-17T04:56:09.535777-03:00,9
2026-01-17T05:30:41.609188-03:00,9
2026-01-17T05:53:28.008066-03:00,9
2026-01-17T06:21:45.092950-03:00,9
2026-01-17T06:41:35.349728-03:00,9
2026-01-17T06:55:58.003096-03:00,9
2026-01-17T07:24:17.009880-03:00,9
2026-01-17T07:44:38.117924-03:00,9
2026-01-17T07:55:53.502336-03:00,9
2026-01-17T08:19:18.343467-03:00,9
2026-01-17T08:32:38.080754-03:00,9
2026-01-17T08:46:10.811652-03:00,9
2026-01-17T08:57:05.618833-03:00,9
2026-01-17T09:51:54.423433-03:00,2
2026-01-17T10:29:19.449141-03:00,2
2026-01-17T10:47:07.469302-03:00,9
2026-01-17T10:57:41.149113-03:00,9
2026-01-17T11:26:30.797677-03:00,1
2026-01-17T11:43:45.209058-03:00,1
2026-01-17T11:56:10.488101-03:00,1
2026-01-17T12:23:19.250602-03:00,2
2026-01-17T12:41:40.428156-03:00,2
2026-01-17T13:27:55.818265-03:00,3
2026-01-17T13:47:39.949910-03:00,5
2026-01-17T13:58:42.564259-03:00,4
2026-01-17T14:25:06.873501-03:00,4
2026-01-17T14:40:44.840277-03:00,6
2026-01-17T14:55:51.575897-03:00,10
2026-01-17T15:32:22.716253-03:00,8
2026-01-17T15:54:27.390085-03:00,12
2026-01-17T16:16:26.095975-03:00,7
2026-01-17T16:29:31.102031-03:00,7
2026-01-17T16:41:58.390126-03:00,11
2026-01-17T16:56:13.417185-03:00,8
2026-01-17T17:26:35.620311-03:00,6
2026-01-17T17:44:20.461947-03:00,9
2026-01-17T17:56:04.707667-03:00,11
2026-01-17T18:21:23.533814-03:00,8
2026-01-17T18:40:03.127898-03:00,7
2026-01-17T18:50:56.658320-03:00,7
2026-01-17T19:20:47.800384-03:00,12
2026-01-17T19:43:39.478375-03:00,4
2026-01-17T19:55:44.087786-03:00,10
2026-01-17T20:21:50.744443-03:00,5
2026-01-17T20:40:49.883535-03:00,5
2026-01-17T20:55:59.452324-03:00,7
2026-01-17T23:06:42.039755-03:00,3
2026-01-18T00:52:30.247165-03:00,7
2026-01-18T01:42:35.665810-03:00,3
2026-01-18T02:12:01.622498-03:00,1
2026-01-18T02:41:54.715286-03:00,2
2026-01-18T02:56:14.994966-03:00,2
2026-01-18T03:36:47.796600-03:00,2
2026-01-18T03:57:25.557158-03:00,9
2026-01-18T04:26:18.188094-03:00,9
2026-01-18T04:41:28.126868-03:00,9
2026-01-18T04:56:07.418278-03:00,9
2026-01-18T05:31:06.789429-03:00,9
2026-01-18T05:53:30.809119-03:00,9
2026-01-18T06:22:16.662974-03:00,9
2026-01-18T06:42:27.376678-03:00,9
2026-01-18T06:55:54.006071-03:00,9
2026-01-18T07:25:05.609416-03:00,9
2026-01-18T07:45:02.785974-03:00,9
2026-01-18T07:56:12.120422-03:00,9
2026-01-18T08:32:07.670477-03:00,9
2026-01-18T08:45:47.803760-03:00,9
2026-01-18T08:56:40.155889-03:00,3
2026-01-18T09:50:30.574410-03:00,2
2026-01-18T10:29:13.583037-03:00,3
2026-01-18T10:47:51.295563-03:00,3
2026-01-18T10:58:36.638540-03:00,5
2026-01-18T11:27:00.306423-03:00,4
2026-01-18T11:43:48.885742-03:00,8
2026-01-18T11:55:48.321341-03:00,8
2026-01-18T12:22:32.875411-03:00,6
2026-01-18T12:41:12.592967-03:00,7
2026-01-18T12:56:14.995882-03:00,12
2026-01-18T13:29:19.075455-03:00,8
2026-01-18T13:50:24.218259-03:00,11
2026-01-18T14:18:35.104160-03:00,10
2026-01-18T14:37:25.507152-03:00,7
2026-01-18T14:49:19.721737-03:00,7
2026-01-18T15:00:04.142499-03:00,12
2026-01-18T15:39:13.504184-03:00,4
2026-01-18T15:55:13.597216-03:00,10
2026-01-18T16:16:45.066466-03:00,12
2026-01-18T16:30:19.809021-03:00,10
2026-01-18T16:56:16.587168-03:00,8
2026-01-18T17:26:51.733636-03:00,10
2026-01-18T17:44:57.886641-03:00,10
2026-01-18T18:22:05.947861-03:00,10
2026-01-18T18:39:51.126100-03:00,11
2026-01-18T18:50:20.148796-03:00,11
2026-01-18T19:20:53.536513-03:00,11
2026-01-18T19:43:50.527820-03:00,8
2026-01-18T19:56:16.232200-03:00,5
2026-01-18T20:23:28.920189-03:00,6
2026-01-18T20:41:20.475220-03:00,6
2026-01-18T20:56:15.511367-03:00,8
2026-01-18T23:08:07.735612-03:00,4
2026-01-19T00:57:59.436809-03:00,4
2026-01-19T02:36:57.743801-03:00,2
2026-01-19T03:52:28.864040-03:00,11
2026-01-19T04:30:18.435874-03:00,1
2026-01-19T04:51:44.452527-03:00,2
2026-01-19T05:35:23.566768-03:00,11
2026-01-19T06:02:11.990063-03:00,11
2026-01-19T06:48:16.448006-03:00,1
2026-01-19T07:14:21.372663-03:00,11
2026-01-19T07:49:57.543131-03:00,11
2026-01-19T08:11:37.907123-03:00,11
2026-01-19T08:38:53.660499-03:00,2
2026-01-19T08:52:51.989826-03:00,1
2026-01-19T09:53:04.229408-03:00,2
2026-01-19T10:47:22.820255-03:00,2
2026-01-19T11:15:29.161876-03:00,4
2026-01-19T11:49:06.811974-03:00,5
2026-01-19T12:13:38.342066-03:00,7
2026-01-19T12:59:58.133533-03:00,7
2026-01-19T13:41:28.662145-03:00,5
2026-01-19T14:11:41.564996-03:00,7
2026-01-19T14:42:44.191464-03:00,7
2026-01-19T14:57:34.751646-03:00,9
2026-01-19T15:41:51.389011-03:00,10
2026-01-19T16:02:01.632447-03:00,13
2026-01-19T16:28:38.144900-03:00,10
2026-01-19T16:43:29.284662-03:00,12
2026-01-19T16:56:15.705286-03:00,13
2026-01-19T17:29:04.163279-03:00,11
2026-01-19T17:48:06.120396-03:00,13
2026-01-19T17:59:11.421885-03:00,9
2026-01-19T18:28:36.248495-03:00,10
2026-01-19T18:44:48.901317-03:00,11
2026-01-19T18:55:53.861160-03:00,8
2026-01-19T19:25:01.416479-03:00,7
2026-01-19T19:46:31.940428-03:00,10
2026-01-19T19:57:23.459522-03:00,7
2026-01-19T20:27:53.581620-03:00,5
2026-01-19T20:44:45.898823-03:00,12
2026-01-19T20:56:02.138358-03:00,7
2026-01-19T23:00:19.784483-03:00,4
2026-01-20T00:50:56.203544-03:00,5
2026-01-20T01:46:59.708256-03:00,2
2026-01-20T02:18:18.822556-03:00,4
2026-01-20T02:48:22.978727-03:00,3
2026-01-20T03:01:00.752662-03:00,4
2026-01-20T03:53:53.882920-03:00,1
2026-01-20T04:29:25.576379-03:00,2
2026-01-20T04:50:50.355027-03:00,3
2026-01-20T05:34:30.724876-03:00,1
2026-01-20T06:02:33.391844-03:00,2
2026-01-20T06:45:59.925281-03:00,10
2026-01-20T07:01:34.171144-03:00,2
2026-01-20T07:46:08.096091-03:00,10
2026-01-20T08:02:22.019245-03:00,3
2026-01-20T08:34:07.298004-03:00,10
2026-01-20T08:51:46.450946-03:00,3
2026-01-20T09:53:32.000111-03:00,4
2026-01-20T10:48:53.254920-03:00,9
2026-01-20T11:19:03.640503-03:00,8
2026-01-20T11:54:09.396021-03:00,9
2026-01-20T12:32:22.645267-03:00,8
2026-01-20T12:59:59.779084-03:00,6
2026-01-20T13:47:28.133261-03:00,16
2026-01-20T14:17:10.158976-03:00,9
2026-01-20T14:49:33.560662-03:00,4
2026-01-20T15:17:25.233302-03:00,11
2026-01-20T16:17:04.597101-03:00,10
2026-01-20T17:30:10.258691-03:00,5
2026-01-20T17:56:30.227732-03:00,4
2026-01-20T18:26:25.581487-03:00,5
2026-01-20T18:43:53.120763-03:00,8
2026-01-20T18:56:18.096708-03:00,10
2026-01-20T19:26:51.922249-03:00,10
2026-01-20T19:45:43.420615-03:00,7
2026-01-20T19:56:21.261526-03:00,5
2026-01-20T20:27:08.211451-03:00,8
2026-01-20T20:46:07.224716-03:00,11
2026-01-20T20:56:33.730264-03:00,9
2026-01-20T23:08:05.806571-03:00,4
2026-01-21T00:50:47.115556-03:00,1
2026-01-21T01:46:12.897999-03:00,1
2026-01-21T02:17:49.098738-03:00,12
2026-01-21T02:48:04.981547-03:00,3
2026-01-21T03:00:48.402047-03:00,3
2026-01-21T03:54:11.150287-03:00,3
2026-01-21T04:51:57.206440-03:00,2
2026-01-21T05:34:12.177325-03:00,1
2026-01-21T06:00:50.458752-03:00,12
2026-01-21T06:45:26.813442-03:00,12
2026-01-21T07:01:28.037497-03:00,1
2026-01-21T07:47:44.992659-03:00,2
2026-01-21T08:41:13.270791-03:00,2
2026-01-21T08:57:19.734823-03:00,5
2026-01-21T10:04:19.597034-03:00,6
2026-01-21T10:53:58.434475-03:00,12
2026-01-21T11:32:28.397731-03:00,10
2026-01-21T12:00:48.794962-03:00,12
2026-01-21T12:47:04.417232-03:00,10
2026-01-21T13:18:50.270655-03:00,12
2026-01-21T14:32:17.881674-03:00,11
2026-01-21T15:22:28.465211-03:00,10
2026-01-21T16:38:17.344846-03:00,11
2026-01-21T17:00:20.907972-03:00,5
2026-01-21T17:42:28.141892-03:00,14
2026-01-21T18:15:22.947616-03:00,9
2026-01-21T18:46:24.184426-03:00,9
2026-01-21T19:00:47.228700-03:00,4
2026-01-21T19:43:12.478502-03:00,7
2026-01-21T20:01:27.920044-03:00,8
2026-01-21T20:36:24.592526-03:00,7
2026-01-21T20:54:00.103884-03:00,10
2026-01-21T22:54:58.495007-03:00,4
2026-01-22T00:49:07.946229-03:00,2
2026-01-22T01:37:57.948550-03:00,3
2026-01-22T02:05:58.941097-03:00,2
2026-01-22T02:45:28.215377-03:00,3
2026-01-22T03:00:06.524809-03:00,2
2026-01-22T03:50:10.808243-03:00,4
2026-01-22T04:17:16.285451-03:00,4
2026-01-22T04:44:40.146045-03:00,2
2026-01-22T04:57:42.121428-03:00,5
2026-01-22T05:43:21.696690-03:00,3
2026-01-22T06:18:09.232763-03:00,5
2026-01-22T06:50:01.354766-03:00,9
2026-01-22T07:14:51.045439-03:00,2
2026-01-22T07:49:13.494946-03:00,9
2026-01-22T08:12:50.739428-03:00,9
2026-01-22T08:40:03.980652-03:00,1
2026-01-22T08:54:28.595761-03:00,4
2026-01-22T09:53:12.997689-03:00,2
2026-01-22T10:48:26.153314-03:00,4
2026-01-22T11:19:07.739346-03:00,7
2026-01-22T11:52:59.937825-03:00,4
2026-01-22T12:32:48.791983-03:00,8
2026-01-22T12:59:10.237459-03:00,8
2026-01-22T13:46:44.323037-03:00,8
2026-01-22T14:17:22.098337-03:00,7
2026-01-22T14:49:11.948965-03:00,12
2026-01-22T15:14:11.616468-03:00,9
2026-01-22T15:54:30.128743-03:00,7
2026-01-22T16:26:02.669624-03:00,11
2026-01-22T16:45:23.697938-03:00,8
2026-01-22T16:57:09.777437-03:00,8
2026-01-22T17:35:47.464311-03:00,10
2026-01-22T17:56:04.084870-03:00,10
2026-01-22T18:27:07.085845-03:00,14
2026-01-22T18:48:08.234945-03:00,8
2026-01-22T18:59:32.917375-03:00,9
2026-01-22T19:34:01.321967-03:00,9
2026-01-22T19:54:11.451599-03:00,8
2026-01-22T20:23:05.507489-03:00,9
2026-01-22T20:56:17.627345-03:00,5
2026-01-22T23:01:30.968004-03:00,10
2026-01-23T00:49:00.681421-03:00,4
2026-01-23T01:32:41.144479-03:00,2
2026-01-23T02:03:25.074871-03:00,5
2026-01-23T02:42:52.592098-03:00,4
2026-01-23T02:58:40.366676-03:00,3
2026-01-23T04:15:13.948857-03:00,2
2026-01-23T04:41:25.387063-03:00,2
2026-01-23T04:56:42.087421-03:00,1
2026-01-23T05:37:09.543349-03:00,10
2026-01-23T06:00:24.194330-03:00,3
2026-01-23T06:42:34.243348-03:00,1
2026-01-23T06:59:11.928160-03:00,2
2026-01-23T07:36:24.079750-03:00,10
2026-01-23T07:56:48.131268-03:00,10
2026-01-23T08:26:13.079525-03:00,10
2026-01-23T08:44:13.788310-03:00,10
2026-01-23T08:56:55.230443-03:00,1
2026-01-23T10:00:01.448150-03:00,1
2026-01-23T10:49:58.264018-03:00,1
2026-01-23T11:13:59.927184-03:00,7
2026-01-23T11:47:10.960365-03:00,5
2026-01-23T12:12:20.245934-03:00,4
2026-01-23T12:44:10.786969-03:00,9
2026-01-23T13:01:09.674288-03:00,10
2026-01-23T13:47:43.386610-03:00,9
2026-01-23T14:15:34.044665-03:00,10
2026-01-23T14:41:53.607641-03:00,9
2026-01-23T14:57:38.150841-03:00,11
2026-01-23T15:46:10.003096-03:00,5
2026-01-23T16:13:12.126145-03:00,7
2026-01-23T16:36:12.089389-03:00,10
2026-01-23T16:48:36.613012-03:00,7
2026-01-23T16:59:41.797839-03:00,10
2026-01-23T17:36:07.805476-03:00,9
2026-01-23T17:54:27.470563-03:00,14
2026-01-23T18:22:58.001866-03:00,9
2026-01-23T18:43:25.784459-03:00,12
2026-01-23T18:55:45.043845-03:00,8
2026-01-23T19:20:27.432788-03:00,9
2026-01-23T19:44:34.435609-03:00,6
2026-01-23T19:56:14.673607-03:00,9
2026-01-23T20:25:26.110334-03:00,7
2026-01-23T20:43:49.030067-03:00,7
2026-01-23T22:54:43.674990-03:00,4
2026-01-24T00:27:46.886289-03:00,6
2026-01-24T01:11:40.294862-03:00,6
2026-01-24T01:49:34.100600-03:00,3
2026-01-24T02:11:12.995119-03:00,3
2026-01-24T02:52:40.846283-03:00,3
2026-01-24T03:33:51.779298-03:00,3
2026-01-24T03:57:42.973752-03:00,2
2026-01-24T04:26:33.066843-03:00,4
2026-01-24T04:41:10.952185-03:00,2
2026-01-24T04:56:09.453481-03:00,1
2026-01-24T05:31:54.832138-03:00,10
2026-01-24T05:54:27.542356-03:00,2
2026-01-24T06:22:11.254594-03:00,4
2026-01-24T06:42:26.446963-03:00,2
2026-01-24T06:56:10.130917-03:00,3
2026-01-24T07:25:35.564023-03:00,5
2026-01-24T07:45:52.459519-03:00,2
2026-01-24T07:56:29.457952-03:00,3
2026-01-24T08:21:38.541682-03:00,6
2026-01-24T08:39:38.261303-03:00,4
2026-01-24T08:50:35.036945-03:00,2
2026-01-24T09:43:09.652507-03:00,3
2026-01-24T10:21:46.703935-03:00,4
2026-01-24T10:47:52.576539-03:00,4
2026-01-24T10:58:32.695339-03:00,6
2026-01-24T11:28:32.470284-03:00,5
2026-01-24T11:46:12.933319-03:00,6
2026-01-24T11:56:46.957734-03:00,6
2026-01-24T12:25:40.809010-03:00,5
2026-01-24T12:42:20.204674-03:00,7
2026-01-24T12:56:16.199087-03:00,7
2026-01-24T13:29:49.223531-03:00,4
2026-01-24T13:51:19.868551-03:00,6
2026-01-24T14:18:48.066034-03:00,4
2026-01-24T14:38:00.258176-03:00,8
2026-01-24T14:49:52.304346-03:00,8
2026-01-24T15:00:59.761146-03:00,8
2026-01-24T15:45:00.460143-03:00,8
2026-01-24T15:59:58.881944-03:00,9
2026-01-24T16:24:28.517536-03:00,9
2026-01-24T16:38:24.330528-03:00,11
2026-01-24T16:49:12.761190-03:00,11
2026-01-24T16:59:52.553388-03:00,13
2026-01-24T17:31:12.528513-03:00,10
2026-01-24T17:49:23.963254-03:00,7
2026-01-24T18:00:08.235582-03:00,8
2026-01-24T18:27:03.018908-03:00,10
2026-01-24T18:42:11.990834-03:00,9
2026-01-24T18:56:11.807186-03:00,13
2026-01-24T19:23:39.035659-03:00,9
2026-01-24T19:43:49.369754-03:00,9
2026-01-24T19:55:50.807207-03:00,8
2026-01-24T20:22:38.537459-03:00,7
2026-01-24T20:41:19.553404-03:00,7
2026-01-24T20:56:09.932764-03:00,3
2026-01-24T23:11:54.441944-03:00,5
2026-01-25T01:01:58.245049-03:00,6
2026-01-25T01:58:07.033477-03:00,4
2026-01-25T02:35:05.147909-03:00,2
2026-01-25T02:54:19.469639-03:00,5
2026-01-25T03:34:35.035326-03:00,3
2026-01-25T03:58:42.629518-03:00,4
2026-01-25T04:29:09.485156-03:00,3
2026-01-25T04:44:28.962873-03:00,3
2026-01-25T04:55:43.315870-03:00,4
2026-01-25T05:30:54.451211-03:00,4
2026-01-25T05:54:30.400896-03:00,2
2026-01-25T06:23:29.200336-03:00,2
2026-01-25T06:43:58.786337-03:00,2
2026-01-25T06:56:21.570185-03:00,2
2026-01-25T07:26:40.552640-03:00,3
2026-01-25T07:47:51.650799-03:00,2
2026-01-25T07:58:28.088522-03:00,2
2026-01-25T08:25:09.927360-03:00,1
2026-01-25T08:39:49.122400-03:00,1
2026-01-25T08:50:31.237893-03:00,3
2026-01-25T09:45:17.495962-03:00,7
2026-01-25T10:23:31.793430-03:00,5
2026-01-25T10:49:48.684531-03:00,5
2026-01-25T11:00:22.788040-03:00,4
2026-01-25T11:32:43.508873-03:00,5
2026-01-25T11:50:20.965600-03:00,3
2026-01-25T12:22:00.391122-03:00,8
2026-01-25T12:42:22.743853-03:00,10
2026-01-25T12:56:26.274959-03:00,6
2026-01-25T13:31:17.342888-03:00,9
2026-01-25T13:54:01.569037-03:00,6
2026-01-25T14:18:53.607811-03:00,10
2026-01-25T14:38:35.396693-03:00,7
2026-01-25T14:50:56.210760-03:00,7
2026-01-25T15:31:45.521090-03:00,17
2026-01-25T15:56:17.314787-03:00,10
2026-01-25T16:20:18.183130-03:00,7
2026-01-25T16:38:51.864892-03:00,10
2026-01-25T16:49:40.839656-03:00,10
2026-01-25T17:00:33.918584-03:00,11
2026-01-25T17:35:16.078316-03:00,12
2026-01-25T17:51:30.982574-03:00,11
2026-01-25T18:20:25.091974-03:00,8
2026-01-25T18:41:21.465261-03:00,7
2026-01-25T18:55:53.280442-03:00,8
2026-01-25T19:23:29.992277-03:00,7
2026-01-25T19:56:31.516902-03:00,4
2026-01-25T20:25:08.004065-03:00,3
2026-01-25T20:42:29.270886-03:00,3
2026-01-25T20:56:09.407110-03:00,3
2026-01-25T23:11:21.167662-03:00,4
2026-01-26T01:05:37.795507-03:00,4
2026-01-26T02:01:30.549831-03:00,2
2026-01-26T02:46:32.649306-03:00,4
2026-01-26T03:01:13.658843-03:00,5
2026-01-26T03:54:19.256850-03:00,3
2026-01-26T04:29:04.116890-03:00,3
2026-01-26T04:50:01.970681-03:00,1
2026-01-26T05:16:02.095668-03:00,2
2026-01-26T05:52:38.493199-03:00,3
2026-01-26T06:35:47.904173-03:00,1
2026-01-26T06:59:11.091713-03:00,1
2026-01-26T07:37:57.216740-03:00,11
2026-01-26T07:58:17.140455-03:00,1
2026-01-26T08:28:54.788166-03:00,5
2026-01-26T08:45:43.717817-03:00,2
2026-01-26T08:56:17.979771-03:00,5
2026-01-26T09:57:24.592598-03:00,4
2026-01-26T10:49:46.181555-03:00,6
2026-01-26T11:17:02.261016-03:00,2
2026-01-26T11:50:25.233796-03:00,5
2026-01-26T12:30:44.196066-03:00,6
2026-01-26T12:57:34.022686-03:00,4
2026-01-26T13:43:26.186795-03:00,4
2026-01-26T14:16:42.831326-03:00,3
2026-01-26T14:48:55.755228-03:00,4
2026-01-26T15:01:21.868116-03:00,2
2026-01-26T15:53:01.830648-03:00,7
2026-01-26T16:24:47.798460-03:00,5
2026-01-26T16:44:21.965371-03:00,9
2026-01-26T16:57:17.338267-03:00,8
2026-01-26T17:34:58.120843-03:00,10
2026-01-26T17:55:19.489389-03:00,13
2026-01-26T18:26:07.451815-03:00,14
2026-01-26T18:48:23.850239-03:00,14
2026-01-26T18:59:33.095730-03:00,9
2026-01-26T19:33:24.990116-03:00,9
2026-01-26T19:53:32.357764-03:00,6
2026-01-26T20:23:57.188116-03:00,11
2026-01-26T20:45:43.525176-03:00,6
2026-01-26T20:57:52.577850-03:00,6
2026-01-26T23:30:54.040923-03:00,5
2026-01-27T01:00:37.159360-03:00,4
2026-01-27T01:55:07.678003-03:00,4
2026-01-27T02:28:08.268422-03:00,3
2026-01-27T02:52:17.622822-03:00,3
2026-01-27T03:37:40.713864-03:00,3
2026-01-27T04:03:29.721565-03:00,1
2026-01-27T04:38:05.072237-03:00,12
2026-01-27T04:54:29.281706-03:00,12
2026-01-27T05:35:25.976764-03:00,12
2026-01-27T06:02:20.024732-03:00,12
2026-01-27T06:46:45.427891-03:00,1
2026-01-27T07:02:14.825902-03:00,2
2026-01-27T07:47:22.185318-03:00,12
2026-01-27T08:12:20.677422-03:00,12
2026-01-27T08:40:01.503233-03:00,12
2026-01-27T08:55:29.828382-03:00,12
2026-01-27T09:54:52.124581-03:00,3
2026-01-27T10:49:46.707049-03:00,4
2026-01-27T11:19:05.996605-03:00,1
2026-01-27T11:54:42.949190-03:00,1
2026-01-27T12:31:53.191250-03:00,4
2026-01-27T12:56:06.430315-03:00,6
2026-01-27T13:35:06.399312-03:00,8
2026-01-27T14:01:35.804771-03:00,6
2026-01-27T14:42:59.370284-03:00,10
2026-01-27T15:01:29.735510-03:00,9
2026-01-27T15:56:10.242366-03:00,11
2026-01-27T16:29:45.041268-03:00,3
2026-01-27T16:50:09.427981-03:00,6
2026-01-27T17:11:30.889220-03:00,10
2026-01-27T17:42:06.901500-03:00,7
2026-01-27T17:59:02.437981-03:00,8
2026-01-27T18:27:37.785878-03:00,7
2026-01-27T18:45:22.832484-03:00,8
2026-01-27T18:56:33.912776-03:00,10
2026-01-27T19:27:09.974109-03:00,7
2026-01-27T19:59:16.815368-03:00,11
2026-01-27T20:31:40.422203-03:00,6
2026-01-27T20:51:38.959454-03:00,6
2026-01-27T22:53:44.526253-03:00,5
2026-01-28T00:46:21.950653-03:00,4
2026-01-28T01:34:36.695697-03:00,2
2026-01-28T02:03:55.210195-03:00,2
2026-01-28T02:43:18.797177-03:00,11
2026-01-28T02:59:58.522586-03:00,11
2026-01-28T03:51:09.553690-03:00,2
2026-01-28T04:27:31.953582-03:00,11
2026-01-28T04:48:57.980055-03:00,11
2026-01-28T05:00:06.177568-03:00,11
2026-01-28T05:47:30.793755-03:00,11
2026-01-28T06:20:11.247337-03:00,11
2026-01-28T06:52:12.604635-03:00,11
2026-01-28T07:30:45.667425-03:00,11
2026-01-28T07:59:13.042386-03:00,11
2026-01-28T08:31:23.671475-03:00,11
2026-01-28T08:51:46.208597-03:00,1
2026-01-28T09:53:51.867964-03:00,1
2026-01-28T10:50:22.872136-03:00,3
2026-01-28T11:32:02.169146-03:00,1
2026-01-28T12:01:15.500962-03:00,1
2026-01-28T12:48:21.683119-03:00,6
2026-01-28T13:19:13.550022-03:00,8
2026-01-28T14:01:36.904275-03:00,4
2026-01-28T14:47:10.871740-03:00,7
2026-01-28T15:18:35.218915-03:00,10
2026-01-28T15:56:40.689410-03:00,6
2026-01-28T16:34:10.372955-03:00,1
2026-01-28T16:54:40.274400-03:00,6
2026-01-28T17:33:32.981357-03:00,9
2026-01-28T18:01:08.912559-03:00,10
2026-01-28T18:42:36.903657-03:00,5
2026-01-28T19:02:11.696247-03:00,13
2026-01-28T19:44:47.596562-03:00,6
2026-01-28T20:02:35.707992-03:00,10
2026-01-28T20:37:20.097975-03:00,6
2026-01-28T20:55:26.261105-03:00,6
2026-01-28T23:09:32.034240-03:00,7
2026-01-29T01:14:35.855326-03:00,2
2026-01-29T02:14:26.528072-03:00,2
2026-01-29T03:01:44.613379-03:00,1
2026-01-29T04:04:27.673584-03:00,8
2026-01-29T04:52:12.650329-03:00,8
2026-01-29T05:41:36.364144-03:00,8
2026-01-29T06:27:19.868505-03:00,8
2026-01-29T07:06:50.931744-03:00,8
2026-01-29T07:56:37.236361-03:00,8
2026-01-29T08:35:22.083229-03:00,8
2026-01-29T08:57:39.573032-03:00,8
2026-01-29T10:15:22.312287-03:00,4
2026-01-29T11:06:36.190135-03:00,3
2026-01-29T11:57:01.826754-03:00,7
2026-01-29T12:41:13.820804-03:00,10
2026-01-29T13:24:04.570100-03:00,8
2026-01-29T14:06:30.600253-03:00,6
2026-01-29T14:52:48.246898-03:00,9
2026-01-29T15:50:36.630794-03:00,12
2026-01-29T16:30:58.305333-03:00,8
2026-01-29T16:57:19.840252-03:00,12
2026-01-29T17:39:06.441800-03:00,12
2026-01-29T17:59:12.421976-03:00,10
2026-01-29T18:36:51.592976-03:00,17
2026-01-29T18:57:25.857177-03:00,11
2026-01-29T19:35:43.292097-03:00,8
2026-01-29T19:59:22.820033-03:00,10
2026-01-29T20:35:30.382600-03:00,7
2026-01-29T20:55:40.354580-03:00,11
2026-01-29T23:12:37.518196-03:00,4
2026-01-30T01:18:36.183905-03:00,4
2026-01-30T02:28:25.072724-03:00,8
2026-01-30T03:08:06.101561-03:00,5
2026-01-30T04:07:11.927397-03:00,5
2026-01-30T04:52:39.580889-03:00,7
2026-01-30T05:40:39.794146-03:00,4
2026-01-30T07:02:49.344829-03:00,3
2026-01-30T07:52:43.720462-03:00,15
2026-01-30T08:29:38.729170-03:00,1
2026-01-30T08:53:48.490408-03:00,3
2026-01-30T09:58:43.336170-03:00,1
2026-01-30T10:59:34.269424-03:00,2
2026-01-30T11:46:18.460011-03:00,3
2026-01-30T12:19:53.149308-03:00,3
2026-01-30T12:54:57.136646-03:00,6
2026-01-30T13:41:20.323962-03:00,9
2026-01-30T14:22:09.516560-03:00,8
2026-01-30T14:59:02.704010-03:00,9
2026-01-30T15:57:12.591599-03:00,8
2026-01-30T16:37:33.683225-03:00,9
2026-01-30T16:57:25.165218-03:00,9
2026-01-30T17:38:35.101383-03:00,8
2026-01-30T18:01:37.783818-03:00,8
2026-01-30T18:38:20.526966-03:00,18
2026-01-30T18:54:14.277771-03:00,7
2026-01-30T19:27:29.303215-03:00,8
2026-01-30T19:55:08.978458-03:00,6
2026-01-30T20:26:58.128193-03:00,6
2026-01-30T23:03:47.664575-03:00,3
2026-01-31T01:11:28.270421-03:00,3
2026-01-31T02:10:00.224918-03:00,1
2026-01-31T02:53:28.930813-03:00,4
2026-01-31T03:41:29.134565-03:00,3
2026-01-31T04:17:39.039134-03:00,6
2026-01-31T04:44:34.027999-03:00,5
2026-01-31T04:57:54.353462-03:00,5
2026-01-31T05:40:36.951599-03:00,2
2026-01-31T06:13:39.489759-03:00,3
2026-01-31T06:45:40.246859-03:00,3
2026-01-31T06:59:49.295601-03:00,1
2026-01-31T07:36:09.377609-03:00,3
2026-01-31T07:56:42.665511-03:00,10
2026-01-31T08:25:19.430651-03:00,10
2026-01-31T08:44:05.883167-03:00,2
2026-01-31T08:57:01.814350-03:00,4
2026-01-31T10:00:55.817015-03:00,1
2026-01-31T10:49:09.457017-03:00,4
2026-01-31T11:11:41.969881-03:00,5
2026-01-31T11:44:53.865763-03:00,1
2026-01-31T11:59:51.684685-03:00,5
2026-01-31T12:33:48.894527-03:00,7
2026-01-31T12:52:36.156881-03:00,8
2026-01-31T13:30:47.819707-03:00,7
2026-01-31T13:59:33.603936-03:00,9
2026-01-31T14:33:13.013172-03:00,10
2026-01-31T14:53:58.508248-03:00,9
2026-01-31T15:34:56.126541-03:00,7
2026-01-31T15:59:40.291480-03:00,11
2026-01-31T16:28:47.392920-03:00,11
2026-01-31T16:44:40.852528-03:00,9
2026-01-31T16:56:18.519305-03:00,11
2026-01-31T17:30:31.409307-03:00,7
2026-01-31T17:53:46.389327-03:00,8
2026-01-31T18:23:01.265956-03:00,7
2026-01-31T18:45:15.493130-03:00,4
2026-01-31T18:57:00.935575-03:00,8
2026-01-31T19:29:56.099616-03:00,6
2026-01-31T19:52:12.323769-03:00,2
2026-01-31T20:23:55.587659-03:00,3
2026-01-31T20:46:04.047326-03:00,3
2026-01-31T20:58:13.042201-03:00,4
2026-02-01T00:22:59.469987-03:00,2
2026-02-01T02:11:54.414167-03:00,4
2026-02-01T03:09:26.963506-03:00,2
2026-02-01T04:05:34.052901-03:00,4
2026-02-01T04:47:25.789906-03:00,2
2026-02-01T05:02:13.521905-03:00,3
2026-02-01T05:48:24.167617-03:00,4
2026-02-01T06:49:00.746525-03:00,8
2026-02-01T07:01:21.007534-03:00,1
2026-02-01T07:44:47.962662-03:00,8
2026-02-01T08:01:52.816280-03:00,8
2026-02-01T08:33:27.638144-03:00,2
2026-02-01T08:51:26.381387-03:00,3
2026-02-01T09:53:06.231477-03:00,2
2026-02-01T10:43:58.393853-03:00,1
2026-02-01T11:13:01.578078-03:00,3
2026-02-01T11:47:14.608629-03:00,8
2026-02-01T12:02:40.059105-03:00,8
2026-02-01T12:55:19.350842-03:00,7
2026-02-01T13:31:26.390987-03:00,10
2026-02-01T14:33:42.008892-03:00,7
2026-02-01T14:55:38.515312-03:00,4
2026-02-01T15:38:10.030768-03:00,11
2026-02-01T16:04:28.861202-03:00,8
2026-02-01T16:35:09.709176-03:00,6
2026-02-01T16:51:55.254564-03:00,7
2026-02-01T17:28:51.662925-03:00,7
2026-02-01T17:52:32.335464-03:00,4
2026-02-01T18:24:43.627232-03:00,10
2026-02-01T18:46:30.116644-03:00,8
2026-02-01T18:58:22.714211-03:00,7
2026-02-01T19:34:45.423124-03:00,7
2026-02-01T19:56:52.535392-03:00,5
2026-02-01T20:31:14.796598-03:00,8
2026-02-01T20:54:58.866297-03:00,9
2026-02-01T23:24:03.287638-03:00,1
2026-02-02T01:35:46.261973-03:00,4
2026-02-02T02:49:22.880605-03:00,6
2026-02-02T03:45:31.660967-03:00,4
2026-02-02T04:40:22.290631-03:00,3
2026-02-02T05:26:14.205502-03:00,4
2026-02-02T06:09:51.450262-03:00,1
2026-02-02T07:07:03.058753-03:00,1
2026-02-02T08:05:05.102731-03:00,1
2026-02-02T08:47:58.645053-03:00,1
2026-02-02T09:25:33.601006-03:00,3
2026-02-02T10:42:00.818612-03:00,4
2026-02-02T11:29:50.770173-03:00,7
2026-02-02T12:10:54.717450-03:00,10
2026-02-02T12:53:43.423806-03:00,7
2026-02-02T13:41:58.418130-03:00,9
2026-02-02T14:26:17.174343-03:00,17
2026-02-02T15:05:14.345447-03:00,17
2026-02-02T20:06:14.555247-03:00,17
2026-02-02T20:37:23.564452-03:00,17
2026-02-02T20:58:40.461188-03:00,17
2026-02-02T23:51:38.836019-03:00,17
2026-02-03T01:47:18.591522-03:00,17
2026-02-03T02:40:26.795112-03:00,17
2026-02-03T03:33:21.243195-03:00,17
2026-02-03T04:29:16.396636-03:00,17
2026-02-03T05:03:03.644382-03:00,17
2026-02-03T05:55:51.429718-03:00,17
2026-02-03T06:46:07.060128-03:00,17
2026-02-03T07:25:38.570343-03:00,17
2026-02-03T08:07:19.612074-03:00,17
2026-02-03T08:49:19.182231-03:00,17
2026-02-03T09:27:08.144086-03:00,17
2026-02-03T10:43:34.715708-03:00,17
2026-02-03T11:32:59.339271-03:00,17
2026-02-03T13:29:08.780477-03:00,17
2026-02-03T19:48:50.780072-03:00,6
2026-02-03T20:16:04.678684-03:00,6
2026-02-03T20:45:59.694332-03:00,6
2026-02-03T21:01:03.867528-03:00,6
2026-02-03T23:50:50.198278-03:00,3
2026-02-04T01:40:52.817558-03:00,2
2026-02-04T02:37:53.709464-03:00,13
2026-02-04T03:30:55.070101-03:00,2
2026-02-04T04:30:46.280814-03:00,2
2026-02-04T05:05:24.838849-03:00,2
2026-02-04T05:58:25.070773-03:00,2
2026-02-04T06:56:09.460261-03:00,13
2026-02-04T07:42:12.705832-03:00,4
2026-02-04T08:22:25.450407-03:00,4
2026-02-04T08:54:54.336757-03:00,1
2026-02-04T10:02:36.378046-03:00,2
2026-02-04T11:07:37.840050-03:00,6
2026-02-04T11:58:39.140919-03:00,8
2026-02-04T12:54:15.222086-03:00,14
2026-02-04T13:51:53.788069-03:00,10
2026-02-04T14:46:42.409627-03:00,7
2026-02-04T16:25:20.078779-03:00,7
2026-02-04T16:57:50.349137-03:00,10
2026-02-04T17:45:08.838783-03:00,9
2026-02-04T18:19:23.782225-03:00,7
2026-02-04T18:50:22.131664-03:00,10
2026-02-04T19:29:42.957418-03:00,6
2026-02-04T19:54:38.297888-03:00,6
2026-02-04T20:29:22.838624-03:00,5
2026-02-04T20:53:52.947118-03:00,5
2026-02-04T23:10:19.446310-03:00,7
2026-02-05T01:23:17.048705-03:00,3
2026-02-05T02:37:23.926379-03:00,6
2026-02-05T03:36:10.648713-03:00,1
2026-02-05T05:06:38.922784-03:00,1
2026-02-05T06:01:07.192249-03:00,3
2026-02-05T06:59:34.262703-03:00,11
2026-02-05T07:54:21.654008-03:00,11
2026-02-05T08:36:09.929603-03:00,11
2026-02-05T09:01:39.879220-03:00,2
2026-02-05T10:36:32.709320-03:00,2
2026-02-05T11:29:02.488060-03:00,6
2026-02-05T12:21:34.980822-03:00,7
2026-02-05T13:07:17.476942-03:00,7
2026-02-05T14:07:00.769475-03:00,9
2026-02-05T15:02:08.161585-03:00,8
2026-02-05T16:04:30.919060-03:00,8
2026-02-05T16:48:21.261223-03:00,8
2026-02-05T17:17:43.342656-03:00,5
2026-02-05T17:54:00.977981-03:00,10
2026-02-05T18:30:55.871830-03:00,5
2026-02-05T18:56:57.391330-03:00,9
2026-02-05T19:34:21.903162-03:00,8
2026-02-05T19:59:55.836443-03:00,6
2026-02-05T20:33:22.562522-03:00,7
2026-02-05T20:54:56.544731-03:00,5
2026-02-05T23:10:22.584849-03:00,2
2026-02-06T01:24:05.654993-03:00,5
2026-02-06T02:35:42.089739-03:00,1
2026-02-06T03:32:05.177927-03:00,8
2026-02-06T04:32:57.126971-03:00,8
2026-02-06T05:06:00.949245-03:00,8
2026-02-06T05:59:44.734147-03:00,8
2026-02-06T06:56:01.105839-03:00,8
2026-02-06T07:42:55.950493-03:00,8
2026-02-06T08:21:59.987458-03:00,8
2026-02-06T08:54:56.347429-03:00,3
2026-02-06T10:02:41.685377-03:00,4
2026-02-06T11:06:34.315701-03:00,5
2026-02-06T11:57:26.102630-03:00,5
2026-02-06T12:49:20.450188-03:00,5
2026-02-06T13:27:39.336567-03:00,8
2026-02-06T14:22:41.354001-03:00,6
2026-02-06T15:05:57.629621-03:00,7
2026-02-06T16:06:02.865794-03:00,10
2026-02-06T17:17:30.872377-03:00,9
2026-02-06T17:53:50.048567-03:00,8
2026-02-06T18:32:02.513079-03:00,12
2026-02-06T18:55:37.560295-03:00,10
2026-02-06T19:27:19.124964-03:00,12
2026-02-06T20:27:09.002509-03:00,5
2026-02-06T20:51:38.769951-03:00,5
2026-02-06T23:06:42.588868-03:00,5
2026-02-07T01:15:39.172346-03:00,3
2026-02-07T02:12:56.798619-03:00,4
2026-02-07T02:58:46.073622-03:00,1
2026-02-07T03:56:05.535993-03:00,8
2026-02-07T04:33:51.147755-03:00,8
2026-02-07T04:55:23.822115-03:00,8
2026-02-07T06:00:28.649664-03:00,8
2026-02-07T06:43:55.053420-03:00,8
2026-02-07T07:00:23.965296-03:00,8
2026-02-07T07:44:20.371613-03:00,8
2026-02-07T08:01:38.762304-03:00,8
2026-02-07T08:52:02.182621-03:00,1
2026-02-07T09:52:16.667213-03:00,1
2026-02-07T10:44:20.357388-03:00,4
2026-02-07T11:13:34.396750-03:00,3
2026-02-07T11:47:34.203969-03:00,1
2026-02-07T12:11:26.038656-03:00,1
2026-02-07T12:43:50.474364-03:00,5
2026-02-07T13:00:17.780493-03:00,6
2026-02-07T13:43:48.125512-03:00,5
2026-02-07T14:13:06.969817-03:00,4
2026-02-07T14:46:17.438871-03:00,6
2026-02-07T15:00:09.739094-03:00,9
2026-02-07T15:50:05.694818-03:00,11
2026-02-07T16:14:48.502214-03:00,11
2026-02-07T16:40:28.403338-03:00,9
2026-02-07T16:57:52.407172-03:00,7
2026-02-07T17:37:39.578802-03:00,6
2026-02-07T17:59:01.255758-03:00,11
2026-02-07T18:35:26.985877-03:00,12
2026-02-07T18:55:16.930303-03:00,12
2026-02-07T19:27:45.826999-03:00,13
2026-02-07T19:56:19.267350-03:00,9
2026-02-07T20:34:06.465611-03:00,8
2026-02-08T00:29:27.789152-03:00,2
2026-02-08T02:14:28.241930-03:00,10
2026-02-08T03:09:01.682958-03:00,3
2026-02-08T04:06:19.825568-03:00,10
2026-02-08T04:48:47.422500-03:00,10
2026-02-08T05:53:06.006557-03:00,1
2026-02-08T06:32:29.870406-03:00,1
2026-02-08T06:57:06.279730-03:00,3
2026-02-08T07:34:30.787523-03:00,10
2026-02-08T07:58:57.437862-03:00,10
2026-02-08T08:32:11.484467-03:00,3
2026-02-08T08:52:24.787624-03:00,4
2026-02-08T09:53:21.319673-03:00,5
2026-02-08T10:46:33.914897-03:00,4
2026-02-08T11:15:24.192345-03:00,4
2026-02-08T11:49:18.299810-03:00,4
2026-02-08T12:12:51.551828-03:00,3
2026-02-08T12:45:18.092250-03:00,7
2026-02-08T13:01:53.737242-03:00,6
2026-02-08T13:47:38.186743-03:00,7
2026-02-08T14:14:34.693402-03:00,7
2026-02-08T14:47:07.719680-03:00,7
2026-02-08T15:02:11.716480-03:00,13
2026-02-08T15:54:13.825180-03:00,10
2026-02-08T16:26:17.615976-03:00,12
2026-02-08T16:46:51.216474-03:00,9
2026-02-08T16:58:51.732701-03:00,11
2026-02-08T17:38:28.285423-03:00,10
2026-02-08T17:59:20.072742-03:00,14
2026-02-08T18:36:19.567583-03:00,10
2026-02-08T18:57:09.826902-03:00,7
2026-02-08T19:34:35.199956-03:00,12
2026-02-08T20:00:25.257125-03:00,14
2026-02-08T20:44:27.102079-03:00,4
2026-02-08T21:01:33.988953-03:00,5
2026-02-09T00:19:08.056583-03:00,1
2026-02-09T02:13:57.244439-03:00,4
2026-02-09T03:37:19.659532-03:00,4
2026-02-09T04:41:57.129037-03:00,4
2026-02-09T05:33:34.997081-03:00,4
2026-02-09T06:40:10.176788-03:00,13
2026-02-09T07:41:17.966054-03:00,13
2026-02-09T08:35:06.897091-03:00,13
2026-02-09T09:06:56.112633-03:00,13
2026-02-09T10:45:59.986820-03:00,1
2026-02-09T11:42:14.632908-03:00,1
2026-02-09T12:40:03.395408-03:00,5
2026-02-09T14:39:06.782203-03:00,9
2026-02-09T15:36:12.549663-03:00,9
2026-02-09T16:50:40.116839-03:00,9
2026-02-09T17:40:10.362147-03:00,9
2026-02-09T18:23:48.197232-03:00,9
2026-02-09T19:03:46.538566-03:00,9
2026-02-09T20:38:27.347334-03:00,7
2026-02-09T21:05:42.096180-03:00,6
2026-02-10T00:26:11.106081-03:00,4
2026-02-10T02:17:29.897120-03:00,4
2026-02-10T03:38:28.949763-03:00,5
2026-02-10T04:43:32.466393-03:00,2
2026-02-10T05:33:16.142963-03:00,3
2026-02-10T06:40:20.902914-03:00,2
2026-02-10T07:39:43.347343-03:00,8
2026-02-10T08:36:36.975065-03:00,3
2026-02-10T09:35:25.657206-03:00,3
2026-02-10T11:05:07.770949-03:00,3
2026-02-10T12:22:50.683367-03:00,3
2026-02-10T13:49:20.944542-03:00,9
2026-02-10T14:39:30.295647-03:00,10
2026-02-10T15:40:44.583623-03:00,3
2026-02-10T16:49:01.697388-03:00,1
2026-02-10T17:30:39.308645-03:00,11
2026-02-10T18:23:41.898905-03:00,13
2026-02-10T19:06:39.173211-03:00,12
2026-02-10T19:59:05.836231-03:00,10
2026-02-10T20:49:26.573490-03:00,13
2026-02-10T22:04:27.403620-03:00,7
2026-02-11T01:02:54.273955-03:00,4
2026-02-11T02:43:24.180119-03:00,1
2026-02-11T03:44:54.061423-03:00,3
2026-02-11T04:42:24.145074-03:00,1
2026-02-11T05:31:27.751722-03:00,10
2026-02-11T06:34:09.346330-03:00,10
2026-02-11T07:31:55.841946-03:00,10
2026-02-11T08:29:19.026606-03:00,10
2026-02-11T09:06:29.717426-03:00,10
2026-02-11T10:47:15.179568-03:00,2
2026-02-11T11:44:03.501147-03:00,4
2026-02-11T12:43:28.707636-03:00,2
2026-02-11T13:45:55.757270-03:00,5
2026-02-11T14:44:28.068933-03:00,6
2026-02-11T15:41:55.512044-03:00,4
2026-02-11T16:44:59.611313-03:00,7
2026-02-11T17:23:08.382992-03:00,7
2026-02-11T18:04:27.223730-03:00,9
2026-02-11T18:47:16.517257-03:00,13
2026-02-11T19:15:23.913856-03:00,15
2026-02-11T19:52:47.379074-03:00,7
2026-02-11T20:33:47.307253-03:00,8
2026-02-11T20:57:01.060625-03:00,8
2026-02-11T23:48:32.896717-03:00,3
2026-02-12T01:50:22.678426-03:00,3
2026-02-12T03:05:10.956748-03:00,7
2026-02-12T04:16:10.465090-03:00,4
2026-02-12T05:00:44.689247-03:00,2
2026-02-12T06:03:26.646914-03:00,7
2026-02-12T07:04:37.555664-03:00,7
2026-02-12T08:04:39.929787-03:00,7
2026-02-12T08:52:38.209334-03:00,7
2026-02-12T10:11:19.859871-03:00,2
2026-02-12T11:16:21.401653-03:00,4
2026-02-12T12:10:03.848768-03:00,3
2026-02-12T13:09:15.699709-03:00,4
2026-02-12T14:16:44.263621-03:00,10
2026-02-12T15:10:21.697364-03:00,10
2026-02-12T16:30:43.638040-03:00,7
2026-02-12T17:00:24.997357-03:00,6
2026-02-12T17:49:23.716430-03:00,12
2026-02-12T18:20:28.906066-03:00,9
2026-02-12T18:57:58.886894-03:00,9
2026-02-12T19:40:10.687067-03:00,6
2026-02-12T20:02:20.963997-03:00,8
2026-02-12T20:43:17.829666-03:00,4
2026-02-12T21:59:57.913498-03:00,6
2026-02-13T00:44:30.157538-03:00,2
2026-02-13T02:12:54.011357-03:00,9
2026-02-13T03:14:43.203204-03:00,1
2026-02-13T04:17:54.525762-03:00,3
2026-02-13T05:01:22.175002-03:00,3
2026-02-13T05:59:36.771698-03:00,9
2026-02-13T07:49:02.790697-03:00,9
2026-02-13T08:20:54.256202-03:00,9
2026-02-13T08:54:36.779480-03:00,9
2026-02-13T10:02:59.674701-03:00,9
2026-02-13T11:07:15.541604-03:00,2
2026-02-13T11:59:35.433055-03:00,1
2026-02-13T12:53:45.790921-03:00,3
2026-02-13T13:50:23.513357-03:00,9
2026-02-13T14:40:12.603191-03:00,6
2026-02-13T15:25:00.817507-03:00,3
2026-02-13T16:23:11.615940-03:00,7
2026-02-13T16:58:29.400964-03:00,9
2026-02-13T17:50:58.518259-03:00,13
2026-02-13T18:36:54.322964-03:00,9
2026-02-13T19:03:16.485019-03:00,8
2026-02-13T19:50:35.799421-03:00,8
2026-02-13T20:32:02.023409-03:00,5
2026-02-13T20:58:24.484789-03:00,4
2026-02-13T23:45:59.051677-03:00,4
2026-02-14T01:24:39.157560-03:00,2
2026-02-14T02:29:35.295504-03:00,2
2026-02-14T03:07:08.280729-03:00,1
2026-02-14T04:02:32.666399-03:00,1
2026-02-14T04:45:40.327268-03:00,6
2026-02-14T05:01:16.614631-03:00,6
2026-02-14T05:48:43.185487-03:00,5
2026-02-14T06:17:37.932633-03:00,2
2026-02-14T06:49:40.135625-03:00,6
2026-02-14T07:12:24.448669-03:00,1
2026-02-14T07:48:12.793104-03:00,6
2026-02-14T08:11:06.480048-03:00,6
2026-02-14T08:40:20.424816-03:00,6
2026-02-14T08:58:01.535291-03:00,2
2026-02-14T10:07:28.148575-03:00,1
2026-02-14T10:52:35.184578-03:00,4
2026-02-14T11:28:06.096621-03:00,7
2026-02-14T11:54:50.638073-03:00,7
2026-02-14T12:27:00.738153-03:00,6
2026-02-14T12:50:39.176507-03:00,6
2026-02-14T13:32:18.375827-03:00,7
2026-02-14T14:00:46.948095-03:00,6
2026-02-14T14:39:24.678150-03:00,7
2026-02-14T15:41:52.741136-03:00,2
2026-02-14T16:13:06.104000-03:00,5
2026-02-14T16:39:52.459677-03:00,11
2026-02-14T16:54:28.750074-03:00,9
2026-02-14T17:28:18.727649-03:00,4
2026-02-14T17:52:52.186519-03:00,7
2026-02-14T18:26:03.491369-03:00,6
2026-02-14T18:48:05.138131-03:00,2
2026-02-14T18:59:49.992935-03:00,5
2026-02-14T19:35:54.151773-03:00,7
2026-02-14T19:56:56.016353-03:00,8
2026-02-14T20:30:47.822587-03:00,11
2026-02-14T20:54:20.702349-03:00,9
2026-02-14T23:26:44.976419-03:00,3
2026-02-15T01:34:07.685385-03:00,4
2026-02-15T02:42:40.314514-03:00,2
2026-02-15T03:33:58.970490-03:00,11
2026-02-15T04:24:59.433451-03:00,4
2026-02-15T04:55:42.103482-03:00,11
2026-02-15T05:36:58.395516-03:00,11
2026-02-15T06:02:28.209600-03:00,11
2026-02-15T06:45:02.754949-03:00,4
2026-02-15T07:00:52.723349-03:00,2
2026-02-15T07:45:34.464775-03:00,3
2026-02-15T08:02:39.542077-03:00,2
2026-02-15T08:33:54.246844-03:00,11
2026-02-15T08:52:27.895094-03:00,11
2026-02-15T09:54:10.288520-03:00,2
2026-02-15T10:47:07.837853-03:00,2
2026-02-15T11:15:09.100152-03:00,2
2026-02-15T11:48:25.967177-03:00,1
2026-02-15T12:12:53.983075-03:00,2
2026-02-15T12:43:57.908100-03:00,1
2026-02-15T13:00:09.627556-03:00,3
2026-02-15T13:43:37.830394-03:00,10
2026-02-15T14:12:03.572053-03:00,5
2026-02-15T14:45:34.519415-03:00,10
2026-02-15T15:00:17.669311-03:00,10
2026-02-15T15:53:50.722042-03:00,10
2026-02-15T16:26:28.551625-03:00,8
2026-02-15T16:47:06.708307-03:00,10
2026-02-15T16:58:41.192300-03:00,4
2026-02-15T17:37:36.695040-03:00,10
2026-02-15T17:58:14.798108-03:00,7
2026-02-15T18:33:24.913203-03:00,11
2026-02-15T18:54:25.257359-03:00,10
2026-02-15T19:52:54.141909-03:00,12
2026-02-15T20:28:29.922538-03:00,12
2026-02-15T20:53:18.329073-03:00,5
2026-02-15T23:23:27.004131-03:00,4
2026-02-16T01:37:12.658297-03:00,4
2026-02-16T02:53:36.349548-03:00,3
2026-02-16T04:04:58.250737-03:00,1
2026-02-16T04:59:35.957966-03:00,8
2026-02-16T06:01:00.382233-03:00,8
2026-02-16T07:08:04.130291-03:00,8
2026-02-16T08:06:42.954242-03:00,8
2026-02-16T08:52:41.435666-03:00,1
2026-02-16T10:06:32.211282-03:00,2
2026-02-16T11:10:35.323092-03:00,8
2026-02-16T12:04:34.869328-03:00,2
2026-02-16T12:55:05.439229-03:00,4
2026-02-16T13:46:16.252606-03:00,8
2026-02-16T14:27:47.910779-03:00,12
2026-02-16T15:04:05.937648-03:00,7
2026-02-16T16:01:19.401455-03:00,7
2026-02-16T16:44:08.441980-03:00,8
2026-02-16T17:01:57.016664-03:00,10
2026-02-16T17:46:48.263630-03:00,6
2026-02-16T18:15:15.803294-03:00,8
2026-02-16T18:47:26.089257-03:00,11
2026-02-16T19:13:23.145191-03:00,8
2026-02-16T19:51:15.888253-03:00,9
2026-02-16T20:30:43.291475-03:00,7
2026-02-16T20:57:19.941243-03:00,5
2026-02-16T23:44:55.566600-03:00,3
2026-02-17T01:32:59.188143-03:00,4
2026-02-17T02:45:18.293601-03:00,7
2026-02-17T03:40:03.387536-03:00,7
2026-02-17T04:39:01.317663-03:00,7
2026-02-17T05:27:14.233902-03:00,7
2026-02-17T06:26:44.551002-03:00,7
2026-02-17T07:25:43.833559-03:00,7
2026-02-17T08:12:54.547207-03:00,7
2026-02-17T08:56:09.261089-03:00,7
2026-02-17T10:12:02.711764-03:00,3
2026-02-17T11:13:26.545969-03:00,3
2026-02-17T12:08:59.119839-03:00,3
2026-02-17T13:07:41.439492-03:00,4
2026-02-17T14:15:06.349893-03:00,6
2026-02-17T15:08:59.527250-03:00,7
2026-02-17T16:14:29.671605-03:00,9
2026-02-17T16:54:49.332211-03:00,9
2026-02-17T17:39:29.240764-03:00,8
2026-02-17T18:19:02.585711-03:00,8
2026-02-17T18:51:08.727231-03:00,6
2026-02-17T19:33:03.095234-03:00,5
2026-02-17T20:00:48.688616-03:00,9
2026-02-17T20:42:34.482225-03:00,4
2026-02-17T21:03:03.023254-03:00,3
2026-02-18T00:15:13.707625-03:00,2
2026-02-18T02:05:11.758908-03:00,6
2026-02-18T03:12:51.543448-03:00,2
2026-02-18T04:29:07.492153-03:00,6
2026-02-18T05:04:44.914476-03:00,6
2026-02-18T06:01:24.223785-03:00,6
2026-02-18T07:02:42.823669-03:00,6
2026-02-18T08:03:34.127929-03:00,1
2026-02-18T08:51:52.588537-03:00,6
2026-02-18T10:07:41.823326-03:00,1
2026-02-18T11:11:55.089442-03:00,4
2026-02-18T12:07:47.086440-03:00,4
2026-02-18T14:18:44.604707-03:00,2
2026-02-18T15:04:59.550274-03:00,14
2026-02-18T16:11:44.218903-03:00,9
2026-02-18T16:59:00.338281-03:00,7
2026-02-18T17:51:40.642542-03:00,5
2026-02-18T18:35:44.835293-03:00,8
2026-02-18T19:01:57.200175-03:00,11
2026-02-18T19:51:34.168472-03:00,13
2026-02-18T20:31:21.319194-03:00,10
2026-02-18T20:58:36.704513-03:00,6
2026-02-18T23:53:44.793259-03:00,5
2026-02-19T01:53:10.303404-03:00,1
2026-02-19T02:59:53.646051-03:00,3
2026-02-19T04:12:46.592573-03:00,9
2026-02-19T04:59:37.847709-03:00,3
2026-02-19T05:57:39.949586-03:00,9
2026-02-19T06:57:50.426596-03:00,9
2026-02-19T07:54:16.478200-03:00,9
2026-02-19T08:38:51.323473-03:00,9
2026-02-19T09:04:36.165999-03:00,9
2026-02-19T10:41:06.126472-03:00,4
2026-02-19T11:37:44.760586-03:00,2
2026-02-19T12:29:50.739872-03:00,2
2026-02-19T13:29:06.464341-03:00,2
2026-02-19T14:31:33.250275-03:00,5
2026-02-19T15:31:53.051768-03:00,4
2026-02-19T16:27:56.612364-03:00,7
2026-02-19T16:59:11.665908-03:00,11
2026-02-19T17:42:45.388260-03:00,8
2026-02-19T18:17:08.257699-03:00,7
2026-02-19T18:52:51.826179-03:00,9
2026-02-19T19:33:17.149155-03:00,8
2026-02-19T20:03:00.615267-03:00,8
2026-02-19T20:43:04.049485-03:00,5
2026-02-19T21:02:23.249763-03:00,4
2026-02-19T23:53:11.665575-03:00,3
2026-02-20T01:47:39.122775-03:00,4
2026-02-20T02:43:03.612116-03:00,1
2026-02-20T03:37:07.981785-03:00,3
2026-02-20T04:35:21.125575-03:00,5
2026-02-20T05:06:37.695883-03:00,1
2026-02-20T05:57:42.441612-03:00,5
2026-02-20T06:51:35.128935-03:00,3
2026-02-20T07:38:53.758363-03:00,2
2026-02-20T08:18:24.491325-03:00,2
2026-02-20T08:48:59.013765-03:00,2
2026-02-20T09:26:25.559682-03:00,2
2026-02-20T10:40:35.809124-03:00,2
2026-02-20T11:29:13.334667-03:00,7
2026-02-20T12:09:59.659517-03:00,7
2026-02-20T12:53:20.958870-03:00,6
2026-02-20T13:40:55.765029-03:00,10
2026-02-20T14:25:12.516600-03:00,12
2026-02-20T15:02:52.473268-03:00,9
2026-02-20T16:03:45.663595-03:00,7
2026-02-20T16:45:40.204353-03:00,7
2026-02-20T17:01:33.777567-03:00,10
2026-02-20T17:47:07.866175-03:00,6
2026-02-20T18:10:38.414803-03:00,6
2026-02-20T18:44:42.736941-03:00,9
2026-02-20T18:59:34.712877-03:00,7
2026-02-20T19:38:27.821341-03:00,10
2026-02-20T20:39:41.567168-03:00,4
2026-02-20T20:58:26.692061-03:00,3
2026-02-20T23:42:08.501805-03:00,5
2026-02-21T01:20:17.384457-03:00,2
2026-02-21T02:15:12.851171-03:00,3
2026-02-21T02:58:49.691787-03:00,2
2026-02-21T03:56:04.571995-03:00,3
2026-02-21T04:34:47.553463-03:00,1
2026-02-21T04:55:25.289332-03:00,10
2026-02-21T05:33:40.088113-03:00,1
2026-02-21T06:00:30.138373-03:00,3
2026-02-21T06:42:34.126081-03:00,1
2026-02-21T07:00:19.604270-03:00,4
2026-02-21T07:43:46.371266-03:00,1
2026-02-21T08:01:38.279103-03:00,2
2026-02-21T08:33:29.795381-03:00,10
2026-02-21T08:51:36.767140-03:00,10
2026-02-21T09:51:19.951820-03:00,1
2026-02-21T10:42:32.497784-03:00,3
2026-02-21T11:11:44.452750-03:00,3
2026-02-21T11:46:45.740627-03:00,2
2026-02-21T12:37:33.281861-03:00,3
2026-02-21T12:55:28.152281-03:00,7
2026-02-21T13:31:39.296441-03:00,5
2026-02-21T13:59:15.830175-03:00,2
2026-02-21T14:34:46.083354-03:00,9
2026-02-21T15:37:32.258126-03:00,7
2026-02-21T16:03:53.269055-03:00,8
2026-02-21T16:34:53.782629-03:00,12
2026-02-21T16:52:08.212220-03:00,5
2026-02-21T17:27:03.843081-03:00,6
2026-02-21T17:49:47.768780-03:00,8
2026-02-21T18:10:06.685636-03:00,11
2026-02-21T18:37:02.744436-03:00,5
2026-02-21T18:54:52.948733-03:00,10
2026-02-21T19:26:06.054018-03:00,12
2026-02-21T19:51:39.566392-03:00,9
2026-02-21T20:26:14.337802-03:00,7
2026-02-21T20:47:55.801295-03:00,10
2026-02-21T20:59:47.425387-03:00,6
2026-02-21T23:55:58.759314-03:00,4
2026-02-22T01:51:12.052583-03:00,2
2026-02-22T02:52:14.208971-03:00,2
2026-02-22T03:50:54.048407-03:00,2
2026-02-22T04:36:17.144189-03:00,9
2026-02-22T04:58:25.834817-03:00,2
2026-02-22T05:43:42.443403-03:00,2
2026-02-22T06:15:08.594171-03:00,9
2026-02-22T06:48:46.933108-03:00,9
2026-02-22T07:11:30.778222-03:00,9
2026-02-22T07:47:04.911089-03:00,9
2026-02-22T08:02:27.862048-03:00,9
2026-02-22T08:33:30.934322-03:00,9
2026-02-22T08:52:06.669163-03:00,9
2026-02-22T09:52:54.646463-03:00,3
2026-02-22T10:44:35.283632-03:00,1
2026-02-22T11:47:10.370265-03:00,2
2026-02-22T12:11:48.200517-03:00,1
2026-02-22T12:43:59.509179-03:00,3
2026-02-22T13:00:33.459007-03:00,3
2026-02-22T13:47:04.567282-03:00,6
2026-02-22T14:13:19.519227-03:00,3
2026-02-22T14:45:48.693308-03:00,6
2026-02-22T15:00:07.921091-03:00,7
2026-02-22T15:50:20.984416-03:00,8
2026-02-22T16:25:52.726800-03:00,7
2026-02-22T16:46:26.113646-03:00,9
2026-02-22T16:58:07.491889-03:00,9
2026-02-22T17:36:56.989411-03:00,7
2026-02-22T17:57:03.640418-03:00,7
2026-02-22T18:30:50.300758-03:00,6
2026-02-22T18:53:53.349551-03:00,8
2026-02-22T19:26:47.693365-03:00,5
2026-02-22T19:52:50.644937-03:00,10
2026-02-22T20:27:33.261682-03:00,4
2026-02-22T20:51:12.111877-03:00,3
2026-02-22T23:23:30.150864-03:00,7
2026-02-23T01:35:41.114860-03:00,2
2026-02-23T02:51:28.096758-03:00,4
2026-02-23T04:06:31.479973-03:00,2
2026-02-23T05:00:49.912462-03:00,9
2026-02-23T06:04:06.153687-03:00,1
2026-02-23T07:09:17.183288-03:00,9
2026-02-23T08:06:57.959207-03:00,3
2026-02-23T10:08:07.023988-03:00,1
2026-02-23T11:13:12.122184-03:00,2
2026-02-23T12:09:31.506346-03:00,2
2026-02-23T13:02:25.867601-03:00,7
2026-02-23T14:15:05.976828-03:00,7
2026-02-23T15:13:47.563223-03:00,7
2026-02-23T16:34:28.080310-03:00,13
2026-02-23T17:22:28.636344-03:00,9
2026-02-23T18:10:36.410208-03:00,8
2026-02-23T19:04:39.449650-03:00,8
2026-02-23T19:58:21.665923-03:00,8
2026-02-23T20:40:02.916618-03:00,5
2026-02-23T21:00:19.167421-03:00,4
2026-02-23T23:53:26.622297-03:00,3
2026-02-24T01:52:40.522377-03:00,6
2026-02-24T02:59:54.557194-03:00,4
2026-02-24T04:12:48.579131-03:00,6
2026-02-24T05:02:18.709252-03:00,6
2026-02-24T06:04:51.821755-03:00,6
2026-02-24T07:06:20.517197-03:00,6
2026-02-24T08:04:50.887079-03:00,6
2026-02-24T10:09:14.201723-03:00,6
2026-02-24T11:15:59.811335-03:00,3
2026-02-24T12:12:25.379560-03:00,3
2026-02-24T13:16:16.048041-03:00,6
2026-02-24T14:31:16.012734-03:00,8
2026-02-24T15:35:26.131194-03:00,11
2026-02-24T16:36:36.611313-03:00,12
2026-02-24T17:02:42.593629-03:00,6
2026-02-24T17:53:15.747009-03:00,9
2026-02-24T18:36:40.327526-03:00,10
2026-02-24T19:03:32.139197-03:00,10
2026-02-24T20:33:26.429502-03:00,11
2026-02-24T20:59:48.318288-03:00,6
2026-02-24T23:54:28.907080-03:00,6
2026-02-25T01:53:17.601863-03:00,10
2026-02-25T03:01:31.358140-03:00,4
2026-02-25T04:15:25.123348-03:00,10
2026-02-25T05:03:40.123997-03:00,10
2026-02-25T06:04:44.228728-03:00,1
2026-02-25T07:08:37.768666-03:00,10
2026-02-25T08:08:34.180273-03:00,10
2026-02-25T08:53:11.026524-03:00,10
2026-02-25T10:07:59.998621-03:00,2
2026-02-25T11:14:38.984097-03:00,1
2026-02-25T12:12:37.283879-03:00,4
2026-02-25T13:36:49.882069-03:00,7
2026-02-25T14:40:55.245113-03:00,7
2026-02-25T15:43:07.476289-03:00,7
2026-02-25T16:41:33.944405-03:00,10
2026-02-25T17:21:18.111471-03:00,9
2026-02-25T18:02:13.003641-03:00,13
2026-02-25T18:47:42.563890-03:00,10
2026-02-25T19:16:23.623258-03:00,13
2026-02-25T20:29:38.441265-03:00,5
2026-02-25T20:55:38.118199-03:00,7
2026-02-25T23:22:00.955080-03:00,2
2026-02-26T01:27:56.875312-03:00,3
2026-02-26T02:41:54.844984-03:00,11
2026-02-26T03:40:52.340944-03:00,2
2026-02-26T04:40:36.233086-03:00,1
2026-02-26T05:29:17.761764-03:00,11
2026-02-26T06:28:15.935022-03:00,2
2026-02-26T07:25:39.964308-03:00,1
2026-02-26T08:12:35.861436-03:00,1
2026-02-26T08:56:46.959004-03:00,11
2026-02-26T10:19:06.194986-03:00,1
2026-02-26T11:15:53.084898-03:00,1
2026-02-26T12:09:08.485126-03:00,2
2026-02-26T13:06:42.911000-03:00,5
2026-02-26T14:16:05.757529-03:00,7
2026-02-26T15:06:56.170815-03:00,10
2026-02-26T16:53:23.963087-03:00,8
2026-02-26T17:39:09.913766-03:00,10
2026-02-26T18:18:42.872766-03:00,7
2026-02-26T18:49:04.451738-03:00,4
2026-02-26T19:18:54.687889-03:00,6
2026-02-26T19:57:03.429019-03:00,7
2026-02-26T20:36:38.434392-03:00,7
2026-02-26T20:59:02.959296-03:00,7
2026-02-26T23:47:04.771261-03:00,4
2026-02-27T01:27:29.980083-03:00,7
2026-02-27T02:37:01.783608-03:00,7
2026-02-27T03:31:27.194804-03:00,2
2026-02-27T04:32:07.165935-03:00,7
2026-02-27T05:06:10.911628-03:00,7
2026-02-27T05:58:14.944310-03:00,7
2026-02-27T06:53:58.331201-03:00,7
2026-02-27T07:39:19.589437-03:00,7
2026-02-27T08:20:12.013020-03:00,7
2026-02-27T08:49:59.421793-03:00,1
2026-02-27T09:27:51.612955-03:00,7
2026-02-27T10:40:25.386226-03:00,1
2026-02-27T11:28:33.419690-03:00,2
2026-02-27T12:09:37.168415-03:00,3
2026-02-27T12:52:26.286350-03:00,4
2026-02-27T13:41:54.498178-03:00,4
2026-02-27T14:21:57.229529-03:00,4
2026-02-27T15:00:59.676975-03:00,12
2026-02-27T16:01:05.431282-03:00,8
2026-02-27T16:45:30.911760-03:00,7
2026-02-27T17:02:21.484119-03:00,4
2026-02-27T17:43:44.653245-03:00,11
2026-02-27T18:14:10.939589-03:00,13
2026-02-27T18:46:27.590939-03:00,14
2026-02-27T19:00:36.125512-03:00,12
2026-02-27T19:40:00.098939-03:00,9
2026-02-27T19:58:19.841836-03:00,10
2026-02-27T20:33:20.411661-03:00,8
2026-02-27T20:54:12.649440-03:00,5
2026-02-28T01:00:09.028389-03:00,5
2026-02-28T01:59:50.159883-03:00,1
2026-02-28T02:40:41.291005-03:00,12
2026-02-28T03:02:15.055051-03:00,3
2026-02-28T03:55:30.704483-03:00,1
2026-02-28T04:28:24.208792-03:00,12
2026-02-28T04:48:25.452910-03:00,12
2026-02-28T04:59:31.049589-03:00,12
2026-02-28T05:40:10.085990-03:00,12
2026-02-28T05:59:39.652793-03:00,12
2026-02-28T06:35:35.430287-03:00,1
2026-02-28T06:52:33.288114-03:00,12
2026-02-28T07:25:41.459904-03:00,12
2026-02-28T07:48:49.504570-03:00,12
2026-02-28T07:59:45.701099-03:00,12
2026-02-28T08:27:51.385512-03:00,2
2026-02-28T08:44:42.791797-03:00,1
2026-02-28T08:56:25.447863-03:00,2
2026-02-28T09:54:36.157371-03:00,4
2026-02-28T10:37:14.767894-03:00,2
2026-02-28T10:57:09.032125-03:00,1
2026-02-28T11:29:07.298032-03:00,2
2026-02-28T11:49:43.522717-03:00,3
2026-02-28T12:00:16.906842-03:00,2
2026-02-28T12:34:15.501768-03:00,3
2026-02-28T12:51:42.242483-03:00,1
2026-02-28T13:28:30.641337-03:00,4
2026-02-28T13:51:43.993366-03:00,4
2026-02-28T14:21:14.740318-03:00,5
2026-02-28T14:44:57.811726-03:00,4
2026-02-28T14:57:19.114758-03:00,8
2026-02-28T15:41:53.745527-03:00,10
2026-02-28T16:29:53.371844-03:00,7
2026-02-28T16:45:16.750352-03:00,7
2026-02-28T16:56:23.143181-03:00,5
2026-02-28T17:30:53.155828-03:00,7
2026-02-28T17:53:42.776383-03:00,9
2026-02-28T18:22:59.534892-03:00,10
2026-02-28T18:43:21.349287-03:00,6
2026-02-28T18:56:31.332006-03:00,8
2026-02-28T19:27:18.091882-03:00,6
2026-02-28T19:48:58.340686-03:00,6
2026-02-28T19:59:50.617439-03:00,7
2026-02-28T20:30:57.940561-03:00,7
2026-02-28T20:52:06.321447-03:00,5
2026-02-28T23:29:20.770617-03:00,3
2026-03-01T01:34:30.382435-03:00,2
2026-03-01T02:39:21.505735-03:00,1
2026-03-01T03:27:52.103769-03:00,4
2026-03-01T04:10:10.035154-03:00,12
2026-03-01T04:46:59.382301-03:00,12
2026-03-01T05:00:46.841975-03:00,12
2026-03-01T05:46:14.658446-03:00,2
2026-03-01T06:15:14.003361-03:00,2
2026-03-01T06:46:08.855602-03:00,12
2026-03-01T06:59:44.171317-03:00,12
2026-03-01T07:35:58.993565-03:00,3
2026-03-01T07:55:15.857339-03:00,3
2026-03-01T08:21:12.809407-03:00,2
2026-03-01T08:42:43.801468-03:00,3
2026-03-01T08:56:33.060187-03:00,2
2026-03-01T09:58:26.905809-03:00,1
2026-03-01T10:42:52.768769-03:00,1
2026-03-01T11:01:15.188045-03:00,2
2026-03-01T11:38:12.890101-03:00,3
2026-03-01T11:56:12.034082-03:00,3
2026-03-01T12:27:44.609103-03:00,4
2026-03-01T12:47:55.443533-03:00,3
2026-03-01T13:00:27.313367-03:00,6
2026-03-01T13:42:54.874303-03:00,7
2026-03-01T14:02:02.284217-03:00,1
2026-03-01T14:35:13.511614-03:00,9
2026-03-01T14:52:51.239032-03:00,7
2026-03-01T15:35:40.675153-03:00,3
2026-03-01T16:00:14.901015-03:00,7
2026-03-01T16:30:30.200214-03:00,5
2026-03-01T16:50:42.842673-03:00,8
2026-03-01T17:28:51.556498-03:00,10
2026-03-01T17:52:13.818556-03:00,12
2026-03-01T18:24:51.900986-03:00,10
2026-03-01T18:45:26.479489-03:00,13
2026-03-01T18:57:37.453888-03:00,11
2026-03-01T19:32:49.032946-03:00,10
2026-03-01T19:55:09.314917-03:00,9
2026-03-01T20:25:33.028197-03:00,9
2026-03-01T20:47:13.457842-03:00,8
2026-03-01T21:00:03.111613-03:00,6
2026-03-01T23:50:07.448953-03:00,4
2026-03-02T01:29:54.214398-03:00,4
2026-03-02T02:38:30.091875-03:00,5
2026-03-02T04:36:12.262564-03:00,5
2026-03-02T05:06:15.202540-03:00,2
2026-03-02T06:00:00.101447-03:00,11
2026-03-02T07:01:50.933634-03:00,2
2026-03-02T08:00:17.063809-03:00,1
2026-03-02T08:39:53.666554-03:00,11
2026-03-02T10:20:07.803345-03:00,11
2026-03-02T11:10:46.457285-03:00,2
2026-03-02T12:02:39.752941-03:00,3
2026-03-02T12:54:14.785515-03:00,2
2026-03-02T13:51:23.134424-03:00,6
2026-03-02T14:45:37.245874-03:00,3
2026-03-02T15:27:25.861167-03:00,8
2026-03-02T16:21:41.424243-03:00,7
2026-03-02T16:56:55.676595-03:00,13
2026-03-02T17:44:13.093444-03:00,10
2026-03-02T18:19:04.581102-03:00,9
2026-03-02T18:53:21.123035-03:00,11
2026-03-02T19:55:35.121668-03:00,8
2026-03-02T20:52:40.009178-03:00,7
2026-03-02T23:21:51.115421-03:00,4
2026-03-03T01:25:45.459768-03:00,5
2026-03-03T02:33:06.337442-03:00,2
2026-03-03T04:27:05.838376-03:00,3
2026-03-03T05:01:24.621008-03:00,2
2026-03-03T05:58:05.438115-03:00,12
2026-03-03T06:55:07.785936-03:00,12
2026-03-03T07:40:21.069864-03:00,12
2026-03-03T08:53:57.715052-03:00,2
2026-03-03T10:00:48.076085-03:00,5
2026-03-03T11:03:59.961048-03:00,4
2026-03-03T12:01:34.365972-03:00,1
2026-03-03T12:57:36.742485-03:00,6
2026-03-03T13:58:53.170005-03:00,7
2026-03-03T14:52:03.755876-03:00,7
2026-03-03T16:39:34.826816-03:00,5
2026-03-03T17:02:00.142140-03:00,12
2026-03-03T17:47:20.837103-03:00,9
2026-03-03T18:19:30.191025-03:00,12
2026-03-03T18:51:53.694337-03:00,9
2026-03-03T19:31:05.933027-03:00,9
2026-03-03T19:57:27.706725-03:00,5
2026-03-03T20:34:10.033810-03:00,9
2026-03-03T20:55:45.247104-03:00,4
2026-03-03T23:21:38.501146-03:00,5
2026-03-04T01:19:08.047652-03:00,5
2026-03-04T02:16:15.782534-03:00,5
2026-03-04T03:01:30.855466-03:00,2
2026-03-04T04:04:18.824972-03:00,4
2026-03-04T04:50:08.180097-03:00,1
2026-03-04T05:23:28.688392-03:00,1
2026-03-04T06:04:50.770071-03:00,10
2026-03-04T06:55:54.780873-03:00,2
2026-03-04T07:39:51.266828-03:00,10
2026-03-04T08:16:49.728846-03:00,10
2026-03-04T08:47:23.111653-03:00,10
2026-03-04T09:24:25.300354-03:00,1
2026-03-04T10:36:34.346780-03:00,2
2026-03-04T11:24:20.067827-03:00,10
2026-03-04T12:04:33.856819-03:00,2
2026-03-04T12:56:08.494185-03:00,5
2026-03-04T13:52:36.280711-03:00,7
2026-03-04T14:39:56.631911-03:00,5
2026-03-04T15:25:51.243786-03:00,7
2026-03-04T16:12:11.074792-03:00,8
2026-03-04T16:52:17.722923-03:00,7
2026-03-04T17:33:38.658429-03:00,11
2026-03-04T18:01:11.811828-03:00,12
2026-03-04T18:47:52.142819-03:00,5
2026-03-04T19:16:33.881675-03:00,7
2026-03-04T19:52:12.214910-03:00,8
2026-03-04T20:31:26.045244-03:00,4
2026-03-04T20:56:54.679520-03:00,4
2026-03-04T23:36:45.015681-03:00,3
2026-03-05T01:24:54.240197-03:00,2
2026-03-05T02:31:24.912820-03:00,9
2026-03-05T03:29:12.503225-03:00,9
2026-03-05T04:26:31.069234-03:00,9
2026-03-05T05:00:48.572684-03:00,4
2026-03-05T05:58:56.681754-03:00,9
2026-03-05T06:56:19.283854-03:00,9
2026-03-05T07:45:43.607301-03:00,1
2026-03-05T08:22:42.576338-03:00,9
2026-03-05T08:55:42.351223-03:00,9
2026-03-05T10:05:46.695801-03:00,9
2026-03-05T11:05:36.711599-03:00,3
2026-03-05T12:02:37.730396-03:00,3
2026-03-05T12:59:50.396337-03:00,1
2026-03-05T15:13:56.950894-03:00,5
2026-03-05T16:37:31.787876-03:00,8
2026-03-05T17:19:58.227614-03:00,5
2026-03-05T17:56:19.956068-03:00,14
2026-03-05T18:39:37.374645-03:00,8
2026-03-05T19:02:09.292300-03:00,11
2026-03-05T20:22:29.224200-03:00,4
2026-03-05T21:01:28.779270-03:00,8
2026-03-05T23:49:18.912543-03:00,2
2026-03-06T01:24:22.720824-03:00,10
2026-03-06T02:31:30.740870-03:00,10
2026-03-06T03:27:29.092594-03:00,10
2026-03-06T04:23:53.381680-03:00,10
2026-03-06T04:57:48.685042-03:00,2
2026-03-06T05:50:51.424442-03:00,3
2026-03-06T06:40:14.260967-03:00,2
2026-03-06T07:18:34.196885-03:00,1
2026-03-06T07:58:33.561917-03:00,2
2026-03-06T08:37:18.988175-03:00,2
2026-03-06T08:57:34.122527-03:00,2
2026-03-06T10:13:45.086309-03:00,10
2026-03-06T11:02:45.274315-03:00,2
2026-03-06T12:38:52.830239-03:00,3
2026-03-06T13:05:30.783399-03:00,4
2026-03-06T13:57:38.164710-03:00,7
2026-03-06T14:41:51.397046-03:00,8
2026-03-06T15:28:25.648934-03:00,10
2026-03-06T16:11:17.346341-03:00,13
2026-03-06T16:50:14.044358-03:00,12
2026-03-06T17:17:55.052597-03:00,6
2026-03-06T17:50:52.801793-03:00,11
2026-03-06T18:30:50.372240-03:00,15
2026-03-06T18:56:22.036617-03:00,8
2026-03-06T19:33:20.610195-03:00,6
2026-03-06T19:59:27.749764-03:00,8
2026-03-06T20:36:22.895216-03:00,6
2026-03-06T20:55:44.094706-03:00,5
2026-03-06T23:08:41.168381-03:00,7
2026-03-07T01:07:08.100625-03:00,5
2026-03-07T02:06:59.022573-03:00,3
2026-03-07T02:50:51.433246-03:00,3
2026-03-07T03:42:43.713882-03:00,12
2026-03-07T04:18:07.488549-03:00,12
2026-03-07T04:44:55.977915-03:00,12
2026-03-07T04:58:46.233919-03:00,12
2026-03-07T05:42:15.706114-03:00,12
2026-03-07T06:14:03.086847-03:00,3
2026-03-07T06:45:50.966319-03:00,2
2026-03-07T06:59:21.317725-03:00,2
2026-03-07T07:34:29.585965-03:00,12
2026-03-07T07:54:25.955186-03:00,4
2026-03-07T08:20:57.500049-03:00,1
2026-03-07T08:43:08.704613-03:00,5
2026-03-07T08:56:38.707893-03:00,2
2026-03-07T10:42:21.704518-03:00,11
2026-03-07T11:00:59.547322-03:00,4
2026-03-07T11:37:46.362385-03:00,9
2026-03-07T11:55:58.449805-03:00,8
2026-03-07T12:27:12.677484-03:00,12
2026-03-07T12:47:22.064189-03:00,9
2026-03-07T12:59:49.416684-03:00,5
2026-03-07T13:39:05.328584-03:00,6
2026-03-07T14:28:51.004265-03:00,9
2026-03-07T14:48:25.205732-03:00,8
2026-03-07T14:59:20.061460-03:00,4
2026-03-07T15:47:56.724737-03:00,9
2026-03-07T16:10:28.641398-03:00,9
2026-03-07T16:38:07.178007-03:00,4
2026-03-07T16:51:31.176173-03:00,4
2026-03-07T17:27:26.589182-03:00,1
2026-03-07T17:50:08.364808-03:00,8
2026-03-07T18:09:39.872861-03:00,6
2026-03-07T18:34:02.341133-03:00,5
2026-03-07T18:51:00.499743-03:00,9
2026-03-07T19:25:00.803630-03:00,12
2026-03-07T19:49:00.101876-03:00,8
2026-03-07T20:01:01.105200-03:00,8
2026-03-07T20:34:09.642904-03:00,8
2026-03-07T20:52:56.612572-03:00,10
2026-03-07T23:13:40.760920-03:00,8
2026-03-08T01:21:02.788543-03:00,1
2026-03-08T02:29:02.703240-03:00,3
2026-03-08T03:05:07.361305-03:00,4
2026-03-08T03:58:51.530275-03:00,1
2026-03-08T04:37:25.071589-03:00,2
2026-03-08T04:55:50.381411-03:00,2
2026-03-08T05:35:16.562269-03:00,2
2026-03-08T05:59:33.525525-03:00,4
2026-03-08T06:38:50.328373-03:00,1
2026-03-08T06:57:06.161214-03:00,3
2026-03-08T07:32:01.676605-03:00,4
2026-03-08T07:55:44.997082-03:00,2
2026-03-08T08:23:09.818984-03:00,2
2026-03-08T08:44:22.845658-03:00,3
2026-03-08T08:57:42.217046-03:00,2
2026-03-08T10:05:21.143367-03:00,1
2026-03-08T10:47:52.155101-03:00,2
2026-03-08T11:11:44.135318-03:00,1
2026-03-08T11:44:56.208629-03:00,3
2026-03-08T12:00:45.250300-03:00,2
2026-03-08T12:35:46.054543-03:00,3
2026-03-08T12:52:56.449408-03:00,4
2026-03-08T13:30:38.025454-03:00,5
2026-03-08T13:57:20.515217-03:00,4
2026-03-08T14:29:33.357030-03:00,9
2026-03-08T14:51:03.646610-03:00,5
2026-03-08T15:36:28.069235-03:00,9
2026-03-08T16:01:34.802010-03:00,10
2026-03-08T16:33:18.194034-03:00,4
2026-03-08T16:51:26.572338-03:00,7
2026-03-08T17:28:25.493705-03:00,14
2026-03-08T17:52:03.365829-03:00,11
2026-03-08T18:25:31.938017-03:00,9
2026-03-08T18:47:10.352174-03:00,7
2026-03-08T18:58:55.831853-03:00,8
2026-03-08T19:34:28.477303-03:00,4
2026-03-08T19:55:07.330166-03:00,8
2026-03-08T20:26:00.362697-03:00,4
2026-03-08T20:47:47.543633-03:00,1
2026-03-08T21:00:19.199832-03:00,4
2026-03-08T23:54:30.318062-03:00,4
2026-03-09T01:52:24.365720-03:00,1
2026-03-09T02:58:35.452542-03:00,10
2026-03-09T04:13:20.708316-03:00,2
2026-03-09T04:59:11.911413-03:00,10
2026-03-09T05:57:07.658454-03:00,1
2026-03-09T06:59:31.644488-03:00,10
2026-03-09T07:55:44.909180-03:00,10
2026-03-09T08:35:58.959810-03:00,10
2026-03-09T09:00:06.236289-03:00,10
2026-03-09T11:29:37.645836-03:00,2
2026-03-09T12:33:16.726541-03:00,1
2026-03-09T13:36:44.876050-03:00,5
2026-03-09T14:31:08.890844-03:00,2
2026-03-09T15:28:27.521862-03:00,7
2026-03-09T16:24:03.569915-03:00,1
2026-03-09T16:57:19.038798-03:00,9
2026-03-09T17:41:48.265092-03:00,7
2026-03-09T18:17:43.416525-03:00,8
2026-03-09T18:50:12.858216-03:00,6
2026-03-09T19:15:49.606442-03:00,6
2026-03-09T19:49:11.638522-03:00,6
2026-03-09T20:14:57.827468-03:00,5
2026-03-09T20:45:30.085060-03:00,5
2026-03-09T20:59:42.481359-03:00,5
2026-03-09T23:45:19.204826-03:00,3
2026-03-10T01:24:32.214299-03:00,5
2026-03-10T02:32:10.318367-03:00,5
2026-03-10T04:25:00.585542-03:00,5
2026-03-10T05:00:01.979175-03:00,5
2026-03-10T05:56:50.800313-03:00,5
2026-03-10T06:52:43.581781-03:00,5
2026-03-10T07:40:43.034893-03:00,5
2026-03-10T08:21:33.829404-03:00,5
2026-03-10T08:54:46.014853-03:00,5
2026-03-10T10:03:49.067475-03:00,1
2026-03-10T11:06:36.944048-03:00,1
2026-03-10T12:07:29.092614-03:00,1
2026-03-10T13:15:41.575424-03:00,2
2026-03-10T14:10:53.383616-03:00,6
2026-03-10T15:03:24.814796-03:00,9
2026-03-10T16:05:48.916242-03:00,6
2026-03-10T16:49:13.917029-03:00,6
2026-03-10T17:18:32.328188-03:00,10
2026-03-10T17:53:25.966575-03:00,5
2026-03-10T18:30:12.584870-03:00,12
2026-03-10T18:53:31.704928-03:00,10
2026-03-10T19:29:42.223437-03:00,7
2026-03-10T19:56:26.366765-03:00,8
2026-03-10T20:32:21.389170-03:00,7
2026-03-10T20:55:30.386964-03:00,4
2026-03-10T23:08:22.862631-03:00,6
2026-03-11T01:17:57.264459-03:00,2
2026-03-11T02:29:22.869988-03:00,1
2026-03-11T03:09:12.692226-03:00,9
2026-03-11T04:11:31.771294-03:00,9
2026-03-11T04:56:52.291926-03:00,4
2026-03-11T05:51:52.013049-03:00,5
2026-03-11T06:44:01.426403-03:00,3
2026-03-11T07:24:44.278882-03:00,9
2026-03-11T08:06:35.466851-03:00,9
2026-03-11T08:46:45.117010-03:00,2
2026-03-11T09:27:14.564939-03:00,1
2026-03-11T10:45:45.410183-03:00,2
2026-03-11T11:36:08.757919-03:00,4
2026-03-11T12:28:41.140713-03:00,5
2026-03-11T13:28:45.981618-03:00,4
2026-03-11T14:28:44.288918-03:00,5
2026-03-11T15:28:51.534633-03:00,5
2026-03-11T16:25:55.456356-03:00,7
2026-03-11T16:58:16.621463-03:00,8
2026-03-11T17:41:42.693748-03:00,8
2026-03-11T18:16:43.281119-03:00,6
2026-03-11T18:50:13.811188-03:00,12
2026-03-11T19:16:00.188271-03:00,10
2026-03-11T19:44:33.704522-03:00,7
2026-03-11T20:00:51.059555-03:00,10
2026-03-11T20:37:38.035984-03:00,5
2026-03-11T20:57:31.007627-03:00,5
2026-03-11T23:44:40.877228-03:00,4
2026-03-12T01:27:36.708425-03:00,3
2026-03-12T02:36:30.325144-03:00,1
2026-03-12T03:32:52.866829-03:00,7
2026-03-12T04:32:22.734494-03:00,7
2026-03-12T05:05:48.621482-03:00,7
2026-03-12T05:59:39.082140-03:00,7
2026-03-12T06:55:53.908970-03:00,7
2026-03-12T07:42:03.483219-03:00,7
2026-03-12T08:22:17.513311-03:00,7
2026-03-12T08:49:09.286313-03:00,7
2026-03-12T09:26:50.018380-03:00,1
2026-03-12T10:42:56.344338-03:00,4
2026-03-12T11:36:09.083022-03:00,1
2026-03-12T12:39:08.410195-03:00,2
2026-03-12T13:41:36.227466-03:00,7
2026-03-12T14:36:42.825655-03:00,9
2026-03-12T15:30:42.493881-03:00,10
2026-03-12T16:27:46.611265-03:00,8
2026-03-12T17:00:04.676803-03:00,8
2026-03-12T17:48:26.185657-03:00,6
2026-03-12T18:19:36.442445-03:00,7
2026-03-12T18:51:48.124511-03:00,8
2026-03-12T19:28:04.683042-03:00,8
2026-03-12T19:55:11.843448-03:00,4
2026-03-12T20:29:47.339781-03:00,5
2026-03-12T20:53:02.607955-03:00,1
2026-03-12T23:10:08.677511-03:00,4
2026-03-13T01:20:46.596920-03:00,5
2026-03-13T02:32:51.739586-03:00,8
2026-03-13T03:30:52.695203-03:00,2
2026-03-13T04:31:00.153421-03:00,3
2026-03-13T05:05:37.991819-03:00,1
2026-03-13T05:56:48.320080-03:00,2
2026-03-13T06:47:15.811266-03:00,8
2026-03-13T07:21:07.385912-03:00,3
2026-03-13T08:04:05.997289-03:00,3
2026-03-13T08:43:15.165294-03:00,8
2026-03-13T09:24:45.697145-03:00,2
2026-03-13T10:39:07.648710-03:00,2
2026-03-13T11:27:17.797086-03:00,3
2026-03-13T12:10:34.246038-03:00,2
2026-03-13T12:59:04.638025-03:00,6
2026-03-13T13:52:50.900238-03:00,8
2026-03-13T14:35:47.261441-03:00,11
2026-03-13T15:03:20.291355-03:00,11
2026-03-13T15:59:02.837934-03:00,14
2026-03-13T16:39:10.688068-03:00,9
2026-03-13T17:01:07.505923-03:00,8
2026-03-13T17:51:12.168172-03:00,6
2026-03-13T18:34:40.219774-03:00,10
2026-03-13T18:59:39.644524-03:00,9
2026-03-13T19:37:51.230953-03:00,11
2026-03-13T19:59:36.841237-03:00,8
2026-03-13T20:38:10.273787-03:00,4
2026-03-13T20:58:45.404429-03:00,3
2026-03-13T23:45:46.381424-03:00,5
2026-03-14T01:24:51.836095-03:00,3
2026-03-14T02:31:23.799604-03:00,2
2026-03-14T03:27:21.550177-03:00,3
2026-03-14T04:21:22.034961-03:00,4
2026-03-14T04:55:47.812725-03:00,12
2026-03-14T05:38:47.126805-03:00,4
2026-03-14T06:47:36.056229-03:00,2
2026-03-14T07:13:21.998906-03:00,12
2026-03-14T07:49:00.592944-03:00,12
2026-03-14T08:12:08.322651-03:00,12
2026-03-14T08:41:16.310802-03:00,12
2026-03-14T08:59:44.939817-03:00,12
2026-03-14T10:11:38.309365-03:00,3
2026-03-14T10:55:21.320788-03:00,1
2026-03-14T11:29:51.929763-03:00,2
2026-03-14T11:57:13.429598-03:00,4
2026-03-14T12:34:08.842530-03:00,5
2026-03-14T12:55:29.608143-03:00,8
2026-03-14T13:34:46.450270-03:00,10
2026-03-14T14:00:48.278907-03:00,8
2026-03-14T14:40:47.523255-03:00,4
2026-03-14T15:00:54.979013-03:00,7
2026-03-14T15:56:09.296700-03:00,10
2026-03-14T16:29:37.951230-03:00,8
2026-03-14T16:50:26.880604-03:00,4
2026-03-14T17:30:09.500807-03:00,3
2026-03-14T17:55:24.516751-03:00,11
2026-03-14T18:28:12.623587-03:00,8
2026-03-14T18:50:44.794744-03:00,10
2026-03-14T19:27:51.771714-03:00,5
2026-03-14T19:54:55.378354-03:00,5
2026-03-14T20:29:31.953359-03:00,5
2026-03-14T20:53:41.929443-03:00,6
2026-03-14T23:33:19.030933-03:00,4
2026-03-15T01:55:46.193485-03:00,4
2026-03-15T03:05:32.325625-03:00,9
2026-03-15T04:12:05.379303-03:00,3
2026-03-15T04:55:26.034330-03:00,9
2026-03-15T05:38:58.365346-03:00,9
2026-03-15T06:05:50.279952-03:00,3
2026-03-15T06:48:02.177036-03:00,4
2026-03-15T07:15:22.059467-03:00,3
2026-03-15T07:52:05.613188-03:00,1
2026-03-15T08:27:57.744680-03:00,1
2026-03-15T08:50:38.781805-03:00,1
2026-03-15T09:56:07.068033-03:00,1
2026-03-15T10:50:32.096231-03:00,1
2026-03-15T11:31:31.832809-03:00,2
2026-03-15T11:59:33.674547-03:00,3
2026-03-15T12:38:00.792832-03:00,4
2026-03-15T12:58:47.295646-03:00,1
2026-03-15T13:42:48.115109-03:00,6
2026-03-15T14:13:26.112759-03:00,7
2026-03-15T14:47:36.927956-03:00,4
2026-03-15T15:18:41.341778-03:00,7
2026-03-15T16:00:35.056965-03:00,6
2026-03-15T16:38:36.135233-03:00,5
2026-03-15T16:56:15.962292-03:00,4
2026-03-15T17:34:41.896336-03:00,7
2026-03-15T17:58:48.325772-03:00,7
2026-03-15T18:36:08.648269-03:00,5
2026-03-15T18:56:06.393874-03:00,13
2026-03-15T19:32:22.833845-03:00,13
2026-03-15T19:59:35.207818-03:00,7
2026-03-15T20:38:23.718844-03:00,3
2026-03-15T20:58:55.430440-03:00,4
2026-03-16T00:28:11.796908-03:00,2
2026-03-16T02:29:35.079643-03:00,2
2026-03-16T03:54:34.701141-03:00,9
2026-03-16T05:07:58.809085-03:00,9
2026-03-16T06:12:08.525435-03:00,9
2026-03-16T07:17:33.733985-03:00,1
2026-03-16T08:14:11.140593-03:00,9
2026-03-16T09:00:22.068851-03:00,9
2026-03-16T10:48:28.893601-03:00,1
2026-03-16T11:51:37.872634-03:00,3
2026-03-16T13:05:40.783565-03:00,3
2026-03-16T14:15:55.545688-03:00,5
2026-03-16T15:11:46.279096-03:00,6
2026-03-16T16:31:16.396267-03:00,1
2026-03-16T17:03:58.625487-03:00,15
2026-03-16T17:55:02.703343-03:00,9
2026-03-16T18:41:22.544514-03:00,7
2026-03-16T19:19:16.156610-03:00,5
2026-03-16T19:54:16.584724-03:00,5
2026-03-16T20:33:31.319174-03:00,1
2026-03-16T20:57:39.510747-03:00,6
2026-03-16T23:46:48.820720-03:00,7
2026-03-17T01:31:21.774042-03:00,7
2026-03-17T02:45:07.611138-03:00,6
2026-03-17T03:45:36.968665-03:00,3
2026-03-17T04:44:06.860339-03:00,2
2026-03-17T05:35:20.799782-03:00,4
2026-03-17T06:35:59.132939-03:00,14
2026-03-17T07:31:23.426641-03:00,14
2026-03-17T08:27:37.506835-03:00,14
2026-03-17T09:04:33.826938-03:00,14
2026-03-17T10:48:39.981533-03:00,2
2026-03-17T11:45:38.262048-03:00,2
2026-03-17T12:47:19.820691-03:00,3
2026-03-17T13:49:04.388217-03:00,4
2026-03-17T14:48:12.134886-03:00,8
2026-03-17T15:41:01.550309-03:00,5
2026-03-17T16:44:25.942557-03:00,5
2026-03-17T17:24:13.291282-03:00,10
2026-03-17T18:04:45.313884-03:00,6
2026-03-17T18:52:31.454987-03:00,12
2026-03-17T19:35:03.794222-03:00,7
2026-03-17T20:04:01.515585-03:00,6
2026-03-17T20:45:37.432082-03:00,4
2026-03-17T21:58:20.263282-03:00,4
2026-03-18T00:44:44.568902-03:00,2
2026-03-18T02:18:40.148845-03:00,9
2026-03-18T03:35:33.541154-03:00,9
2026-03-18T04:38:15.297252-03:00,1
2026-03-18T05:28:10.355697-03:00,1
2026-03-18T06:30:11.492934-03:00,9
2026-03-18T07:31:02.986306-03:00,9
2026-03-18T08:29:34.011643-03:00,9
2026-03-18T09:06:52.740176-03:00,9
2026-03-18T10:51:24.320197-03:00,3
2026-03-18T12:03:51.383189-03:00,2
2026-03-18T13:16:16.023798-03:00,5
2026-03-18T14:31:27.688810-03:00,5
2026-03-18T15:33:34.747584-03:00,6
2026-03-18T16:33:58.385812-03:00,11
2026-03-18T17:04:11.041038-03:00,9
2026-03-18T17:53:50.882619-03:00,11
2026-03-18T18:36:25.497074-03:00,13
2026-03-18T19:01:54.454700-03:00,10
2026-03-18T19:47:10.959258-03:00,5
2026-03-18T20:17:30.165827-03:00,5
2026-03-18T20:46:45.735999-03:00,12
2026-03-18T21:57:59.495241-03:00,6
2026-03-19T00:44:04.608386-03:00,4
2026-03-19T02:14:53.478080-03:00,2
2026-03-19T03:12:44.490134-03:00,11
2026-03-19T04:59:10.512349-03:00,11
2026-03-19T06:50:38.969151-03:00,3
2026-03-19T07:41:24.316835-03:00,1
2026-03-19T08:23:48.972416-03:00,11
2026-03-19T10:23:48.768576-03:00,2
2026-03-19T11:28:12.397883-03:00,2
2026-03-19T12:25:20.648973-03:00,1
2026-03-19T13:29:51.260994-03:00,4
2026-03-19T14:34:52.721920-03:00,12
2026-03-19T15:30:13.948363-03:00,8
2026-03-19T16:29:33.944741-03:00,10
2026-03-19T17:02:15.813709-03:00,11
2026-03-19T17:53:52.045781-03:00,8
2026-03-19T18:36:55.579846-03:00,8
2026-03-19T19:39:45.990697-03:00,5
2026-03-19T20:02:31.918959-03:00,7
2026-03-19T20:42:11.484616-03:00,7
2026-03-19T21:02:17.777576-03:00,6
2026-03-19T23:52:12.722764-03:00,4
2026-03-20T01:47:29.128101-03:00,4
2026-03-20T02:41:32.974329-03:00,4
2026-03-20T03:36:57.623534-03:00,3
2026-03-20T04:34:02.377364-03:00,2
2026-03-20T05:05:44.172882-03:00,1
2026-03-20T05:58:05.646012-03:00,1
2026-03-20T06:53:59.606866-03:00,1
2026-03-20T07:39:31.075529-03:00,1
2026-03-20T08:18:05.438318-03:00,1
2026-03-20T08:48:32.543811-03:00,10
2026-03-20T09:26:52.832740-03:00,1
2026-03-20T10:41:26.936244-03:00,3
2026-03-20T11:32:22.100347-03:00,2
2026-03-20T12:25:48.007657-03:00,6
2026-03-20T13:05:47.383154-03:00,6
2026-03-20T13:59:40.035918-03:00,6
2026-03-20T14:46:33.489825-03:00,11
2026-03-20T15:26:51.477646-03:00,7
2026-03-20T16:20:47.636535-03:00,13
2026-03-20T16:55:32.423294-03:00,9
2026-03-20T17:35:26.130200-03:00,10
2026-03-20T18:01:20.017904-03:00,7
2026-03-20T18:42:51.781007-03:00,4
2026-03-20T19:01:39.539448-03:00,7
2026-03-20T19:35:15.328251-03:00,2
2026-03-20T19:46:21.877426-03:00,2
2026-03-20T20:15:04.616457-03:00,1
2026-03-20T20:46:09.701749-03:00,2
2026-03-20T21:01:45.611405-03:00,3
2026-03-20T23:45:44.174718-03:00,3
2026-03-21T01:20:27.339203-03:00,4
2026-03-21T02:27:11.093242-03:00,3
2026-03-21T03:02:21.605003-03:00,5
2026-03-21T04:00:51.508196-03:00,2
2026-03-21T04:44:22.637082-03:00,4
2026-03-21T05:00:56.373829-03:00,4
2026-03-21T05:49:00.202707-03:00,3
2026-03-21T06:18:11.138646-03:00,1
2026-03-21T06:49:31.597222-03:00,9
2026-03-21T07:12:46.184105-03:00,9
2026-03-21T07:47:46.730020-03:00,9
2026-03-21T08:11:17.659030-03:00,9
2026-03-21T08:39:49.521999-03:00,9
2026-03-21T08:55:21.942534-03:00,9
2026-03-21T09:53:04.672033-03:00,2
2026-03-21T10:43:00.289549-03:00,3
2026-03-21T11:13:25.501210-03:00,2
2026-03-21T11:47:29.444980-03:00,1
2026-03-21T12:12:30.967192-03:00,2
2026-03-21T12:43:54.404932-03:00,3
2026-03-21T13:01:00.930523-03:00,2
2026-03-21T13:46:10.798759-03:00,4
2026-03-21T14:13:08.726948-03:00,4
2026-03-21T14:45:06.889865-03:00,5
2026-03-21T15:00:55.592315-03:00,5
2026-03-21T15:52:46.255020-03:00,7
2026-03-21T16:25:55.323534-03:00,7
2026-03-21T16:46:17.584709-03:00,5
2026-03-21T16:58:30.497182-03:00,6
2026-03-21T17:37:07.079679-03:00,7
2026-03-21T17:56:53.157444-03:00,6
2026-03-21T18:30:50.557495-03:00,6
2026-03-21T18:53:43.582574-03:00,9
2026-03-21T19:27:03.247496-03:00,4
2026-03-21T19:52:23.120718-03:00,6
2026-03-21T20:27:02.091660-03:00,7
2026-03-21T20:49:14.329480-03:00,6
2026-03-21T21:59:04.429116-03:00,4
2026-03-22T00:43:00.236025-03:00,3
2026-03-22T02:12:25.038100-03:00,4
2026-03-22T03:08:16.448139-03:00,1
2026-03-22T04:07:33.568580-03:00,3
2026-03-22T04:49:08.235801-03:00,9
2026-03-22T05:18:14.432430-03:00,2
2026-03-22T05:54:03.479522-03:00,3
2026-03-22T06:34:24.408316-03:00,5
2026-03-22T06:58:22.239250-03:00,5
2026-03-22T07:37:54.040252-03:00,2
2026-03-22T07:59:30.303948-03:00,3
2026-03-22T08:32:39.013827-03:00,9
2026-03-22T08:53:48.306912-03:00,9
2026-03-22T09:54:47.384691-03:00,9
2026-03-22T10:45:12.961837-03:00,2
2026-03-22T11:14:47.494883-03:00,2
2026-03-22T11:48:28.658268-03:00,2
2026-03-22T12:13:11.893787-03:00,1
2026-03-22T12:44:12.691902-03:00,2
2026-03-22T13:00:40.221845-03:00,1
2026-03-22T13:46:26.808373-03:00,3
2026-03-22T14:12:38.199940-03:00,5
2026-03-22T14:45:05.713934-03:00,4
2026-03-22T15:01:04.432429-03:00,4
2026-03-22T15:54:05.802544-03:00,4
2026-03-22T16:26:53.888699-03:00,3
2026-03-22T16:47:39.248162-03:00,3
2026-03-22T16:59:28.872155-03:00,3
2026-03-22T17:39:14.517197-03:00,9
2026-03-22T17:59:15.964866-03:00,9
2026-03-22T18:34:50.821316-03:00,4
2026-03-22T18:55:00.931779-03:00,1
2026-03-22T19:27:39.196121-03:00,4
2026-03-22T19:54:20.826145-03:00,1
2026-03-22T20:29:30.817281-03:00,3
2026-03-22T20:54:33.671291-03:00,3
2026-03-22T23:26:45.202311-03:00,2
2026-03-23T01:40:48.840439-03:00,5
2026-03-23T03:01:18.339499-03:00,3
2026-03-23T04:37:52.803650-03:00,1
2026-03-23T05:33:45.276523-03:00,5
2026-03-23T06:43:12.046590-03:00,5
2026-03-23T07:38:51.631050-03:00,5
2026-03-23T08:30:08.423189-03:00,5
2026-03-23T09:05:52.740892-03:00,5
2026-03-23T10:47:07.160782-03:00,1
2026-03-23T11:44:13.553016-03:00,1
2026-03-23T12:45:03.278365-03:00,1
2026-03-23T13:38:44.307967-03:00,1
2026-03-23T14:34:52.377243-03:00,1
2026-03-23T15:29:43.445071-03:00,8
2026-03-23T16:30:25.353535-03:00,9
2026-03-23T17:07:42.600488-03:00,5
2026-03-23T17:53:54.624800-03:00,5
2026-03-23T18:38:18.022056-03:00,7
2026-03-23T19:01:31.239296-03:00,7
2026-03-23T19:50:36.147579-03:00,5
2026-03-23T20:34:01.283129-03:00,4
2026-03-23T20:58:47.136971-03:00,3
2026-03-23T23:50:16.623406-03:00,11
2026-03-24T01:54:22.094541-03:00,1
2026-03-24T03:00:34.210042-03:00,2
2026-03-24T04:17:38.315152-03:00,4
2026-03-24T05:04:28.320294-03:00,4
2026-03-24T06:06:19.357096-03:00,4
2026-03-24T07:07:21.345283-03:00,4
2026-03-24T08:07:58.977705-03:00,4
2026-03-24T08:55:39.900347-03:00,4
2026-03-24T10:17:25.236132-03:00,4
2026-03-24T11:37:39.949881-03:00,3
2026-03-24T13:43:47.336005-03:00,4
2026-03-24T14:42:54.357547-03:00,10
2026-03-24T15:42:12.722254-03:00,10
2026-03-24T16:43:24.763568-03:00,10
2026-03-24T17:26:32.542530-03:00,13
2026-03-24T18:05:42.600593-03:00,6
2026-03-24T18:51:06.675304-03:00,6
2026-03-24T19:33:34.607299-03:00,9
2026-03-24T20:01:56.101561-03:00,7
2026-03-24T20:44:38.940993-03:00,3
2026-03-24T21:57:06.593553-03:00,2
2026-03-25T00:40:15.852730-03:00,6
2026-03-25T02:15:27.981816-03:00,3
2026-03-25T03:15:53.583801-03:00,1
2026-03-25T04:31:35.036514-03:00,1
2026-03-25T05:27:36.989463-03:00,6
2026-03-25T06:29:44.684493-03:00,1
2026-03-25T07:28:12.424102-03:00,6
2026-03-25T08:24:08.050639-03:00,6
2026-03-25T09:02:41.376595-03:00,1
2026-03-25T10:47:21.426581-03:00,2
2026-03-25T11:47:55.830979-03:00,3
2026-03-25T12:54:27.199683-03:00,2
2026-03-25T14:03:18.469546-03:00,4
2026-03-25T15:08:14.005281-03:00,3
2026-03-25T16:10:40.680793-03:00,6
2026-03-25T16:56:18.342278-03:00,7
2026-03-25T17:42:58.327229-03:00,9
2026-03-25T18:22:46.128320-03:00,7
2026-03-25T19:01:52.160701-03:00,8
2026-03-25T19:53:49.408100-03:00,4
2026-03-25T20:36:47.707263-03:00,4
2026-03-25T21:02:55.695887-03:00,3
2026-03-26T00:25:00.909452-03:00,2
2026-03-26T02:21:07.481528-03:00,7
2026-03-26T03:44:13.314950-03:00,1
2026-03-26T04:48:12.015650-03:00,7
2026-03-26T05:37:05.103574-03:00,7
2026-03-26T06:43:09.815963-03:00,7
2026-03-26T07:38:45.130819-03:00,1
2026-03-26T08:35:55.604979-03:00,7
2026-03-26T09:38:21.245890-03:00,7
2026-03-26T11:11:20.920796-03:00,3
2026-03-26T12:44:45.164227-03:00,2
2026-03-26T13:47:27.496224-03:00,7
2026-03-26T14:46:52.444178-03:00,3
2026-03-26T15:43:31.694745-03:00,7
2026-03-26T16:45:14.297255-03:00,10
2026-03-26T17:21:11.546183-03:00,6
2026-03-26T17:59:30.179337-03:00,9
2026-03-26T18:40:02.777820-03:00,10
2026-03-26T18:59:05.556099-03:00,5
2026-03-26T19:41:40.816464-03:00,3
2026-03-26T20:14:53.751078-03:00,3
2026-03-26T20:50:51.867397-03:00,1
2026-03-26T23:32:00.218742-03:00,3
2026-03-27T01:57:01.794067-03:00,1
2026-03-27T03:14:33.635051-03:00,6
2026-03-27T04:37:07.805890-03:00,6
2026-03-27T05:28:08.262635-03:00,6
2026-03-27T06:29:29.095720-03:00,6
2026-03-27T07:25:45.048392-03:00,6
2026-03-27T08:22:48.779527-03:00,1
2026-03-27T09:02:53.429215-03:00,6
2026-03-27T10:40:46.035297-03:00,6
2026-03-27T11:40:11.665310-03:00,3
2026-03-27T12:34:39.305275-03:00,3
2026-03-27T13:32:03.171506-03:00,3
2026-03-27T14:31:11.144049-03:00,6
2026-03-27T15:32:41.040207-03:00,8
2026-03-27T16:26:48.454877-03:00,8
2026-03-27T16:59:00.995198-03:00,8
2026-03-27T17:50:49.814427-03:00,9
2026-03-27T18:36:02.173519-03:00,6
2026-03-27T19:00:33.216043-03:00,7
2026-03-27T19:50:22.867246-03:00,6
2026-03-27T20:33:55.105060-03:00,2
2026-03-27T20:57:23.442326-03:00,5
2026-03-27T23:47:33.853656-03:00,3
2026-03-28T01:45:12.692681-03:00,9
2026-03-28T02:45:40.739035-03:00,1
2026-03-28T03:40:26.577868-03:00,1
2026-03-28T04:35:44.064964-03:00,1
2026-03-28T05:04:40.806235-03:00,2
2026-03-28T05:55:13.615009-03:00,2
2026-03-28T06:38:51.352359-03:00,2
2026-03-28T07:04:55.529902-03:00,2
2026-03-28T07:49:20.111234-03:00,9
2026-03-28T08:15:52.624262-03:00,3
2026-03-28T08:45:25.815156-03:00,2
2026-03-28T09:02:13.497250-03:00,3
2026-03-28T10:17:45.698779-03:00,4
2026-03-28T11:01:50.483875-03:00,5
2026-03-28T11:48:54.705999-03:00,6
2026-03-28T12:17:29.433260-03:00,7
2026-03-28T12:49:10.169784-03:00,4
2026-03-28T13:17:04.881313-03:00,5
2026-03-28T13:54:02.029997-03:00,7
2026-03-28T14:30:19.847369-03:00,9
2026-03-28T14:58:40.366617-03:00,6
2026-03-28T15:54:59.068199-03:00,6
2026-03-28T16:55:43.423220-03:00,7
2026-03-28T17:34:04.073468-03:00,5
2026-03-28T18:00:30.087064-03:00,7
2026-03-28T18:42:29.953810-03:00,5
2026-03-28T19:02:14.208289-03:00,5
2026-03-28T19:46:38.032655-03:00,4
2026-03-28T20:16:46.552935-03:00,6
2026-03-28T20:49:05.807095-03:00,4
2026-03-28T22:05:30.785523-03:00,1
2026-03-29T01:09:28.213699-03:00,2
2026-03-29T02:50:56.981570-03:00,7
2026-03-29T04:05:24.186763-03:00,7
2026-03-29T04:57:05.628727-03:00,7
2026-03-29T05:52:06.595640-03:00,7
2026-03-29T06:38:09.691118-03:00,1
2026-03-29T07:04:20.032290-03:00,7
2026-03-29T07:51:30.227076-03:00,7
2026-03-29T08:30:45.222466-03:00,7
2026-03-29T08:57:01.362217-03:00,7
2026-03-29T10:08:50.222197-03:00,3
2026-03-29T10:58:19.628658-03:00,4
2026-03-29T11:42:07.003018-03:00,2
2026-03-29T12:16:58.996089-03:00,2
2026-03-29T12:49:23.339011-03:00,2
2026-03-29T13:18:53.714924-03:00,1
2026-03-29T13:57:22.115943-03:00,6
2026-03-29T14:38:27.879829-03:00,7
2026-03-29T15:01:46.193726-03:00,6
2026-03-29T16:00:43.531713-03:00,5
2026-03-29T16:44:42.777333-03:00,3
2026-03-29T17:02:57.141547-03:00,6
2026-03-29T17:48:45.181270-03:00,10
2026-03-29T18:18:49.601944-03:00,4
2026-03-29T18:50:50.892341-03:00,7
2026-03-29T19:32:56.736122-03:00,4
2026-03-29T20:02:56.247107-03:00,6
2026-03-29T20:46:38.690283-03:00,2
2026-03-29T22:06:34.351511-03:00,3
2026-03-30T01:15:49.784651-03:00,6
2026-03-30T03:11:54.740733-03:00,6
2026-03-30T05:03:11.639453-03:00,6
2026-03-30T06:44:47.994756-03:00,6
2026-03-30T07:50:04.534400-03:00,6
2026-03-30T08:43:37.799053-03:00,1
2026-03-30T09:42:38.839982-03:00,3
2026-03-30T11:15:49.219162-03:00,3
2026-03-30T12:45:15.535512-03:00,3
2026-03-30T13:42:00.661037-03:00,3
2026-03-30T14:40:05.763456-03:00,1
2026-03-30T15:39:01.445840-03:00,4
2026-03-30T16:40:40.901079-03:00,6
2026-03-30T17:29:37.178540-03:00,6
2026-03-30T18:22:11.731415-03:00,9
2026-03-30T19:03:15.641520-03:00,4
2026-03-30T19:54:21.914545-03:00,7
2026-03-30T20:36:40.677809-03:00,4
2026-03-30T21:03:57.148176-03:00,3
2026-03-31T00:27:15.256862-03:00,6
2026-03-31T02:26:06.144495-03:00,6
2026-03-31T03:50:06.252475-03:00,6
2026-03-31T04:58:39.548607-03:00,6
2026-03-31T06:12:34.995024-03:00,6
2026-03-31T07:15:59.231724-03:00,6
2026-03-31T08:13:53.498658-03:00,1
2026-03-31T09:02:57.948280-03:00,6
2026-03-31T10:59:50.741320-03:00,6
2026-03-31T12:14:50.778430-03:00,3
2026-03-31T13:17:10.679968-03:00,5
2026-03-31T14:16:55.167305-03:00,7
2026-03-31T15:10:12.643216-03:00,6
2026-03-31T16:19:22.556363-03:00,9
2026-03-31T17:03:17.451289-03:00,7
2026-03-31T17:56:05.605809-03:00,10
2026-03-31T18:41:45.213265-03:00,8
2026-03-31T19:20:52.177946-03:00,8
2026-03-31T19:59:24.235313-03:00,7
2026-03-31T20:43:04.956751-03:00,4
2026-03-31T22:09:27.626099-03:00,13
2026-04-01T01:20:31.894307-03:00,2
2026-04-01T03:10:56.988924-03:00,1
2026-04-01T04:56:24.661707-03:00,9
2026-04-01T06:11:54.263800-03:00,1
2026-04-01T07:17:04.030588-03:00,9
2026-04-01T08:16:43.915365-03:00,2
2026-04-01T09:04:30.708632-03:00,1
2026-04-01T11:02:19.202050-03:00,1
2026-04-01T12:38:38.411873-03:00,5
2026-04-01T13:36:09.040245-03:00,3
2026-04-01T14:33:57.588730-03:00,6
2026-04-01T15:35:00.768927-03:00,8
2026-04-01T16:41:56.661090-03:00,8
2026-04-01T17:29:02.649537-03:00,6
2026-04-01T18:10:55.926511-03:00,6
2026-04-01T19:00:12.741023-03:00,5
2026-04-01T19:52:08.986194-03:00,5
2026-04-01T20:37:32.201610-03:00,7
2026-04-01T21:00:57.427665-03:00,7
2026-04-02T00:23:32.107065-03:00,1
2026-04-02T02:19:03.277485-03:00,7
2026-04-02T03:43:47.934586-03:00,7
2026-04-02T04:53:49.357645-03:00,7
2026-04-02T05:59:04.370893-03:00,7
2026-04-02T07:07:51.123810-03:00,7
2026-04-02T08:08:46.333976-03:00,7
2026-04-02T08:57:11.515884-03:00,7
2026-04-02T10:41:22.048903-03:00,4
2026-04-02T11:43:22.623344-03:00,2
2026-04-02T12:44:06.367866-03:00,2
2026-04-02T13:40:27.575575-03:00,6
2026-04-02T14:37:31.573530-03:00,6
2026-04-02T15:34:01.273758-03:00,3
2026-04-02T16:33:28.283150-03:00,7
2026-04-02T17:05:54.432159-03:00,5
2026-04-02T17:51:27.083058-03:00,10
2026-04-02T18:39:23.468866-03:00,8
2026-04-02T19:17:27.145955-03:00,9
2026-04-02T19:54:27.061509-03:00,3
2026-04-02T20:36:42.574678-03:00,2
2026-04-02T21:02:43.568590-03:00,3
2026-04-03T00:25:05.749211-03:00,4
2026-04-03T02:20:27.749158-03:00,1
2026-04-03T03:45:48.102104-03:00,9
2026-04-03T04:51:02.335342-03:00,1
2026-04-03T05:56:30.776867-03:00,2
2026-04-03T06:55:42.308245-03:00,9
2026-04-03T07:45:10.845088-03:00,2
2026-04-03T08:26:43.010280-03:00,1
2026-04-03T09:01:36.095491-03:00,9
2026-04-03T10:36:58.796772-03:00,3
2026-04-03T11:25:14.380581-03:00,2
2026-04-03T12:09:14.016919-03:00,4
2026-04-03T12:53:59.316664-03:00,5
2026-04-03T13:41:52.932529-03:00,2
2026-04-03T14:20:35.796932-03:00,3
2026-04-03T15:00:47.888355-03:00,5
2026-04-03T16:02:43.086395-03:00,10
2026-04-03T16:50:37.134349-03:00,6
2026-04-03T17:38:08.884771-03:00,7
2026-04-03T18:05:54.766179-03:00,5
2026-04-03T18:47:57.344014-03:00,4
2026-04-03T19:18:15.480752-03:00,4
2026-04-03T19:56:11.803626-03:00,2
2026-04-03T20:38:27.120109-03:00,2
2026-04-03T21:01:52.937549-03:00,2
2026-04-04T00:13:18.835405-03:00,7
2026-04-04T02:04:07.339499-03:00,7
2026-04-04T03:10:02.895819-03:00,7
2026-04-04T04:17:23.438617-03:00,7
2026-04-04T04:59:05.643920-03:00,7
2026-04-04T05:54:07.493332-03:00,7
2026-04-04T06:39:36.845590-03:00,7
2026-04-04T07:05:31.633715-03:00,7
2026-04-04T07:51:00.081491-03:00,7
2026-04-04T08:30:49.613155-03:00,1
2026-04-04T08:56:33.216848-03:00,7
2026-04-04T10:05:44.601953-03:00,1
2026-04-04T10:57:50.765261-03:00,1
2026-04-04T11:41:26.196665-03:00,2
2026-04-04T12:16:25.602454-03:00,2
2026-04-04T12:49:47.707475-03:00,1
2026-04-04T13:18:42.227566-03:00,2
2026-04-04T13:57:47.843888-03:00,6
2026-04-04T14:38:54.632255-03:00,3
2026-04-04T15:00:53.148508-03:00,8
2026-04-04T15:59:36.018055-03:00,4
2026-04-04T16:38:37.406050-03:00,5
2026-04-04T16:58:52.518765-03:00,6
2026-04-04T17:44:32.621688-03:00,12
2026-04-04T18:16:02.378253-03:00,5
2026-04-04T18:48:32.088918-03:00,5
2026-04-04T19:14:33.942616-03:00,7
2026-04-04T19:51:49.302482-03:00,4
2026-04-04T20:33:03.466298-03:00,3
2026-04-04T20:59:21.763961-03:00,5
2026-04-04T23:31:54.747061-04:00,3
2026-04-05T01:28:40.204698-04:00,8
2026-04-05T02:44:48.024326-04:00,8
2026-04-05T03:43:25.740830-04:00,8
2026-04-05T04:26:31.359274-04:00,2
2026-04-05T05:08:54.537229-04:00,3
2026-04-05T05:55:19.806034-04:00,4
2026-04-05T06:36:01.244037-04:00,2
2026-04-05T07:04:40.792501-04:00,1
2026-04-05T07:42:00.027610-04:00,8
2026-04-05T08:02:47.337503-04:00,8
2026-04-05T09:19:38.969118-04:00,5
2026-04-05T10:02:43.918510-04:00,3
2026-04-05T10:51:33.948733-04:00,1
2026-04-05T11:34:12.676942-04:00,8
2026-04-05T12:00:38.558190-04:00,9
2026-04-05T12:51:29.782517-04:00,8
2026-04-05T13:33:27.309105-04:00,11
2026-04-05T14:01:15.175332-04:00,9
2026-04-05T15:01:45.739096-04:00,11
2026-04-05T15:46:36.812478-04:00,10
2026-04-05T16:15:44.011485-04:00,8
2026-04-05T16:52:28.507037-04:00,11
2026-04-05T17:34:16.776268-04:00,10
2026-04-05T17:58:55.340069-04:00,4
2026-04-05T18:42:10.032362-04:00,10
2026-04-05T19:18:39.842128-04:00,5
2026-04-05T19:53:20.149416-04:00,5
2026-04-05T22:38:36.874350-04:00,4
2026-04-06T01:13:05.908721-04:00,4
2026-04-06T03:03:39.324515-04:00,2
2026-04-06T05:55:09.188089-04:00,12
2026-04-06T06:57:59.841278-04:00,1
2026-04-06T07:54:10.464725-04:00,12
2026-04-06T09:14:01.670655-04:00,4
2026-04-06T10:16:16.594003-04:00,1
2026-04-06T11:08:21.373594-04:00,4
2026-04-06T12:00:17.382190-04:00,5
2026-04-06T13:00:48.610179-04:00,3
2026-04-06T14:01:39.908908-04:00,8
2026-04-06T15:16:58.291490-04:00,11
2026-04-06T16:00:56.333227-04:00,5
2026-04-06T16:52:47.022729-04:00,6
2026-04-06T17:38:51.554081-04:00,5
2026-04-06T18:04:50.453998-04:00,6
2026-04-06T18:54:03.960072-04:00,3
2026-04-06T19:37:21.879998-04:00,3
2026-04-06T20:04:32.163168-04:00,5
2026-04-06T23:28:09.862995-04:00,12
2026-04-07T01:27:03.329629-04:00,1
2026-04-07T02:52:59.031381-04:00,6
2026-04-07T04:13:08.835626-04:00,6
2026-04-07T05:37:00.650775-04:00,1
2026-04-07T06:39:37.458964-04:00,6
2026-04-07T07:38:14.364665-04:00,6
2026-04-07T08:42:01.197593-04:00,6
2026-04-07T10:19:25.844398-04:00,3
2026-04-07T11:49:39.457910-04:00,2
2026-04-07T12:42:24.125470-04:00,4
2026-04-07T13:43:57.904830-04:00,7
2026-04-07T14:40:56.048476-04:00,6
2026-04-07T15:45:31.922666-04:00,10
2026-04-07T16:29:55.355398-04:00,10
2026-04-07T18:04:09.313064-04:00,5
2026-04-07T18:55:56.761106-04:00,4
2026-04-07T19:39:37.313121-04:00,6
2026-04-07T21:03:32.302145-04:00,3
2026-04-08T00:07:15.303882-04:00,3
2026-04-08T01:56:02.654227-04:00,7
2026-04-08T03:26:03.780568-04:00,7
2026-04-08T04:42:14.707561-04:00,7
2026-04-08T05:52:36.798351-04:00,7
2026-04-08T06:57:52.287488-04:00,2
2026-04-08T07:57:51.382022-04:00,7
2026-04-08T09:53:16.046895-04:00,1
2026-04-08T11:11:54.473050-04:00,7
2026-04-08T12:38:25.525014-04:00,7
2026-04-08T13:44:56.582635-04:00,5
2026-04-08T14:54:37.696277-04:00,10
2026-04-08T15:59:03.751038-04:00,4
2026-04-08T16:56:03.460970-04:00,9
2026-04-08T17:44:09.041195-04:00,9
2026-04-08T19:07:55.075404-04:00,8
2026-04-08T19:52:07.564044-04:00,5
2026-04-08T22:29:18.749096-04:00,6
2026-04-09T00:57:46.969621-04:00,4
2026-04-09T02:24:19.029244-04:00,5
2026-04-09T04:02:18.014404-04:00,2
2026-04-09T05:22:14.132672-04:00,3
2026-04-09T07:37:39.167847-04:00,9
2026-04-09T08:45:12.014870-04:00,9
2026-04-09T10:31:05.393794-04:00,1
2026-04-09T12:05:45.960112-04:00,4
2026-04-09T13:20:08.347136-04:00,4
2026-04-09T15:40:47.313117-04:00,9
2026-04-09T16:35:08.839205-04:00,7
2026-04-09T17:28:31.185741-04:00,10
2026-04-09T18:08:02.443875-04:00,9
2026-04-09T18:59:32.028060-04:00,6
2026-04-09T19:49:05.835535-04:00,5
2026-04-09T21:06:32.371322-04:00,7
2026-04-10T00:16:28.385366-04:00,2
2026-04-10T02:11:18.850095-04:00,4
2026-04-10T04:02:07.895668-04:00,4
2026-04-10T05:22:07.576217-04:00,4
2026-04-10T06:33:57.904610-04:00,3
2026-04-10T08:08:19.700292-04:00,1
2026-04-10T09:48:26.892780-04:00,4
2026-04-10T10:39:55.602066-04:00,4
2026-04-10T11:34:34.601450-04:00,6
2026-04-10T12:31:50.015043-04:00,5
2026-04-10T13:30:45.876462-04:00,8
2026-04-10T14:31:01.559293-04:00,7
2026-04-10T15:29:51.715451-04:00,7
2026-04-10T16:04:06.853605-04:00,5
2026-04-10T16:52:59.610817-04:00,7
2026-04-10T17:38:42.631952-04:00,8
2026-04-10T18:19:53.929607-04:00,8
2026-04-10T18:59:38.987983-04:00,5
2026-04-10T19:47:10.207064-04:00,2
2026-04-10T21:01:28.366180-04:00,5
2026-04-10T23:46:17.315592-04:00,4
2026-04-11T01:18:23.100222-04:00,3
2026-04-11T02:33:51.997899-04:00,1
2026-04-11T03:36:09.874107-04:00,10
2026-04-11T04:22:54.542921-04:00,10
2026-04-11T05:07:58.554358-04:00,10
2026-04-11T05:55:39.354909-04:00,10
2026-04-11T06:36:47.306016-04:00,1
2026-04-11T07:05:17.997528-04:00,10
2026-04-11T07:43:37.390279-04:00,1
2026-04-11T08:24:49.397232-04:00,10
2026-04-11T09:36:35.457360-04:00,3
2026-04-11T10:20:33.309540-04:00,5
2026-04-11T11:02:01.693617-04:00,1
2026-04-11T12:58:44.922893-04:00,3
2026-04-11T13:40:56.705887-04:00,9
2026-04-11T14:21:29.225455-04:00,4
2026-04-11T15:11:03.400130-04:00,1
2026-04-11T15:52:07.379425-04:00,6
2026-04-11T16:35:40.133368-04:00,8
2026-04-11T17:03:19.362354-04:00,4
2026-04-11T17:46:55.002288-04:00,5
2026-04-11T18:15:23.297041-04:00,2
2026-04-11T18:54:33.733888-04:00,3
2026-04-11T19:35:59.898365-04:00,4
2026-04-11T20:02:46.491748-04:00,2
2026-04-11T23:43:49.580124-04:00,2
2026-04-12T01:47:17.560875-04:00,9
2026-04-12T02:58:54.310122-04:00,9
2026-04-12T04:06:35.665059-04:00,9
2026-04-12T05:02:58.124014-04:00,9
2026-04-12T06:48:13.292309-04:00,9
2026-04-12T07:23:10.444912-04:00,9
2026-04-12T07:57:07.515612-04:00,9
2026-04-12T10:55:34.175412-04:00,1
2026-04-12T11:37:33.947641-04:00,1
2026-04-12T12:05:18.552332-04:00,1
2026-04-12T12:55:52.389664-04:00,6
2026-04-12T13:37:16.646318-04:00,6
2026-04-12T14:06:18.896523-04:00,5
2026-04-12T15:06:17.709599-04:00,6
2026-04-12T15:50:24.125896-04:00,4
2026-04-12T16:38:21.787286-04:00,9
2026-04-12T17:05:59.073576-04:00,7
2026-04-12T18:18:57.758877-04:00,4
2026-04-12T18:58:27.829528-04:00,2
2026-04-12T19:46:14.945712-04:00,1
2026-04-12T21:11:13.790900-04:00,1
2026-04-13T00:31:53.858986-04:00,1
2026-04-13T02:34:39.307975-04:00,5
2026-04-13T04:33:54.285765-04:00,5
2026-04-13T06:20:17.257699-04:00,5
2026-04-13T07:47:11.083245-04:00,5
2026-04-13T08:51:01.007010-04:00,5
2026-04-13T10:50:08.867245-04:00,2
2026-04-13T12:03:14.760117-04:00,2
2026-04-13T13:17:18.142781-04:00,6
2026-04-13T14:40:57.655962-04:00,3
2026-04-13T15:55:31.744045-04:00,8
2026-04-13T16:57:29.832136-04:00,4
2026-04-13T17:55:10.441095-04:00,9
2026-04-13T19:30:38.014038-04:00,6
2026-04-13T21:08:32.268702-04:00,5
2026-04-14T00:18:03.995143-04:00,3
2026-04-14T02:13:23.750173-04:00,2
2026-04-14T04:06:59.439427-04:00,6
2026-04-14T05:48:19.384994-04:00,6
2026-04-14T06:53:13.090120-04:00,6
2026-04-14T07:57:19.659100-04:00,1
2026-04-14T10:01:07.052078-04:00,4
2026-04-14T11:22:58.683093-04:00,2
2026-04-14T13:53:58.769130-04:00,3
2026-04-14T15:17:44.445171-04:00,3
2026-04-14T16:15:26.190408-04:00,7
2026-04-14T17:10:15.391619-04:00,4
2026-04-14T18:05:54.259912-04:00,4
2026-04-14T19:01:40.776870-04:00,2
2026-04-14T22:51:03.800560-04:00,12
2026-04-15T01:25:25.551103-04:00,12
2026-04-15T03:08:35.758962-04:00,12
2026-04-15T04:54:05.669885-04:00,12
2026-04-15T06:17:09.888139-04:00,12
2026-04-15T07:29:53.248523-04:00,12
2026-04-15T08:40:50.260342-04:00,2
2026-04-15T10:19:07.589905-04:00,1
2026-04-15T11:41:49.954207-04:00,2
2026-04-15T13:52:37.812599-04:00,3
2026-04-15T15:20:04.507580-04:00,1
2026-04-15T17:09:26.023940-04:00,8
2026-04-15T18:04:38.267180-04:00,7
2026-04-15T18:59:04.060467-04:00,5
2026-04-15T19:53:29.422280-04:00,1
2026-04-15T22:46:42.799584-04:00,10
2026-04-16T01:19:31.681000-04:00,3
2026-04-16T03:07:15.428778-04:00,3
2026-04-16T04:54:08.173180-04:00,3
2026-04-16T06:16:03.804417-04:00,3
2026-04-16T07:33:03.513786-04:00,3
2026-04-16T10:29:28.824798-04:00,4
2026-04-16T12:08:23.376494-04:00,6
2026-04-16T13:42:13.624428-04:00,6
2026-04-16T14:50:56.237318-04:00,9
2026-04-16T15:59:34.025364-04:00,4
2026-04-16T16:59:44.031636-04:00,4
2026-04-16T17:53:55.457215-04:00,4
2026-04-16T18:41:20.493708-04:00,4
2026-04-16T19:27:24.623064-04:00,3
2026-04-16T20:07:13.714464-04:00,2
2026-04-16T23:44:05.248513-04:00,5
2026-04-17T01:54:40.120942-04:00,8
2026-04-17T03:49:23.680925-04:00,3
2026-04-17T05:05:24.805170-04:00,4
2026-04-17T06:21:54.715567-04:00,3
2026-04-17T07:30:15.251912-04:00,2
2026-04-17T08:38:35.533670-04:00,2
2026-04-17T10:06:57.204769-04:00,3
2026-04-17T11:13:58.578044-04:00,4
2026-04-17T12:15:03.881633-04:00,8
2026-04-17T13:10:02.508188-04:00,6
2026-04-17T14:05:47.409022-04:00,5
2026-04-17T15:19:13.487063-04:00,4
2026-04-17T16:06:20.737140-04:00,7
2026-04-17T17:01:26.658895-04:00,5
2026-04-17T17:58:16.762914-04:00,3
2026-04-17T18:53:47.679229-04:00,5
2026-04-17T21:02:45.073035-04:00,2
2026-04-18T00:03:41.067815-04:00,4
2026-04-18T01:48:30.218606-04:00,2
2026-04-18T02:52:28.244349-04:00,2
2026-04-18T03:59:25.173643-04:00,4
2026-04-18T05:01:24.636877-04:00,4
2026-04-18T05:59:23.943066-04:00,1
2026-04-18T06:53:11.249608-04:00,4
2026-04-18T07:35:30.454433-04:00,3
2026-04-18T08:02:11.012632-04:00,2
2026-04-18T09:33:49.909228-04:00,2
2026-04-18T10:22:41.300395-04:00,1
2026-04-18T11:06:34.536041-04:00,2
2026-04-18T11:52:07.122751-04:00,4
2026-04-18T12:42:10.076305-04:00,5
2026-04-18T13:24:15.769994-04:00,9
2026-04-18T14:01:47.546777-04:00,4
2026-04-18T15:07:20.956964-04:00,8
2026-04-18T15:51:26.953802-04:00,3
2026-04-18T16:38:19.341191-04:00,5
2026-04-18T17:53:43.476944-04:00,3
2026-04-18T18:36:45.624174-04:00,4
2026-04-18T19:07:08.049364-04:00,2
2026-04-18T22:48:30.504220-04:00,6
2026-04-19T01:17:40.713548-04:00,2
2026-04-19T02:54:43.686051-04:00,1
2026-04-19T05:05:29.778335-04:00,8
2026-04-19T05:58:51.245315-04:00,8
2026-04-19T06:52:27.724673-04:00,8
2026-04-19T07:35:36.860461-04:00,2
2026-04-19T08:02:01.922033-04:00,8
2026-04-19T09:32:47.718373-04:00,8
2026-04-19T11:06:18.730229-04:00,2
2026-04-19T11:52:28.987383-04:00,2
2026-04-19T12:41:49.507238-04:00,4
2026-04-19T13:22:59.441086-04:00,4
2026-04-19T14:02:10.998544-04:00,8
2026-04-19T15:06:41.826079-04:00,4
2026-04-19T15:51:16.877111-04:00,5
2026-04-19T16:39:23.141099-04:00,9
2026-04-19T17:19:04.283336-04:00,11
2026-04-19T17:54:12.052789-04:00,10
2026-04-19T18:37:53.104721-04:00,10
2026-04-19T19:57:06.632215-04:00,8
2026-04-20T02:02:39.392655-04:00,3
2026-04-20T04:25:03.199223-04:00,3
2026-04-20T06:16:01.260944-04:00,3
2026-04-20T07:45:40.163678-04:00,4
2026-04-20T08:54:30.554904-04:00,7
2026-04-20T10:51:46.853796-04:00,5
2026-04-20T12:11:02.930645-04:00,4
2026-04-20T13:31:25.898601-04:00,7
2026-04-20T14:39:35.053758-04:00,4
2026-04-20T15:45:04.624930-04:00,3
2026-04-20T16:30:25.135681-04:00,4
2026-04-20T17:29:53.630256-04:00,3
2026-04-20T18:24:44.946342-04:00,2
2026-04-20T19:09:01.081923-04:00,1
2026-04-20T19:58:11.119642-04:00,1
2026-04-20T23:36:52.184856-04:00,11
2026-04-21T01:50:58.425403-04:00,2
2026-04-21T03:53:23.102072-04:00,4
2026-04-21T05:27:59.800638-04:00,2
2026-04-21T06:50:12.866523-04:00,4
2026-04-21T07:51:29.800433-04:00,3
2026-04-21T09:43:18.125268-04:00,4
2026-04-21T11:02:35.431600-04:00,3
2026-04-21T12:19:28.000847-04:00,5
2026-04-21T14:42:38.063186-04:00,8
2026-04-21T15:53:52.541965-04:00,8
2026-04-21T16:54:24.643484-04:00,9
2026-04-21T17:47:13.503554-04:00,5
2026-04-21T18:26:49.527643-04:00,6
2026-04-21T19:08:43.391619-04:00,5
2026-04-21T19:50:46.068390-04:00,3
2026-04-21T22:40:56.516123-04:00,3
2026-04-22T01:14:30.565943-04:00,7
2026-04-22T03:07:56.504169-04:00,7
2026-04-22T04:55:49.964606-04:00,7
2026-04-22T06:20:18.968264-04:00,1
2026-04-22T07:34:58.631875-04:00,7
2026-04-22T08:43:06.242850-04:00,7
2026-04-22T10:24:41.448004-04:00,2
2026-04-22T11:50:46.891734-04:00,3
2026-04-22T13:03:24.539158-04:00,1
2026-04-22T14:11:27.612029-04:00,6
2026-04-22T15:42:24.353146-04:00,7
2026-04-22T16:38:32.063155-04:00,5
2026-04-22T17:35:43.522899-04:00,5
2026-04-22T18:28:21.148880-04:00,3
2026-04-22T19:27:38.005439-04:00,2
2026-04-22T23:49:14.468406-04:00,10
2026-04-23T01:57:03.483508-04:00,5
2026-04-23T04:04:33.455507-04:00,5
2026-04-23T05:54:37.260710-04:00,5
2026-04-23T07:10:26.994759-04:00,5
2026-04-23T08:10:39.540861-04:00,5
2026-04-23T10:14:41.209095-04:00,1
2026-04-23T12:11:40.450612-04:00,2
2026-04-23T13:48:57.102396-04:00,4
2026-04-23T14:48:14.653295-04:00,5
2026-04-23T15:58:03.620660-04:00,9
2026-04-23T17:01:10.222226-04:00,9
2026-04-23T17:59:02.495576-04:00,5
2026-04-23T18:57:26.627436-04:00,3
2026-04-23T19:54:18.038228-04:00,4
2026-04-24T01:24:37.265282-04:00,5
2026-04-24T03:17:16.186183-04:00,2
2026-04-24T05:13:09.386134-04:00,5
2026-04-24T06:47:09.210149-04:00,5
2026-04-24T07:47:27.108863-04:00,2
2026-04-24T08:47:16.372407-04:00,5
2026-04-24T10:24:24.481175-04:00,3
2026-04-24T11:47:11.811789-04:00,2
2026-04-24T12:41:35.961319-04:00,3
2026-04-24T14:29:39.740547-04:00,9
2026-04-24T15:32:36.126403-04:00,9
2026-04-24T16:27:00.181708-04:00,7
2026-04-24T17:26:08.428467-04:00,10
2026-04-24T18:09:57.187738-04:00,3
2026-04-24T18:58:18.025470-04:00,3
2026-04-24T19:50:15.546162-04:00,4
2026-04-24T21:12:27.779902-04:00,11
2026-04-25T00:09:42.387982-04:00,5
2026-04-25T01:58:44.455195-04:00,5
2026-04-25T03:41:52.960417-04:00,5
2026-04-25T04:36:49.875191-04:00,5
2026-04-25T05:35:08.455159-04:00,5
2026-04-25T06:26:45.782975-04:00,5
2026-04-25T07:21:32.754016-04:00,5
2026-04-25T08:02:16.149861-04:00,1
2026-04-25T09:37:47.408746-04:00,1
2026-04-25T10:27:07.970566-04:00,2
2026-04-25T11:09:57.228647-04:00,1
2026-04-25T11:55:41.815812-04:00,1
2026-04-25T12:45:35.308802-04:00,5
2026-04-25T13:26:54.208317-04:00,3
2026-04-25T14:05:54.966279-04:00,9
2026-04-25T15:09:34.033650-04:00,2
2026-04-25T15:54:11.463096-04:00,4
2026-04-25T16:40:36.646505-04:00,6
2026-04-25T17:22:42.552231-04:00,7
2026-04-25T18:01:30.902264-04:00,4
2026-04-25T18:54:45.026334-04:00,5
2026-04-25T19:39:12.342633-04:00,4
2026-04-25T21:13:10.359295-04:00,10
2026-04-26T00:33:43.203287-04:00,2
2026-04-26T02:27:45.955744-04:00,1
2026-04-26T04:04:30.256527-04:00,3
2026-04-26T05:12:46.258429-04:00,11
2026-04-26T06:09:42.513078-04:00,11
2026-04-26T07:04:07.131382-04:00,11
2026-04-26T07:52:30.568561-04:00,11
2026-04-26T09:09:54.166001-04:00,1
2026-04-26T10:10:03.324387-04:00,2
2026-04-26T11:02:18.015043-04:00,11
2026-04-26T11:55:06.461006-04:00,1
2026-04-26T12:44:45.055009-04:00,3
2026-04-26T13:26:57.037678-04:00,2
2026-04-26T14:06:33.284442-04:00,4
2026-04-26T15:11:51.684398-04:00,12
2026-04-26T15:58:33.898550-04:00,5
2026-04-26T16:51:31.270579-04:00,4
2026-04-26T17:39:08.916790-04:00,5
2026-04-26T18:20:07.619251-04:00,5
2026-04-26T19:02:19.983604-04:00,1
2026-04-26T19:53:43.890871-04:00,12
2026-04-26T22:54:12.957451-04:00,12
2026-04-27T01:56:04.311313-04:00,4
2026-04-27T04:31:17.154935-04:00,4
2026-04-27T06:33:13.711388-04:00,4
2026-04-27T08:10:17.396021-04:00,3
2026-04-27T10:27:13.872713-04:00,1
2026-04-27T12:08:45.570346-04:00,5
2026-04-27T13:40:21.575350-04:00,6
2026-04-27T14:58:33.094934-04:00,5
2026-04-27T16:14:14.154083-04:00,5
2026-04-27T17:29:58.794665-04:00,6
2026-04-27T18:28:34.501985-04:00,4
2026-04-27T19:29:14.178617-04:00,2
2026-04-27T21:15:52.036859-04:00,2
2026-04-28T00:45:53.198010-04:00,4
2026-04-28T03:21:30.237091-04:00,1
2026-04-28T05:41:13.146071-04:00,9
2026-04-28T07:28:18.259663-04:00,9
2026-04-28T09:16:09.047835-04:00,9
2026-04-28T11:44:49.330231-04:00,3
2026-04-28T13:21:52.605973-04:00,1
2026-04-28T15:06:53.088674-04:00,3
2026-04-28T16:38:07.838432-04:00,7
2026-04-28T17:41:48.242554-04:00,7
2026-04-28T18:41:13.544274-04:00,6
2026-04-28T19:40:30.426002-04:00,2
2026-04-28T21:26:02.727213-04:00,2
2026-04-29T00:54:06.176073-04:00,2
2026-04-29T03:23:49.229226-04:00,2
2026-04-29T05:33:46.872489-04:00,7
2026-04-29T07:17:06.047690-04:00,7
2026-04-29T08:58:16.481962-04:00,7
2026-04-29T11:22:18.781740-04:00,3
2026-04-29T13:03:19.591547-04:00,3
2026-04-29T14:44:35.232044-04:00,1
2026-04-29T16:03:16.246248-04:00,3
2026-04-29T17:16:23.893656-04:00,5
2026-04-29T18:13:57.707061-04:00,3
2026-04-29T19:13:11.722099-04:00,4
2026-04-29T20:10:26.703365-04:00,9
2026-04-30T00:07:12.634609-04:00,5
2026-04-30T02:39:22.758167-04:00,5
2026-04-30T05:02:37.321582-04:00,5
2026-04-30T07:03:37.024609-04:00,5
2026-04-30T08:22:47.287642-04:00,5
2026-04-30T10:33:41.012056-04:00,1
2026-04-30T12:07:38.749378-04:00,8
2026-04-30T13:43:32.412530-04:00,9
2026-04-30T15:00:33.566127-04:00,8
2026-04-30T16:17:45.925076-04:00,7
2026-04-30T17:29:09.608997-04:00,9
2026-04-30T18:30:14.294417-04:00,6
2026-04-30T19:29:24.940658-04:00,10
2026-04-30T21:22:31.839087-04:00,5
2026-05-01T01:07:35.997798-04:00,2
2026-05-01T03:36:09.219248-04:00,1
2026-05-01T05:19:44.096969-04:00,3
2026-05-01T06:48:50.831216-04:00,2
2026-05-01T07:47:28.463267-04:00,3
2026-05-01T08:43:55.453335-04:00,2
2026-05-01T10:09:14.382369-04:00,2
2026-05-01T11:15:01.490623-04:00,3
2026-05-01T12:13:53.709457-04:00,2
2026-05-01T13:17:23.550822-04:00,2
2026-05-01T14:15:47.858653-04:00,5
2026-05-01T15:43:07.712468-04:00,5
2026-05-01T16:37:00.146448-04:00,4
2026-05-01T17:35:49.584243-04:00,4
2026-05-01T18:32:04.852108-04:00,2
2026-05-01T19:33:56.122731-04:00,12
2026-05-01T21:16:05.781633-04:00,1
2026-05-02T00:29:42.651819-04:00,3
2026-05-02T02:26:59.951229-04:00,3
2026-05-02T04:09:12.451692-04:00,3
2026-05-02T05:20:41.510325-04:00,1
2026-05-02T06:28:14.561828-04:00,4
2026-05-02T07:24:19.460089-04:00,4
2026-05-02T08:07:07.868084-04:00,4
2026-05-02T09:46:22.342131-04:00,4
2026-05-02T10:36:58.720124-04:00,2
2026-05-02T11:29:44.566986-04:00,4
2026-05-02T12:25:26.488224-04:00,3
2026-05-02T13:23:43.581377-04:00,3
2026-05-02T14:09:44.979876-04:00,5
2026-05-02T15:17:27.684620-04:00,5
2026-05-02T16:01:24.258002-04:00,7
2026-05-02T16:58:10.128698-04:00,5
2026-05-02T17:52:48.920626-04:00,3
2026-05-02T18:42:44.053765-04:00,8
2026-05-02T19:29:26.587263-04:00,4
2026-05-02T20:10:39.085513-04:00,3
2026-05-03T00:13:49.036921-04:00,2
2026-05-03T02:42:52.813840-04:00,2
2026-05-03T04:27:17.434679-04:00,1
2026-05-03T05:49:46.241734-04:00,6
2026-05-03T06:40:42.708350-04:00,2
2026-05-03T07:30:55.139636-04:00,2
2026-05-03T08:33:40.405635-04:00,1
2026-05-03T09:57:31.948189-04:00,2
2026-05-03T10:55:05.109707-04:00,1
2026-05-03T11:49:36.659336-04:00,1
2026-05-03T12:32:48.948999-04:00,2
2026-05-03T13:30:13.908802-04:00,5
2026-05-03T14:32:09.530890-04:00,8
2026-05-03T15:39:27.301172-04:00,6
2026-05-03T17:10:09.680604-04:00,7
2026-05-03T18:00:50.956032-04:00,6
2026-05-03T19:01:02.313972-04:00,5
2026-05-03T20:00:13.640955-04:00,3
2026-05-04T00:01:09.426509-04:00,4
2026-05-04T02:52:14.945656-04:00,3
2026-05-04T05:20:44.485121-04:00,4
2026-05-04T09:07:19.969944-04:00,4
2026-05-04T11:19:16.789305-04:00,1
2026-05-04T13:06:38.866222-04:00,6
2026-05-04T14:53:20.881805-04:00,6
2026-05-04T16:15:57.920708-04:00,8
2026-05-04T17:33:27.300733-04:00,3
2026-05-04T18:36:36.997045-04:00,2
2026-05-04T19:32:20.477545-04:00,12
2026-05-04T21:15:57.160630-04:00,12
2026-05-05T00:29:17.358562-04:00,1
2026-05-05T02:35:42.394962-04:00,1
2026-05-05T04:58:12.984547-04:00,4
2026-05-05T06:51:04.526446-04:00,4
2026-05-05T08:02:41.367785-04:00,2
2026-05-05T11:23:41.156115-04:00,5
2026-05-05T12:09:54.149710-04:00,2
2026-05-05T13:48:43.060202-04:00,3
2026-05-05T14:58:51.713151-04:00,7
2026-05-05T16:13:09.310877-04:00,2
2026-05-05T17:17:00.520693-04:00,5
2026-05-05T18:15:36.398475-04:00,8
2026-05-05T19:13:43.362611-04:00,8
2026-05-05T20:08:00.127384-04:00,6
2026-05-06T00:02:35.500267-04:00,1
2026-05-06T02:42:24.554009-04:00,2
2026-05-06T05:12:15.796215-04:00,3
2026-05-06T07:22:18.616461-04:00,1
2026-05-06T09:13:06.439002-04:00,12
2026-05-06T11:37:47.938314-04:00,5
2026-05-06T13:12:37.337271-04:00,5
2026-05-06T15:02:54.268113-04:00,3
2026-05-06T16:44:12.491857-04:00,5
2026-05-06T17:47:20.475936-04:00,5
2026-05-06T18:35:37.213070-04:00,11
2026-05-06T19:32:42.478390-04:00,9
2026-05-06T21:21:42.266579-04:00,3
2026-05-07T00:56:16.782979-04:00,2
2026-05-07T03:43:10.486054-04:00,1
2026-05-07T06:09:33.784557-04:00,2
2026-05-07T08:05:42.461492-04:00,4
2026-05-07T10:46:28.634583-04:00,1
2026-05-07T12:28:57.487469-04:00,2
2026-05-07T14:09:31.234016-04:00,5
2026-05-07T15:53:26.645740-04:00,8
2026-05-07T17:04:58.158926-04:00,4
2026-05-07T18:13:31.471994-04:00,5
2026-05-07T19:14:06.078688-04:00,3
2026-05-07T20:10:04.715575-04:00,3
2026-05-07T23:53:28.032056-04:00,4
2026-05-08T01:57:09.975275-04:00,2
2026-05-08T03:49:03.223543-04:00,1
2026-05-08T05:00:45.232183-04:00,7
2026-05-08T06:47:00.524185-04:00,7
2026-05-08T08:00:32.825737-04:00,1
2026-05-08T10:13:04.589744-04:00,1
2026-05-08T11:54:14.085642-04:00,4
2026-05-08T13:19:03.270552-04:00,1
2026-05-08T14:48:17.110374-04:00,6
2026-05-08T15:59:38.088767-04:00,6
2026-05-08T17:11:54.955190-04:00,6
2026-05-08T18:13:50.966791-04:00,4
2026-05-08T19:13:44.866720-04:00,2
2026-05-08T20:12:56.091757-04:00,11
2026-05-08T23:59:49.493181-04:00,11
2026-05-09T02:24:17.076827-04:00,3
2026-05-09T04:16:04.252481-04:00,2
2026-05-09T05:46:29.100806-04:00,4
2026-05-09T06:41:20.991104-04:00,4
2026-05-09T07:37:43.999686-04:00,4
2026-05-09T08:40:39.257895-04:00,4
2026-05-09T10:08:58.956274-04:00,1
2026-05-09T11:12:54.138589-04:00,1
2026-05-09T12:10:57.140644-04:00,5
2026-05-09T13:15:20.387382-04:00,3
2026-05-09T14:08:16.398716-04:00,3
2026-05-09T15:31:43.673483-04:00,1
2026-05-09T16:24:06.526567-04:00,2
2026-05-09T17:09:40.177843-04:00,3
2026-05-09T18:00:56.472265-04:00,5
2026-05-09T19:01:56.952319-04:00,1
2026-05-09T20:00:26.318102-04:00,5
2026-05-10T00:10:23.066606-04:00,2
2026-05-10T02:44:19.504121-04:00,2
2026-05-10T04:32:20.606571-04:00,2
2026-05-10T06:01:07.863679-04:00,2
2026-05-10T07:11:53.810505-04:00,2
2026-05-10T08:06:01.656652-04:00,1
2026-05-10T09:52:40.648920-04:00,3
2026-05-10T10:54:07.234255-04:00,3
2026-05-10T11:55:16.919714-04:00,3
2026-05-10T12:57:42.430874-04:00,4
2026-05-10T13:56:35.639406-04:00,1
2026-05-10T15:11:40.047617-04:00,4
2026-05-10T16:05:25.824550-04:00,3
2026-05-10T17:02:18.061097-04:00,3
2026-05-10T18:01:01.646799-04:00,1
2026-05-10T19:04:11.138701-04:00,5
2026-05-10T20:04:34.902623-04:00,5
2026-05-11T00:21:02.539570-04:00,5
2026-05-11T04:00:17.617806-04:00,5
2026-05-11T07:32:49.319491-04:00,1
2026-05-11T10:05:44.580619-04:00,2
2026-05-11T12:43:42.890090-04:00,1
2026-05-11T14:28:06.495411-04:00,7
2026-05-11T16:19:11.510664-04:00,5
2026-05-11T17:45:40.227049-04:00,5
2026-05-11T18:41:30.586532-04:00,3
2026-05-11T21:26:11.737679-04:00,4
2026-05-12T04:02:29.095665-04:00,2
2026-05-12T06:40:01.537947-04:00,1
2026-05-12T08:28:32.882384-04:00,1
2026-05-12T11:24:35.588757-04:00,4
2026-05-12T13:31:47.378434-04:00,3
2026-05-12T15:20:23.304723-04:00,5
2026-05-12T17:00:11.145024-04:00,9
2026-05-12T18:19:48.030249-04:00,4
2026-05-12T19:32:02.432327-04:00,1
2026-05-12T21:26:11.400860-04:00,1
2026-05-13T01:11:35.700108-04:00,2
2026-05-13T04:13:25.770956-04:00,5
2026-05-13T06:45:47.958893-04:00,1
2026-05-13T09:03:55.241419-04:00,5
2026-05-13T11:48:20.401988-04:00,3
2026-05-13T13:51:41.773008-04:00,3
2026-05-13T15:56:06.172448-04:00,3
2026-05-13T17:27:03.715396-04:00,7
2026-05-13T18:46:24.306819-04:00,4
2026-05-13T19:43:50.006796-04:00,3
2026-05-13T21:47:47.181104-04:00,1
2026-05-14T01:35:11.721763-04:00,5
2026-05-14T04:14:14.168907-04:00,5
2026-05-14T06:36:39.019939-04:00,5
2026-05-14T08:15:49.058372-04:00,5
2026-05-14T10:46:05.937026-04:00,1
2026-05-14T12:52:48.506355-04:00,2
2026-05-14T14:54:20.520490-04:00,4
2026-05-14T16:26:46.385313-04:00,7
2026-05-14T17:45:10.566265-04:00,7
2026-05-14T18:43:57.844556-04:00,3
2026-05-14T19:41:10.580847-04:00,1
2026-05-14T21:32:26.899821-04:00,1
2026-05-15T01:38:23.791473-04:00,4
2026-05-15T04:29:06.253170-04:00,4
2026-05-15T07:00:28.696024-04:00,4
2026-05-15T09:02:24.910562-04:00,2
2026-05-15T11:26:24.048225-04:00,7
2026-05-15T13:09:45.695806-04:00,1
2026-05-15T14:52:56.814318-04:00,4
2026-05-15T16:16:56.630265-04:00,5
2026-05-15T17:30:35.395656-04:00,3
2026-05-15T18:34:46.932003-04:00,4
2026-05-15T19:33:40.515356-04:00,2
2026-05-15T21:21:43.817302-04:00,2
2026-05-16T00:52:48.145588-04:00,3
2026-05-16T03:14:46.215496-04:00,3
2026-05-16T05:02:38.208000-04:00,7
2026-05-16T06:36:10.732355-04:00,2
2026-05-16T07:34:36.690443-04:00,7
2026-05-16T08:42:29.400579-04:00,7
2026-05-16T10:12:49.735440-04:00,7
2026-05-16T11:29:37.359424-04:00,1
2026-05-16T12:30:38.508223-04:00,2
2026-05-16T13:37:25.832531-04:00,3
2026-05-16T14:38:13.962626-04:00,7
2026-05-16T15:46:13.834880-04:00,7
2026-05-16T16:33:26.525780-04:00,6
2026-05-16T17:31:15.995448-04:00,6
2026-05-16T18:27:18.255646-04:00,3
2026-05-16T19:29:19.223333-04:00,2
2026-05-16T21:26:18.422185-04:00,1
2026-05-17T01:12:16.370066-04:00,4
2026-05-17T03:45:39.951626-04:00,4
2026-05-17T05:24:33.882441-04:00,1
2026-05-17T06:51:03.112125-04:00,4
2026-05-17T08:00:07.256464-04:00,4
2026-05-17T09:52:41.571172-04:00,2
2026-05-17T10:57:31.841846-04:00,2
2026-05-17T12:02:49.032791-04:00,2
2026-05-17T13:10:59.676829-04:00,2
